book,chapter,verse,query,retry_applied,raw_hit_count_initial,raw_hit_count_final,has_result_initial,items_count_initial,organic_items_count_initial,has_result_final,items_count_final,organic_items_count_final,log10_raw_hit_count,z_log10_raw_hit_count,minmax_log10_raw_hit_count,fusion_score
Ezekiel,1,1,Ezekiel 1:1 bible,False,3010000,3010000,True,7,7,True,7,7,,,,
Ezekiel,1,2,Ezekiel 1:2 bible,False,4540000,4540000,True,7,7,True,7,7,,,,
Ezekiel,1,3,Ezekiel 1:3 bible,False,3670000,3670000,True,8,8,True,8,8,,,,
Ezekiel,1,4,Ezekiel 1:4 bible,False,3040000,3040000,True,8,8,True,8,8,,,,
Ezekiel,1,5,Ezekiel 1:5 bible,True,139,0,False,0,0,False,0,0,0.0,0.0,0.0,0.0
Ezekiel,1,6,Ezekiel 1:6 bible,False,2500000,2500000,False,0,0,False,0,0,0.0,0.0,0.0,0.0
Ezekiel,1,7,Ezekiel 1:7 bible,False,2320000,2320000,True,8,8,True,8,8,,,,
Ezekiel,1,8,Ezekiel 1:8 bible,False,2310000,2310000,False,0,0,False,0,0,0.0,0.0,0.0,0.0
Ezekiel,1,9,Ezekiel 1:9 bible,False,2120000,2120000,True,8,8,True,8,8,,,,
Ezekiel,1,10,Ezekiel 1:10 bible,False,1610000,1610000,True,8,8,True,8,8,,,,
Ezekiel,1,11,Ezekiel 1:11 bible,False,1440000,1440000,True,8,8,True,8,8,,,,
Ezekiel,1,12,Ezekiel 1:12 bible,False,1320000,1320000,True,8,8,True,8,8,,,,
Ezekiel,1,13,Ezekiel 1:13 bible,False,1200000,1200000,True,8,8,True,8,8,,,,
Ezekiel,1,14,Ezekiel 1:14 bible,False,1340000,1340000,False,0,0,False,0,0,0.0,0.0,0.0,0.0
Ezekiel,1,15,Ezekiel 1:15 bible,False,1140000,1140000,True,8,8,True,8,8,,,,
Ezekiel,1,16,Ezekiel 1:16 bible,False,1050000,1050000,True,8,8,True,8,8,,,,
Ezekiel,1,17,Ezekiel 1:17 bible,False,1040000,1040000,True,9,9,True,9,9,,,,
Ezekiel,1,18,Ezekiel 1:18 bible,False,1120000,1120000,True,8,8,True,8,8,,,,
Ezekiel,1,19,Ezekiel 1:19 bible,False,788000,788000,True,9,9,True,9,9,,,,
Ezekiel,1,20,Ezekiel 1:20 bible,False,938000,938000,True,8,8,True,8,8,,,,
Ezekiel,1,21,Ezekiel 1:21 bible,False,872000,872000,True,9,9,True,9,9,,,,
Ezekiel,1,22,Ezekiel 1:22 bible,False,684000,684000,True,9,9,True,9,9,,,,
Ezekiel,1,23,Ezekiel 1:23 bible,False,649000,649000,False,0,0,False,0,0,0.0,0.0,0.0,0.0
Ezekiel,1,24,Ezekiel 1:24 bible,False,590000,590000,True,9,9,True,9,9,,,,
Ezekiel,1,25,Ezekiel 1:25 bible,False,521000,521000,True,9,9,True,9,9,,,,
Ezekiel,1,26,Ezekiel 1:26 bible,False,736000,736000,False,0,0,False,0,0,0.0,0.0,0.0,0.0
Ezekiel,1,27,Ezekiel 1:27 bible,False,652000,652000,True,9,9,True,9,9,,,,
Ezekiel,1,28,Ezekiel 1:28 bible,False,610000,610000,False,0,0,False,0,0,0.0,0.0,0.0,0.0
Ezekiel,2,1,Ezekiel 2:1 bible,True,135,2410000,False,0,0,False,0,0,0.0,0.0,0.0,0.0
Ezekiel,2,2,Ezekiel 2:2 bible,False,1280000,1280000,False,0,0,False,0,0,0.0,0.0,0.0,0.0
Ezekiel,2,3,Ezekiel 2:3 bible,False,3500000,3500000,False,0,0,False,0,0,0.0,0.0,0.0,0.0
Ezekiel,2,4,Ezekiel 2:4 bible,False,1830000,1830000,True,8,8,True,8,8,,,,
Ezekiel,2,5,Ezekiel 2:5 bible,False,1250000,1250000,True,8,8,True,8,8,,,,
Ezekiel,2,6,Ezekiel 2:6 bible,False,1030000,1030000,False,0,0,False,0,0,0.0,0.0,0.0,0.0
Ezekiel,2,7,Ezekiel 2:7 bible,False,962000,962000,True,8,8,True,8,8,,,,
Ezekiel,2,8,Ezekiel 2:8 bible,False,1170000,1170000,True,9,9,True,9,9,,,,
Ezekiel,2,9,Ezekiel 2:9 bible,False,1170000,1170000,False,0,0,False,0,0,0.0,0.0,0.0,0.0
Ezekiel,2,10,Ezekiel 2:10 bible,True,138,1020000,False,0,0,False,0,0,0.0,0.0,0.0,0.0
Ezekiel,3,1,Ezekiel 3:1 bible,False,2310000,2310000,True,7,7,True,7,7,,,,
Ezekiel,3,2,Ezekiel 3:2 bible,False,1010000,1010000,True,8,8,True,8,8,,,,
Ezekiel,3,3,Ezekiel 3:3 bible,False,1090000,1090000,True,9,9,True,9,9,,,,
Ezekiel,3,4,Ezekiel 3:4 bible,False,3380000,3380000,False,0,0,False,0,0,0.0,0.0,0.0,0.0
Ezekiel,3,5,Ezekiel 3:5 bible,False,2350000,2350000,True,8,8,True,8,8,,,,
Ezekiel,3,6,Ezekiel 3:6 bible,False,1210000,1210000,False,0,0,False,0,0,0.0,0.0,0.0,0.0
Ezekiel,3,7,Ezekiel 3:7 bible,True,136,0,False,0,0,False,0,0,0.0,0.0,0.0,0.0
Ezekiel,3,8,Ezekiel 3:8 bible,False,1080000,1080000,False,0,0,False,0,0,0.0,0.0,0.0,0.0
Ezekiel,3,9,Ezekiel 3:9 bible,False,969000,969000,True,8,8,True,8,8,,,,
Ezekiel,3,10,Ezekiel 3:10 bible,False,989000,989000,False,0,0,False,0,0,0.0,0.0,0.0,0.0
Ezekiel,3,11,Ezekiel 3:11 bible,False,800000,800000,True,8,8,True,8,8,,,,
Ezekiel,3,12,Ezekiel 3:12 bible,False,793000,793000,True,8,8,True,8,8,,,,
Ezekiel,3,13,Ezekiel 3:13 bible,False,854000,854000,True,9,9,True,9,9,,,,
Ezekiel,3,14,Ezekiel 3:14 bible,False,841000,841000,False,0,0,False,0,0,0.0,0.0,0.0,0.0
Ezekiel,3,15,Ezekiel 3:15 bible,False,891000,891000,False,0,0,False,0,0,0.0,0.0,0.0,0.0
Ezekiel,3,16,Ezekiel 3:16 bible,False,2340000,2340000,True,9,9,True,9,9,,,,
Ezekiel,3,17,Ezekiel 3:17 bible,False,882000,882000,False,0,0,False,0,0,0.0,0.0,0.0,0.0
Ezekiel,3,18,Ezekiel 3:18 bible,False,766000,766000,True,9,9,True,9,9,,,,
Ezekiel,3,19,Ezekiel 3:19 bible,False,706000,706000,True,9,9,True,9,9,,,,
Ezekiel,3,20,Ezekiel 3:20 bible,False,727000,727000,True,9,9,True,9,9,,,,
Ezekiel,3,21,Ezekiel 3:21 bible,False,616000,616000,True,9,9,True,9,9,,,,
Ezekiel,3,22,Ezekiel 3:22 bible,True,138,654000,False,0,0,False,0,0,0.0,0.0,0.0,0.0
Ezekiel,3,23,Ezekiel 3:23 bible,False,673000,673000,True,9,9,True,9,9,,,,
Ezekiel,3,24,Ezekiel 3:24 bible,False,410000,410000,False,0,0,False,0,0,0.0,0.0,0.0,0.0
Ezekiel,3,25,Ezekiel 3:25 bible,False,389000,389000,True,8,8,True,8,8,,,,
Ezekiel,3,26,Ezekiel 3:26 bible,False,389000,389000,False,0,0,False,0,0,0.0,0.0,0.0,0.0
Ezekiel,3,27,Ezekiel 3:27 bible,False,388000,388000,True,9,9,True,9,9,,,,
Ezekiel,4,1,Ezekiel 4:1 bible,False,1620000,1620000,True,8,8,True,8,8,,,,
Ezekiel,4,2,Ezekiel 4:2 bible,False,915000,915000,True,9,9,True,9,9,,,,
Ezekiel,4,3,Ezekiel 4:3 bible,False,838000,838000,True,9,9,True,9,9,,,,
Ezekiel,4,4,Ezekiel 4:4 bible,False,1140000,1140000,True,8,8,True,8,8,,,,
Ezekiel,4,5,Ezekiel 4:5 bible,False,2890000,2890000,False,0,0,False,0,0,0.0,0.0,0.0,0.0
Ezekiel,4,6,Ezekiel 4:6 bible,True,130,2200000,False,0,0,False,0,0,0.0,0.0,0.0,0.0
Ezekiel,4,7,Ezekiel 4:7 bible,False,1370000,1370000,False,0,0,False,0,0,0.0,0.0,0.0,0.0
Ezekiel,4,8,Ezekiel 4:8 bible,False,1200000,1200000,True,9,9,True,9,9,,,,
Ezekiel,4,9,Ezekiel 4:9 bible,False,764000,764000,True,9,8,True,9,8,,,,
Ezekiel,4,10,Ezekiel 4:10 bible,False,796000,796000,True,9,9,True,9,9,,,,
Ezekiel,4,11,Ezekiel 4:11 bible,False,754000,754000,True,8,8,True,8,8,,,,
Ezekiel,4,12,Ezekiel 4:12 bible,False,878000,878000,True,8,8,True,8,8,,,,
Ezekiel,4,13,Ezekiel 4:13 bible,False,872000,872000,False,0,0,False,0,0,0.0,0.0,0.0,0.0
Ezekiel,4,14,Ezekiel 4:14 bible,False,685000,685000,True,9,9,True,9,9,,,,
Ezekiel,4,15,Ezekiel 4:15 bible,True,199,650000,False,0,0,False,0,0,0.0,0.0,0.0,0.0
Ezekiel,4,16,Ezekiel 4:16 bible,True,139,804000,False,0,0,False,0,0,0.0,0.0,0.0,0.0
Ezekiel,4,17,Ezekiel 4:17 bible,True,141,701000,False,0,0,False,0,0,0.0,0.0,0.0,0.0
Ezekiel,5,1,Ezekiel 5:1 bible,False,1350000,1350000,True,8,8,True,8,8,,,,
Ezekiel,5,2,Ezekiel 5:2 bible,False,770000,770000,False,0,0,False,0,0,0.0,0.0,0.0,0.0
Ezekiel,5,3,Ezekiel 5:3 bible,False,732000,732000,False,0,0,False,0,0,0.0,0.0,0.0,0.0
Ezekiel,5,4,Ezekiel 5:4 bible,False,669000,669000,True,8,8,True,8,8,,,,
Ezekiel,5,5,Ezekiel 5:5 bible,False,761000,761000,False,0,0,False,0,0,0.0,0.0,0.0,0.0
Ezekiel,5,6,Ezekiel 5:6 bible,False,3150000,3150000,True,8,8,True,8,8,,,,
Ezekiel,5,7,Ezekiel 5:7 bible,False,1350000,1350000,False,0,0,False,0,0,0.0,0.0,0.0,0.0
Ezekiel,5,8,Ezekiel 5:8 bible,False,1350000,1350000,True,8,8,True,8,8,,,,
Ezekiel,5,9,Ezekiel 5:9 bible,True,136,819000,False,0,0,False,0,0,0.0,0.0,0.0,0.0
Ezekiel,5,10,Ezekiel 5:10 bible,True,135,890000,False,0,0,False,0,0,0.0,0.0,0.0,0.0
Ezekiel,5,11,Ezekiel 5:11 bible,True,135,0,False,0,0,False,0,0,0.0,0.0,0.0,0.0
Ezekiel,5,12,Ezekiel 5:12 bible,False,794000,794000,False,0,0,False,0,0,0.0,0.0,0.0,0.0
Ezekiel,5,13,Ezekiel 5:13 bible,False,684000,684000,True,8,8,True,8,8,,,,
Ezekiel,5,14,Ezekiel 5:14 bible,False,1440000,1440000,True,8,8,True,8,8,,,,
Ezekiel,5,15,Ezekiel 5:15 bible,False,592000,592000,True,8,8,True,8,8,,,,
Ezekiel,5,16,Ezekiel 5:16 bible,False,806000,806000,True,8,8,True,8,8,,,,
Ezekiel,5,17,Ezekiel 5:17 bible,False,1020000,1020000,True,9,9,True,9,9,,,,
Ezekiel,6,1,Ezekiel 6:1 bible,False,1200000,1200000,True,8,8,True,8,8,,,,
Ezekiel,6,2,Ezekiel 6:2 bible,False,780000,780000,False,0,0,False,0,0,0.0,0.0,0.0,0.0
Ezekiel,6,3,Ezekiel 6:3 bible,False,676000,676000,True,9,9,True,9,9,,,,
Ezekiel,6,4,Ezekiel 6:4 bible,False,718000,718000,True,8,8,True,8,8,,,,
Ezekiel,6,5,Ezekiel 6:5 bible,False,1300000,1300000,False,0,0,False,0,0,0.0,0.0,0.0,0.0
Ezekiel,6,6,Ezekiel 6:6 bible,False,722000,722000,True,8,8,True,8,8,,,,
Ezekiel,6,7,Ezekiel 6:7 bible,False,2790000,2790000,True,8,8,True,8,8,,,,
Ezekiel,6,8,Ezekiel 6:8 bible,False,1350000,1350000,True,8,8,True,8,8,,,,
Ezekiel,6,9,Ezekiel 6:9 bible,False,1200000,1200000,True,8,8,True,8,8,,,,
Ezekiel,6,10,Ezekiel 6:10 bible,False,956000,956000,True,8,8,True,8,8,,,,
Ezekiel,6,11,Ezekiel 6:11 bible,False,735000,735000,True,8,8,True,8,8,,,,
Ezekiel,6,12,Ezekiel 6:12 bible,False,892000,892000,True,9,9,True,9,9,,,,
Ezekiel,6,13,Ezekiel 6:13 bible,False,614000,614000,True,8,8,True,8,8,,,,
Ezekiel,6,14,Ezekiel 6:14 bible,False,728000,728000,False,0,0,False,0,0,0.0,0.0,0.0,0.0
Ezekiel,7,1,Ezekiel 7:1 bible,False,914000,914000,True,8,8,True,8,8,,,,
Ezekiel,7,2,Ezekiel 7:2 bible,False,619000,619000,False,0,0,False,0,0,0.0,0.0,0.0,0.0
Ezekiel,7,3,Ezekiel 7:3 bible,False,446000,446000,False,0,0,False,0,0,0.0,0.0,0.0,0.0
Ezekiel,7,4,Ezekiel 7:4 bible,False,414000,414000,True,8,8,True,8,8,,,,
Ezekiel,7,5,Ezekiel 7:5 bible,False,405000,405000,True,8,8,True,8,8,,,,
Ezekiel,7,6,Ezekiel 7:6 bible,False,539000,539000,True,9,9,True,9,9,,,,
Ezekiel,7,7,Ezekiel 7:7 bible,False,645000,645000,True,8,8,True,8,8,,,,
Ezekiel,7,8,Ezekiel 7:8 bible,False,2360000,2360000,True,8,8,True,8,8,,,,
Ezekiel,7,9,Ezekiel 7:9 bible,False,1170000,1170000,False,0,0,False,0,0,0.0,0.0,0.0,0.0
Ezekiel,7,10,Ezekiel 7:10 bible,False,834000,834000,True,8,8,True,8,8,,,,
Ezekiel,7,11,Ezekiel 7:11 bible,False,701000,701000,False,0,0,False,0,0,0.0,0.0,0.0,0.0
Ezekiel,7,12,Ezekiel 7:12 bible,False,676000,676000,True,8,8,True,8,8,,,,
Ezekiel,7,13,Ezekiel 7:13 bible,True,133,0,False,0,0,False,0,0,0.0,0.0,0.0,0.0
Ezekiel,7,14,Ezekiel 7:14 bible,False,826000,826000,True,8,8,True,8,8,,,,
Ezekiel,7,15,Ezekiel 7:15 bible,False,606000,606000,False,0,0,False,0,0,0.0,0.0,0.0,0.0
Ezekiel,7,16,Ezekiel 7:16 bible,False,413000,413000,True,9,9,True,9,9,,,,
Ezekiel,7,17,Ezekiel 7:17 bible,True,136,396000,False,0,0,False,0,0,0.0,0.0,0.0,0.0
Ezekiel,7,18,Ezekiel 7:18 bible,False,396000,396000,True,9,9,True,9,9,,,,
Ezekiel,7,19,Ezekiel 7:19 bible,False,389000,389000,True,8,8,True,8,8,,,,
Ezekiel,7,20,Ezekiel 7:20 bible,False,389000,389000,True,9,9,True,9,9,,,,
Ezekiel,7,21,Ezekiel 7:21 bible,False,582000,582000,True,9,9,True,9,9,,,,
Ezekiel,7,22,Ezekiel 7:22 bible,False,394000,394000,True,9,9,True,9,9,,,,
Ezekiel,7,23,Ezekiel 7:23 bible,False,390000,390000,True,9,9,True,9,9,,,,
Ezekiel,7,24,Ezekiel 7:24 bible,False,398000,398000,False,0,0,False,0,0,0.0,0.0,0.0,0.0
Ezekiel,7,25,Ezekiel 7:25 bible,False,397000,397000,True,9,9,True,9,9,,,,
Ezekiel,7,26,Ezekiel 7:26 bible,False,386000,386000,False,0,0,False,0,0,0.0,0.0,0.0,0.0
Ezekiel,7,27,Ezekiel 7:27 bible,False,354000,354000,True,9,9,True,9,9,,,,
Ezekiel,8,1,Ezekiel 8:1 bible,False,950000,950000,True,8,8,True,8,8,,,,
Ezekiel,8,2,Ezekiel 8:2 bible,True,136,651000,False,0,0,False,0,0,0.0,0.0,0.0,0.0
Ezekiel,8,3,Ezekiel 8:3 bible,False,581000,581000,True,8,8,True,8,8,,,,
Ezekiel,8,4,Ezekiel 8:4 bible,False,496000,496000,True,8,8,True,8,8,,,,
Ezekiel,8,5,Ezekiel 8:5 bible,False,569000,569000,True,8,8,True,8,8,,,,
Ezekiel,8,6,Ezekiel 8:6 bible,False,567000,567000,True,8,8,True,8,8,,,,
Ezekiel,8,7,Ezekiel 8:7 bible,False,536000,536000,False,0,0,False,0,0,0.0,0.0,0.0,0.0
Ezekiel,8,8,Ezekiel 8:8 bible,False,530000,530000,True,8,8,True,8,8,,,,
Ezekiel,8,9,Ezekiel 8:9 bible,False,2470000,2470000,False,0,0,False,0,0,0.0,0.0,0.0,0.0
Ezekiel,8,10,Ezekiel 8:10 bible,False,1070000,1070000,False,0,0,False,0,0,0.0,0.0,0.0,0.0
Ezekiel,8,11,Ezekiel 8:11 bible,False,839000,839000,True,8,8,True,8,8,,,,
Ezekiel,8,12,Ezekiel 8:12 bible,False,748000,748000,False,0,0,False,0,0,0.0,0.0,0.0,0.0
Ezekiel,8,13,Ezekiel 8:13 bible,False,600000,600000,True,9,9,True,9,9,,,,
Ezekiel,8,14,Ezekiel 8:14 bible,False,630000,630000,False,0,0,False,0,0,0.0,0.0,0.0,0.0
Ezekiel,8,15,Ezekiel 8:15 bible,False,494000,494000,True,8,8,True,8,8,,,,
Ezekiel,8,16,Ezekiel 8:16 bible,True,139,533000,False,0,0,False,0,0,0.0,0.0,0.0,0.0
Ezekiel,8,17,Ezekiel 8:17 bible,False,491000,491000,True,9,9,True,9,9,,,,
Ezekiel,8,18,Ezekiel 8:18 bible,True,136,518000,False,0,0,False,0,0,0.0,0.0,0.0,0.0
Ezekiel,9,1,Ezekiel 9:1 bible,False,1200000,1200000,True,8,8,True,8,8,,,,
Ezekiel,9,2,Ezekiel 9:2 bible,False,719000,719000,True,8,8,True,8,8,,,,
Ezekiel,9,3,Ezekiel 9:3 bible,False,582000,582000,True,9,9,True,9,9,,,,
Ezekiel,9,4,Ezekiel 9:4 bible,False,623000,623000,True,9,9,True,9,9,,,,
Ezekiel,9,5,Ezekiel 9:5 bible,False,609000,609000,False,0,0,False,0,0,0.0,0.0,0.0,0.0
Ezekiel,9,6,Ezekiel 9:6 bible,False,704000,704000,True,8,8,True,8,8,,,,
Ezekiel,9,7,Ezekiel 9:7 bible,False,580000,580000,False,0,0,False,0,0,0.0,0.0,0.0,0.0
Ezekiel,9,8,Ezekiel 9:8 bible,False,570000,570000,True,8,8,True,8,8,,,,
Ezekiel,9,9,Ezekiel 9:9 bible,False,627000,627000,True,9,9,True,9,9,,,,
Ezekiel,9,10,Ezekiel 9:10 bible,False,2600000,2600000,False,0,0,False,0,0,0.0,0.0,0.0,0.0
Ezekiel,9,11,Ezekiel 9:11 bible,False,1260000,1260000,False,0,0,False,0,0,0.0,0.0,0.0,0.0
Ezekiel,10,1,Ezekiel 10:1 bible,False,907000,907000,False,0,0,False,0,0,0.0,0.0,0.0,0.0
Ezekiel,10,2,Ezekiel 10:2 bible,False,622000,622000,False,0,0,False,0,0,0.0,0.0,0.0,0.0
Ezekiel,10,3,Ezekiel 10:3 bible,False,540000,540000,True,9,9,True,9,9,,,,
Ezekiel,10,4,Ezekiel 10:4 bible,False,602000,602000,True,8,8,True,8,8,,,,
Ezekiel,10,5,Ezekiel 10:5 bible,False,560000,560000,True,8,8,True,8,8,,,,
Ezekiel,10,6,Ezekiel 10:6 bible,True,131,0,False,0,0,False,0,0,0.0,0.0,0.0,0.0
Ezekiel,10,7,Ezekiel 10:7 bible,False,411000,411000,True,9,9,True,9,9,,,,
Ezekiel,10,8,Ezekiel 10:8 bible,False,446000,446000,False,0,0,False,0,0,0.0,0.0,0.0,0.0
Ezekiel,10,9,Ezekiel 10:9 bible,False,681000,681000,True,8,8,True,8,8,,,,
Ezekiel,10,10,Ezekiel 10:10 bible,False,776000,776000,True,7,7,True,7,7,,,,
Ezekiel,10,11,Ezekiel 10:11 bible,False,2040000,2040000,True,7,7,True,7,7,,,,
Ezekiel,10,12,Ezekiel 10:12 bible,False,1130000,1130000,False,0,0,False,0,0,0.0,0.0,0.0,0.0
Ezekiel,10,13,Ezekiel 10:13 bible,False,853000,853000,True,9,9,True,9,9,,,,
Ezekiel,10,14,Ezekiel 10:14 bible,False,711000,711000,True,9,9,True,9,9,,,,
Ezekiel,10,15,Ezekiel 10:15 bible,False,598000,598000,True,9,9,True,9,9,,,,
Ezekiel,10,16,Ezekiel 10:16 bible,False,611000,611000,False,0,0,False,0,0,0.0,0.0,0.0,0.0
Ezekiel,10,17,Ezekiel 10:17 bible,False,669000,669000,True,9,9,True,9,9,,,,
Ezekiel,10,18,Ezekiel 10:18 bible,False,569000,569000,False,0,0,False,0,0,0.0,0.0,0.0,0.0
Ezekiel,10,19,Ezekiel 10:19 bible,False,593000,593000,True,9,9,True,9,9,,,,
Ezekiel,10,20,Ezekiel 10:20 bible,False,421000,421000,False,0,0,False,0,0,0.0,0.0,0.0,0.0
Ezekiel,10,21,Ezekiel 10:21 bible,True,138,0,False,0,0,False,0,0,0.0,0.0,0.0,0.0
Ezekiel,10,22,Ezekiel 10:22 bible,False,419000,419000,True,8,8,True,8,8,,,,
Ezekiel,11,1,Ezekiel 11:1 bible,False,1030000,1030000,True,8,8,True,8,8,,,,
Ezekiel,11,2,Ezekiel 11:2 bible,False,632000,632000,True,8,8,True,8,8,,,,
Ezekiel,11,3,Ezekiel 11:3 bible,False,588000,588000,True,9,9,True,9,9,,,,
Ezekiel,11,4,Ezekiel 11:4 bible,True,131,452000,False,0,0,False,0,0,0.0,0.0,0.0,0.0
Ezekiel,11,5,Ezekiel 11:5 bible,False,406000,406000,True,8,8,True,8,8,,,,
Ezekiel,11,6,Ezekiel 11:6 bible,False,1140000,1140000,True,8,8,True,8,8,,,,
Ezekiel,11,7,Ezekiel 11:7 bible,False,393000,393000,True,8,8,True,8,8,,,,
Ezekiel,11,8,Ezekiel 11:8 bible,False,389000,389000,True,8,8,True,8,8,,,,
Ezekiel,11,9,Ezekiel 11:9 bible,False,735000,735000,False,0,0,False,0,0,0.0,0.0,0.0,0.0
Ezekiel,11,10,Ezekiel 11:10 bible,True,127,392000,False,0,0,False,0,0,0.0,0.0,0.0,0.0
Ezekiel,11,11,Ezekiel 11:11 bible,True,132,487000,False,0,0,False,0,0,0.0,0.0,0.0,0.0
Ezekiel,11,12,Ezekiel 11:12 bible,False,2000000,2000000,True,8,8,True,8,8,,,,
Ezekiel,11,13,Ezekiel 11:13 bible,False,891000,891000,True,8,8,True,8,8,,,,
Ezekiel,11,14,Ezekiel 11:14 bible,False,766000,766000,False,0,0,False,0,0,0.0,0.0,0.0,0.0
Ezekiel,11,15,Ezekiel 11:15 bible,True,117,674000,False,0,0,False,0,0,0.0,0.0,0.0,0.0
Ezekiel,11,16,Ezekiel 11:16 bible,False,591000,591000,True,8,8,True,8,8,,,,
Ezekiel,11,17,Ezekiel 11:17 bible,False,495000,495000,True,8,8,True,8,8,,,,
Ezekiel,11,18,Ezekiel 11:18 bible,False,427000,427000,True,8,8,True,8,8,,,,
Ezekiel,11,19,Ezekiel 11:19 bible,False,458000,458000,True,8,8,True,8,8,,,,
Ezekiel,11,20,Ezekiel 11:20 bible,False,700000,700000,False,0,0,False,0,0,0.0,0.0,0.0,0.0
Ezekiel,11,21,Ezekiel 11:21 bible,False,391000,391000,False,0,0,False,0,0,0.0,0.0,0.0,0.0
Ezekiel,11,22,Ezekiel 11:22 bible,False,391000,391000,False,0,0,False,0,0,0.0,0.0,0.0,0.0
Ezekiel,11,23,Ezekiel 11:23 bible,False,415000,415000,True,9,9,True,9,9,,,,
Ezekiel,11,24,Ezekiel 11:24 bible,False,468000,468000,True,9,9,True,9,9,,,,
Ezekiel,11,25,Ezekiel 11:25 bible,False,1070000,1070000,True,8,8,True,8,8,,,,
Ezekiel,12,1,Ezekiel 12:1 bible,False,1300000,1300000,True,8,8,True,8,8,,,,
Ezekiel,12,2,Ezekiel 12:2 bible,False,976000,976000,True,8,8,True,8,8,,,,
Ezekiel,12,3,Ezekiel 12:3 bible,False,654000,654000,True,9,9,True,9,9,,,,
Ezekiel,12,4,Ezekiel 12:4 bible,False,571000,571000,True,8,8,True,8,8,,,,
Ezekiel,12,5,Ezekiel 12:5 bible,True,126,422000,False,0,0,False,0,0,0.0,0.0,0.0,0.0
Ezekiel,12,6,Ezekiel 12:6 bible,False,498000,498000,False,0,0,False,0,0,0.0,0.0,0.0,0.0
Ezekiel,12,7,Ezekiel 12:7 bible,False,621000,621000,True,9,9,True,9,9,,,,
Ezekiel,12,8,Ezekiel 12:8 bible,False,394000,394000,True,8,8,True,8,8,,,,
Ezekiel,12,9,Ezekiel 12:9 bible,False,650000,650000,False,0,0,False,0,0,0.0,0.0,0.0,0.0
Ezekiel,12,10,Ezekiel 12:10 bible,True,130,633000,False,0,0,False,0,0,0.0,0.0,0.0,0.0
Ezekiel,12,11,Ezekiel 12:11 bible,False,611000,611000,False,0,0,False,0,0,0.0,0.0,0.0,0.0
Ezekiel,12,12,Ezekiel 12:12 bible,False,614000,614000,False,0,0,False,0,0,0.0,0.0,0.0,0.0
Ezekiel,12,13,Ezekiel 12:13 bible,False,1910000,1910000,True,8,8,True,8,8,,,,
Ezekiel,12,14,Ezekiel 12:14 bible,False,1020000,1020000,True,8,8,True,8,8,,,,
Ezekiel,12,15,Ezekiel 12:15 bible,False,765000,765000,False,0,0,False,0,0,0.0,0.0,0.0,0.0
Ezekiel,12,16,Ezekiel 12:16 bible,False,593000,593000,True,8,8,True,8,8,,,,
Ezekiel,12,17,Ezekiel 12:17 bible,False,1120000,1120000,False,0,0,False,0,0,0.0,0.0,0.0,0.0
Ezekiel,12,18,Ezekiel 12:18 bible,False,784000,784000,True,8,8,True,8,8,,,,
Ezekiel,12,19,Ezekiel 12:19 bible,False,407000,407000,True,9,9,True,9,9,,,,
Ezekiel,12,20,Ezekiel 12:20 bible,False,739000,739000,False,0,0,False,0,0,0.0,0.0,0.0,0.0
Ezekiel,12,21,Ezekiel 12:21 bible,False,390000,390000,True,8,8,True,8,8,,,,
Ezekiel,12,22,Ezekiel 12:22 bible,False,399000,399000,True,9,9,True,9,9,,,,
Ezekiel,12,23,Ezekiel 12:23 bible,False,388000,388000,True,8,8,True,8,8,,,,
Ezekiel,12,24,Ezekiel 12:24 bible,False,394000,394000,False,0,0,False,0,0,0.0,0.0,0.0,0.0
Ezekiel,12,25,Ezekiel 12:25 bible,False,387000,387000,True,8,8,True,8,8,,,,
Ezekiel,12,26,Ezekiel 12:26 bible,False,552000,552000,True,9,9,True,9,9,,,,
Ezekiel,12,27,Ezekiel 12:27 bible,False,387000,387000,False,0,0,False,0,0,0.0,0.0,0.0,0.0
Ezekiel,12,28,Ezekiel 12:28 bible,False,391000,391000,True,7,7,True,7,7,,,,
Ezekiel,13,1,Ezekiel 13:1 bible,False,858000,858000,False,0,0,False,0,0,0.0,0.0,0.0,0.0
Ezekiel,13,2,Ezekiel 13:2 bible,False,601000,601000,True,8,8,True,8,8,,,,
Ezekiel,13,3,Ezekiel 13:3 bible,False,542000,542000,True,8,8,True,8,8,,,,
Ezekiel,13,4,Ezekiel 13:4 bible,False,590000,590000,False,0,0,False,0,0,0.0,0.0,0.0,0.0
Ezekiel,13,5,Ezekiel 13:5 bible,False,608000,608000,True,9,9,True,9,9,,,,
Ezekiel,13,6,Ezekiel 13:6 bible,False,391000,391000,True,9,9,True,9,9,,,,
Ezekiel,13,7,Ezekiel 13:7 bible,False,392000,392000,True,8,8,True,8,8,,,,
Ezekiel,13,8,Ezekiel 13:8 bible,False,613000,613000,True,8,8,True,8,8,,,,
Ezekiel,13,9,Ezekiel 13:9 bible,False,390000,390000,True,9,9,True,9,9,,,,
Ezekiel,13,10,Ezekiel 13:10 bible,False,399000,399000,True,8,8,True,8,8,,,,
Ezekiel,13,11,Ezekiel 13:11 bible,False,419000,419000,True,8,8,True,8,8,,,,
Ezekiel,13,12,Ezekiel 13:12 bible,False,397000,397000,False,0,0,False,0,0,0.0,0.0,0.0,0.0
Ezekiel,13,13,Ezekiel 13:13 bible,False,432000,432000,True,8,8,True,8,8,,,,
Ezekiel,13,14,Ezekiel 13:14 bible,False,2390000,2390000,False,0,0,False,0,0,0.0,0.0,0.0,0.0
Ezekiel,13,15,Ezekiel 13:15 bible,False,868000,868000,True,9,9,True,9,9,,,,
Ezekiel,13,16,Ezekiel 13:16 bible,False,709000,709000,False,0,0,False,0,0,0.0,0.0,0.0,0.0
Ezekiel,13,17,Ezekiel 13:17 bible,False,624000,624000,True,8,8,True,8,8,,,,
Ezekiel,13,18,Ezekiel 13:18 bible,False,564000,564000,True,8,8,True,8,8,,,,
Ezekiel,13,19,Ezekiel 13:19 bible,False,390000,390000,True,9,9,True,9,9,,,,
Ezekiel,13,20,Ezekiel 13:20 bible,False,416000,416000,False,0,0,False,0,0,0.0,0.0,0.0,0.0
Ezekiel,13,21,Ezekiel 13:21 bible,False,391000,391000,True,8,8,True,8,8,,,,
Ezekiel,13,22,Ezekiel 13:22 bible,False,389000,389000,False,0,0,False,0,0,0.0,0.0,0.0,0.0
Ezekiel,13,23,Ezekiel 13:23 bible,False,386000,386000,False,0,0,False,0,0,0.0,0.0,0.0,0.0
Ezekiel,14,1,Ezekiel 14:1 bible,True,140,829000,False,0,0,False,0,0,0.0,0.0,0.0,0.0
Ezekiel,14,2,Ezekiel 14:2 bible,False,609000,609000,False,0,0,False,0,0,0.0,0.0,0.0,0.0
Ezekiel,14,3,Ezekiel 14:3 bible,True,134,410000,False,0,0,False,0,0,0.0,0.0,0.0,0.0
Ezekiel,14,4,Ezekiel 14:4 bible,False,397000,397000,False,0,0,False,0,0,0.0,0.0,0.0,0.0
Ezekiel,14,5,Ezekiel 14:5 bible,False,387000,387000,True,8,8,True,8,8,,,,
Ezekiel,14,6,Ezekiel 14:6 bible,False,724000,724000,True,9,9,True,9,9,,,,
Ezekiel,14,7,Ezekiel 14:7 bible,True,137,0,False,0,0,False,0,0,0.0,0.0,0.0,0.0
Ezekiel,14,8,Ezekiel 14:8 bible,False,389000,389000,True,9,9,True,9,9,,,,
Ezekiel,14,9,Ezekiel 14:9 bible,False,406000,406000,True,8,8,True,8,8,,,,
Ezekiel,14,10,Ezekiel 14:10 bible,False,390000,390000,True,8,8,True,8,8,,,,
Ezekiel,14,11,Ezekiel 14:11 bible,False,389000,389000,True,8,8,True,8,8,,,,
Ezekiel,14,12,Ezekiel 14:12 bible,False,661000,661000,False,0,0,False,0,0,0.0,0.0,0.0,0.0
Ezekiel,14,13,Ezekiel 14:13 bible,False,557000,557000,True,9,9,True,9,9,,,,
Ezekiel,14,14,Ezekiel 14:14 bible,False,592000,592000,True,8,8,True,8,8,,,,
Ezekiel,14,15,Ezekiel 14:15 bible,False,1940000,1940000,False,0,0,False,0,0,0.0,0.0,0.0,0.0
Ezekiel,14,16,Ezekiel 14:16 bible,False,928000,928000,False,0,0,False,0,0,0.0,0.0,0.0,0.0
Ezekiel,14,17,Ezekiel 14:17 bible,False,673000,673000,True,8,8,True,8,8,,,,
Ezekiel,14,18,Ezekiel 14:18 bible,False,1050000,1050000,True,8,8,True,8,8,,,,
Ezekiel,14,19,Ezekiel 14:19 bible,False,402000,402000,True,9,9,True,9,9,,,,
Ezekiel,14,20,Ezekiel 14:20 bible,False,393000,393000,True,9,9,True,9,9,,,,
Ezekiel,14,21,Ezekiel 14:21 bible,False,514000,514000,True,9,9,True,9,9,,,,
Ezekiel,14,22,Ezekiel 14:22 bible,False,393000,393000,True,9,9,True,9,9,,,,
Ezekiel,14,23,Ezekiel 14:23 bible,False,405000,405000,True,8,8,True,8,8,,,,
Ezekiel,15,1,Ezekiel 15:1 bible,False,818000,818000,True,8,8,True,8,8,,,,
Ezekiel,15,2,Ezekiel 15:2 bible,False,545000,545000,False,0,0,False,0,0,0.0,0.0,0.0,0.0
Ezekiel,15,3,Ezekiel 15:3 bible,False,579000,579000,True,8,8,True,8,8,,,,
Ezekiel,15,4,Ezekiel 15:4 bible,False,467000,467000,False,0,0,False,0,0,0.0,0.0,0.0,0.0
Ezekiel,15,5,Ezekiel 15:5 bible,False,445000,445000,False,0,0,False,0,0,0.0,0.0,0.0,0.0
Ezekiel,15,6,Ezekiel 15:6 bible,False,390000,390000,True,8,8,True,8,8,,,,
Ezekiel,15,7,Ezekiel 15:7 bible,False,404000,404000,True,8,8,True,8,8,,,,
Ezekiel,15,8,Ezekiel 15:8 bible,False,714000,714000,True,8,8,True,8,8,,,,
Ezekiel,16,1,Ezekiel 16:1 bible,True,135,0,False,0,0,False,0,0,0.0,0.0,0.0,0.0
Ezekiel,16,2,Ezekiel 16:2 bible,False,477000,477000,False,0,0,False,0,0,0.0,0.0,0.0,0.0
Ezekiel,16,3,Ezekiel 16:3 bible,False,397000,397000,False,0,0,False,0,0,0.0,0.0,0.0,0.0
Ezekiel,16,4,Ezekiel 16:4 bible,False,389000,389000,True,9,9,True,9,9,,,,
Ezekiel,16,5,Ezekiel 16:5 bible,False,388000,388000,True,9,9,True,9,9,,,,
Ezekiel,16,6,Ezekiel 16:6 bible,False,389000,389000,False,0,0,False,0,0,0.0,0.0,0.0,0.0
Ezekiel,16,7,Ezekiel 16:7 bible,False,451000,451000,True,9,9,True,9,9,,,,
Ezekiel,16,8,Ezekiel 16:8 bible,False,393000,393000,False,0,0,False,0,0,0.0,0.0,0.0,0.0
Ezekiel,16,9,Ezekiel 16:9 bible,False,408000,408000,True,9,9,True,9,9,,,,
Ezekiel,16,10,Ezekiel 16:10 bible,False,389000,389000,True,9,9,True,9,9,,,,
Ezekiel,16,11,Ezekiel 16:11 bible,False,395000,395000,False,0,0,False,0,0,0.0,0.0,0.0,0.0
Ezekiel,16,12,Ezekiel 16:12 bible,False,387000,387000,False,0,0,False,0,0,0.0,0.0,0.0,0.0
Ezekiel,16,13,Ezekiel 16:13 bible,False,614000,614000,True,9,9,True,9,9,,,,
Ezekiel,16,14,Ezekiel 16:14 bible,False,397000,397000,True,9,9,True,9,9,,,,
Ezekiel,16,15,Ezekiel 16:15 bible,True,144,603000,False,0,0,False,0,0,0.0,0.0,0.0,0.0
Ezekiel,16,16,Ezekiel 16:16 bible,False,582000,582000,True,9,9,True,9,9,,,,
Ezekiel,16,17,Ezekiel 16:17 bible,False,2190000,2190000,True,8,8,True,8,8,,,,
Ezekiel,16,18,Ezekiel 16:18 bible,False,999000,999000,False,0,0,False,0,0,0.0,0.0,0.0,0.0
Ezekiel,16,19,Ezekiel 16:19 bible,False,1240000,1240000,True,8,8,True,8,8,,,,
Ezekiel,16,20,Ezekiel 16:20 bible,False,596000,596000,False,0,0,False,0,0,0.0,0.0,0.0,0.0
Ezekiel,16,21,Ezekiel 16:21 bible,False,426000,426000,True,9,9,True,9,9,,,,
Ezekiel,16,22,Ezekiel 16:22 bible,False,393000,393000,True,9,9,True,9,9,,,,
Ezekiel,16,23,Ezekiel 16:23 bible,False,396000,396000,True,8,8,True,8,8,,,,
Ezekiel,16,24,Ezekiel 16:24 bible,False,396000,396000,True,9,9,True,9,9,,,,
Ezekiel,16,25,Ezekiel 16:25 bible,False,397000,397000,False,0,0,False,0,0,0.0,0.0,0.0,0.0
Ezekiel,16,26,Ezekiel 16:26 bible,False,388000,388000,True,9,9,True,9,9,,,,
Ezekiel,16,27,Ezekiel 16:27 bible,False,387000,387000,True,9,9,True,9,9,,,,
Ezekiel,16,28,Ezekiel 16:28 bible,False,339000,339000,True,9,9,True,9,9,,,,
Ezekiel,16,29,Ezekiel 16:29 bible,False,251000,251000,True,9,9,True,9,9,,,,
Ezekiel,16,30,Ezekiel 16:30 bible,False,386000,386000,True,9,9,True,9,9,,,,
Ezekiel,16,31,Ezekiel 16:31 bible,False,388000,388000,False,0,0,False,0,0,0.0,0.0,0.0,0.0
Ezekiel,16,32,Ezekiel 16:32 bible,False,203000,203000,True,9,9,True,9,9,,,,
Ezekiel,16,33,Ezekiel 16:33 bible,False,391000,391000,True,9,9,True,9,9,,,,
Ezekiel,16,34,Ezekiel 16:34 bible,False,211000,211000,False,0,0,False,0,0,0.0,0.0,0.0,0.0
Ezekiel,16,35,Ezekiel 16:35 bible,False,121000,121000,True,8,8,True,8,8,,,,
Ezekiel,16,36,Ezekiel 16:36 bible,False,110000,110000,True,9,9,True,9,9,,,,
Ezekiel,16,37,Ezekiel 16:37 bible,False,52900,52900,False,0,0,False,0,0,0.0,0.0,0.0,0.0
Ezekiel,16,38,Ezekiel 16:38 bible,False,47100,47100,True,9,9,True,9,9,,,,
Ezekiel,16,39,Ezekiel 16:39 bible,False,41000,41000,True,9,9,True,9,9,,,,
Ezekiel,16,40,Ezekiel 16:40 bible,False,74000,74000,False,0,0,False,0,0,0.0,0.0,0.0,0.0
Ezekiel,16,41,Ezekiel 16:41 bible,True,136,55000,False,0,0,False,0,0,0.0,0.0,0.0,0.0
Ezekiel,16,42,Ezekiel 16:42 bible,False,47100,47100,False,0,0,False,0,0,0.0,0.0,0.0,0.0
Ezekiel,16,43,Ezekiel 16:43 bible,True,68,35800,False,0,0,False,0,0,0.0,0.0,0.0,0.0
Ezekiel,16,44,Ezekiel 16:44 bible,False,51100,51100,True,9,9,True,9,9,,,,
Ezekiel,16,45,Ezekiel 16:45 bible,False,33700,33700,True,9,9,True,9,9,,,,
Ezekiel,16,46,Ezekiel 16:46 bible,False,37400,37400,False,0,0,False,0,0,0.0,0.0,0.0,0.0
Ezekiel,16,47,Ezekiel 16:47 bible,False,30800,30800,True,9,9,True,9,9,,,,
Ezekiel,16,48,Ezekiel 16:48 bible,False,34000,34000,True,9,9,True,9,9,,,,
Ezekiel,16,49,Ezekiel 16:49 bible,False,106000,106000,True,8,8,True,8,8,,,,
Ezekiel,16,50,Ezekiel 16:50 bible,True,140,29500,False,0,0,False,0,0,0.0,0.0,0.0,0.0
Ezekiel,16,51,Ezekiel 16:51 bible,False,17800,17800,True,8,8,True,8,8,,,,
Ezekiel,16,52,Ezekiel 16:52 bible,False,19200,19200,False,0,0,False,0,0,0.0,0.0,0.0,0.0
Ezekiel,16,53,Ezekiel 16:53 bible,False,20600,20600,True,8,8,True,8,8,,,,
Ezekiel,16,54,Ezekiel 16:54 bible,False,24200,24200,True,8,8,True,8,8,,,,
Ezekiel,16,55,Ezekiel 16:55 bible,False,18600,18600,True,9,9,True,9,9,,,,
Ezekiel,16,56,Ezekiel 16:56 bible,False,12600,12600,True,9,9,True,9,9,,,,
Ezekiel,16,57,Ezekiel 16:57 bible,False,16900,16900,False,0,0,False,0,0,0.0,0.0,0.0,0.0
Ezekiel,16,58,Ezekiel 16:58 bible,False,26800,26800,False,0,0,False,0,0,0.0,0.0,0.0,0.0
Ezekiel,16,59,Ezekiel 16:59 bible,False,26900,26900,False,0,0,False,0,0,0.0,0.0,0.0,0.0
Ezekiel,16,60,Ezekiel 16:60 bible,False,33400,33400,True,8,8,True,8,8,,,,
Ezekiel,16,61,Ezekiel 16:61 bible,False,24500,24500,True,9,9,True,9,9,,,,
Ezekiel,16,62,Ezekiel 16:62 bible,False,15400,15400,True,9,9,True,9,9,,,,
Ezekiel,16,63,Ezekiel 16:63 bible,False,20500,20500,True,8,8,True,8,8,,,,
Ezekiel,17,1,Ezekiel 17:1 bible,False,689000,689000,True,8,8,True,8,8,,,,
Ezekiel,17,2,Ezekiel 17:2 bible,True,127,0,False,0,0,False,0,0,0.0,0.0,0.0,0.0
Ezekiel,17,3,Ezekiel 17:3 bible,False,546000,546000,True,9,9,True,9,9,,,,
Ezekiel,17,4,Ezekiel 17:4 bible,False,389000,389000,True,9,9,True,9,9,,,,
Ezekiel,17,5,Ezekiel 17:5 bible,False,407000,407000,True,9,9,True,9,9,,,,
Ezekiel,17,6,Ezekiel 17:6 bible,False,389000,389000,False,0,0,False,0,0,0.0,0.0,0.0,0.0
Ezekiel,17,7,Ezekiel 17:7 bible,True,134,389000,False,0,0,False,0,0,0.0,0.0,0.0,0.0
Ezekiel,17,8,Ezekiel 17:8 bible,False,388000,388000,False,0,0,False,0,0,0.0,0.0,0.0,0.0
Ezekiel,17,9,Ezekiel 17:9 bible,False,392000,392000,False,0,0,False,0,0,0.0,0.0,0.0,0.0
Ezekiel,17,10,Ezekiel 17:10 bible,False,388000,388000,False,0,0,False,0,0,0.0,0.0,0.0,0.0
Ezekiel,17,11,Ezekiel 17:11 bible,False,773000,773000,True,8,8,True,8,8,,,,
Ezekiel,17,12,Ezekiel 17:12 bible,True,129,387000,False,0,0,False,0,0,0.0,0.0,0.0,0.0
Ezekiel,17,13,Ezekiel 17:13 bible,False,383000,383000,True,8,8,True,8,8,,,,
Ezekiel,17,14,Ezekiel 17:14 bible,False,392000,392000,False,0,0,False,0,0,0.0,0.0,0.0,0.0
Ezekiel,17,15,Ezekiel 17:15 bible,False,662000,662000,True,8,8,True,8,8,,,,
Ezekiel,17,16,Ezekiel 17:16 bible,False,388000,388000,True,8,8,True,8,8,,,,
Ezekiel,17,17,Ezekiel 17:17 bible,False,465000,465000,True,8,8,True,8,8,,,,
Ezekiel,17,18,Ezekiel 17:18 bible,False,1330000,1330000,True,8,8,True,8,8,,,,
Ezekiel,17,19,Ezekiel 17:19 bible,False,681000,681000,True,8,8,True,8,8,,,,
Ezekiel,17,20,Ezekiel 17:20 bible,True,134,0,False,0,0,False,0,0,0.0,0.0,0.0,0.0
Ezekiel,17,21,Ezekiel 17:21 bible,False,606000,606000,True,8,8,True,8,8,,,,
Ezekiel,17,22,Ezekiel 17:22 bible,False,394000,394000,True,8,8,True,8,8,,,,
Ezekiel,17,23,Ezekiel 17:23 bible,False,387000,387000,True,9,9,True,9,9,,,,
Ezekiel,17,24,Ezekiel 17:24 bible,False,389000,389000,False,0,0,False,0,0,0.0,0.0,0.0,0.0
Ezekiel,18,1,Ezekiel 18:1 bible,False,685000,685000,True,8,8,True,8,8,,,,
Ezekiel,18,2,Ezekiel 18:2 bible,False,474000,474000,False,0,0,False,0,0,0.0,0.0,0.0,0.0
Ezekiel,18,3,Ezekiel 18:3 bible,True,134,0,False,0,0,False,0,0,0.0,0.0,0.0,0.0
Ezekiel,18,4,Ezekiel 18:4 bible,False,455000,455000,True,7,7,True,7,7,,,,
Ezekiel,18,5,Ezekiel 18:5 bible,False,386000,386000,False,0,0,False,0,0,0.0,0.0,0.0,0.0
Ezekiel,18,6,Ezekiel 18:6 bible,False,387000,387000,True,9,9,True,9,9,,,,
Ezekiel,18,7,Ezekiel 18:7 bible,False,386000,386000,False,0,0,False,0,0,0.0,0.0,0.0,0.0
Ezekiel,18,8,Ezekiel 18:8 bible,False,387000,387000,True,9,9,True,9,9,,,,
Ezekiel,18,9,Ezekiel 18:9 bible,False,388000,388000,False,0,0,False,0,0,0.0,0.0,0.0,0.0
Ezekiel,18,10,Ezekiel 18:10 bible,False,735000,735000,True,8,8,True,8,8,,,,
Ezekiel,18,11,Ezekiel 18:11 bible,False,540000,540000,True,8,8,True,8,8,,,,
Ezekiel,18,12,Ezekiel 18:12 bible,False,372000,372000,True,8,8,True,8,8,,,,
Ezekiel,18,13,Ezekiel 18:13 bible,False,386000,386000,True,9,9,True,9,9,,,,
Ezekiel,18,14,Ezekiel 18:14 bible,False,386000,386000,False,0,0,False,0,0,0.0,0.0,0.0,0.0
Ezekiel,18,15,Ezekiel 18:15 bible,False,388000,388000,True,8,8,True,8,8,,,,
Ezekiel,18,16,Ezekiel 18:16 bible,False,386000,386000,True,8,8,True,8,8,,,,
Ezekiel,18,17,Ezekiel 18:17 bible,False,387000,387000,False,0,0,False,0,0,0.0,0.0,0.0,0.0
Ezekiel,18,18,Ezekiel 18:18 bible,False,397000,397000,True,7,7,True,7,7,,,,
Ezekiel,18,19,Ezekiel 18:19 bible,False,1430000,1430000,True,8,8,True,8,8,,,,
Ezekiel,18,20,Ezekiel 18:20 bible,False,1040000,1040000,True,7,7,True,7,7,,,,
Ezekiel,18,21,Ezekiel 18:21 bible,False,687000,687000,True,8,8,True,8,8,,,,
Ezekiel,18,22,Ezekiel 18:22 bible,False,533000,533000,True,8,8,True,8,8,,,,
Ezekiel,18,23,Ezekiel 18:23 bible,False,399000,399000,True,8,8,True,8,8,,,,
Ezekiel,18,24,Ezekiel 18:24 bible,False,389000,389000,True,9,9,True,9,9,,,,
Ezekiel,18,25,Ezekiel 18:25 bible,False,389000,389000,True,8,8,True,8,8,,,,
Ezekiel,18,26,Ezekiel 18:26 bible,False,322000,322000,False,0,0,False,0,0,0.0,0.0,0.0,0.0
Ezekiel,18,27,Ezekiel 18:27 bible,False,386000,386000,False,0,0,False,0,0,0.0,0.0,0.0,0.0
Ezekiel,18,28,Ezekiel 18:28 bible,False,299000,299000,True,8,8,True,8,8,,,,
Ezekiel,18,29,Ezekiel 18:29 bible,False,325000,325000,True,8,8,True,8,8,,,,
Ezekiel,18,30,Ezekiel 18:30 bible,False,386000,386000,True,8,8,True,8,8,,,,
Ezekiel,18,31,Ezekiel 18:31 bible,False,305000,305000,False,0,0,False,0,0,0.0,0.0,0.0,0.0
Ezekiel,18,32,Ezekiel 18:32 bible,False,350000,350000,True,8,8,True,8,8,,,,
Ezekiel,19,1,Ezekiel 19:1 bible,False,653000,653000,True,8,8,True,8,8,,,,
Ezekiel,19,2,Ezekiel 19:2 bible,False,408000,408000,True,9,9,True,9,9,,,,
Ezekiel,19,3,Ezekiel 19:3 bible,False,387000,387000,False,0,0,False,0,0,0.0,0.0,0.0,0.0
Ezekiel,19,4,Ezekiel 19:4 bible,False,625000,625000,True,8,8,True,8,8,,,,
Ezekiel,19,5,Ezekiel 19:5 bible,False,658000,658000,False,0,0,False,0,0,0.0,0.0,0.0,0.0
Ezekiel,19,6,Ezekiel 19:6 bible,False,364000,364000,True,8,8,True,8,8,,,,
Ezekiel,19,7,Ezekiel 19:7 bible,False,635000,635000,False,0,0,False,0,0,0.0,0.0,0.0,0.0
Ezekiel,19,8,Ezekiel 19:8 bible,False,387000,387000,False,0,0,False,0,0,0.0,0.0,0.0,0.0
Ezekiel,19,9,Ezekiel 19:9 bible,False,387000,387000,True,8,8,True,8,8,,,,
Ezekiel,19,10,Ezekiel 19:10 bible,False,401000,401000,False,0,0,False,0,0,0.0,0.0,0.0,0.0
Ezekiel,19,11,Ezekiel 19:11 bible,True,133,825000,False,0,0,False,0,0,0.0,0.0,0.0,0.0
Ezekiel,19,12,Ezekiel 19:12 bible,False,387000,387000,False,0,0,False,0,0,0.0,0.0,0.0,0.0
Ezekiel,19,13,Ezekiel 19:13 bible,False,387000,387000,True,8,8,True,8,8,,,,
Ezekiel,19,14,Ezekiel 19:14 bible,False,659000,659000,True,8,8,True,8,8,,,,
Ezekiel,20,1,Ezekiel 20:1 bible,False,675000,675000,True,8,8,True,8,8,,,,
Ezekiel,20,2,Ezekiel 20:2 bible,False,836000,836000,False,0,0,False,0,0,0.0,0.0,0.0,0.0
Ezekiel,20,3,Ezekiel 20:3 bible,False,394000,394000,False,0,0,False,0,0,0.0,0.0,0.0,0.0
Ezekiel,20,4,Ezekiel 20:4 bible,False,408000,408000,True,9,8,True,9,8,,,,
Ezekiel,20,5,Ezekiel 20:5 bible,False,388000,388000,True,8,8,True,8,8,,,,
Ezekiel,20,6,Ezekiel 20:6 bible,False,389000,389000,True,9,9,True,9,9,,,,
Ezekiel,20,7,Ezekiel 20:7 bible,True,135,0,False,0,0,False,0,0,0.0,0.0,0.0,0.0
Ezekiel,20,8,Ezekiel 20:8 bible,False,388000,388000,True,8,8,True,8,8,,,,
Ezekiel,20,9,Ezekiel 20:9 bible,False,387000,387000,True,9,9,True,9,9,,,,
Ezekiel,20,10,Ezekiel 20:10 bible,True,138,0,False,0,0,False,0,0,0.0,0.0,0.0,0.0
Ezekiel,20,11,Ezekiel 20:11 bible,False,391000,391000,False,0,0,False,0,0,0.0,0.0,0.0,0.0
Ezekiel,20,12,Ezekiel 20:12 bible,False,393000,393000,True,9,9,True,9,9,,,,
Ezekiel,20,13,Ezekiel 20:13 bible,True,137,0,False,0,0,False,0,0,0.0,0.0,0.0,0.0
Ezekiel,20,14,Ezekiel 20:14 bible,False,387000,387000,True,8,8,True,8,8,,,,
Ezekiel,20,15,Ezekiel 20:15 bible,False,388000,388000,False,0,0,False,0,0,0.0,0.0,0.0,0.0
Ezekiel,20,16,Ezekiel 20:16 bible,False,362000,362000,True,8,8,True,8,8,,,,
Ezekiel,20,17,Ezekiel 20:17 bible,False,573000,573000,True,8,8,True,8,8,,,,
Ezekiel,20,18,Ezekiel 20:18 bible,False,353000,353000,False,0,0,False,0,0,0.0,0.0,0.0,0.0
Ezekiel,20,19,Ezekiel 20:19 bible,True,131,387000,False,0,0,False,0,0,0.0,0.0,0.0,0.0
Ezekiel,20,20,Ezekiel 20:20 bible,False,400000,400000,True,8,8,True,8,8,,,,
Ezekiel,20,21,Ezekiel 20:21 bible,False,1200000,1200000,True,8,8,True,8,8,,,,
Ezekiel,20,22,Ezekiel 20:22 bible,False,643000,643000,True,8,8,True,8,8,,,,
Ezekiel,20,23,Ezekiel 20:23 bible,True,127,502000,False,0,0,False,0,0,0.0,0.0,0.0,0.0
Ezekiel,20,24,Ezekiel 20:24 bible,False,404000,404000,True,8,8,True,8,8,,,,
Ezekiel,20,25,Ezekiel 20:25 bible,False,388000,388000,False,0,0,False,0,0,0.0,0.0,0.0,0.0
Ezekiel,20,26,Ezekiel 20:26 bible,False,388000,388000,False,0,0,False,0,0,0.0,0.0,0.0,0.0
Ezekiel,20,27,Ezekiel 20:27 bible,False,388000,388000,False,0,0,False,0,0,0.0,0.0,0.0,0.0
Ezekiel,20,28,Ezekiel 20:28 bible,False,393000,393000,False,0,0,False,0,0,0.0,0.0,0.0,0.0
Ezekiel,20,29,Ezekiel 20:29 bible,False,384000,384000,True,9,9,True,9,9,,,,
Ezekiel,20,30,Ezekiel 20:30 bible,False,386000,386000,False,0,0,False,0,0,0.0,0.0,0.0,0.0
Ezekiel,20,31,Ezekiel 20:31 bible,False,429000,429000,False,0,0,False,0,0,0.0,0.0,0.0,0.0
Ezekiel,20,32,Ezekiel 20:32 bible,True,131,0,False,0,0,False,0,0,0.0,0.0,0.0,0.0
Ezekiel,20,33,Ezekiel 20:33 bible,False,166000,166000,True,8,8,True,8,8,,,,
Ezekiel,20,34,Ezekiel 20:34 bible,False,226000,226000,False,0,0,False,0,0,0.0,0.0,0.0,0.0
Ezekiel,20,35,Ezekiel 20:35 bible,False,262000,262000,False,0,0,False,0,0,0.0,0.0,0.0,0.0
Ezekiel,20,36,Ezekiel 20:36 bible,False,164000,164000,False,0,0,False,0,0,0.0,0.0,0.0,0.0
Ezekiel,20,37,Ezekiel 20:37 bible,False,98400,98400,False,0,0,False,0,0,0.0,0.0,0.0,0.0
Ezekiel,20,38,Ezekiel 20:38 bible,False,72000,72000,False,0,0,False,0,0,0.0,0.0,0.0,0.0
Ezekiel,20,39,Ezekiel 20:39 bible,False,48800,48800,True,9,9,True,9,9,,,,
Ezekiel,20,40,Ezekiel 20:40 bible,False,101000,101000,True,9,9,True,9,9,,,,
Ezekiel,20,41,Ezekiel 20:41 bible,False,54400,54400,True,9,9,True,9,9,,,,
Ezekiel,20,42,Ezekiel 20:42 bible,False,47500,47500,True,9,9,True,9,9,,,,
Ezekiel,20,43,Ezekiel 20:43 bible,False,44700,44700,True,9,9,True,9,9,,,,
Ezekiel,20,44,Ezekiel 20:44 bible,False,38900,38900,True,9,9,True,9,9,,,,
Ezekiel,20,45,Ezekiel 20:45 bible,False,43500,43500,False,0,0,False,0,0,0.0,0.0,0.0,0.0
Ezekiel,20,46,Ezekiel 20:46 bible,True,131,49900,False,0,0,False,0,0,0.0,0.0,0.0,0.0
Ezekiel,20,47,Ezekiel 20:47 bible,False,47400,47400,False,0,0,False,0,0,0.0,0.0,0.0,0.0
Ezekiel,20,48,Ezekiel 20:48 bible,False,37300,37300,True,8,8,True,8,8,,,,
Ezekiel,20,49,Ezekiel 20:49 bible,False,32500,32500,True,8,8,True,8,8,,,,
Ezekiel,21,1,Ezekiel 21:1 bible,False,667000,667000,True,8,8,True,8,8,,,,
Ezekiel,21,2,Ezekiel 21:2 bible,True,128,403000,False,0,0,False,0,0,0.0,0.0,0.0,0.0
Ezekiel,21,3,Ezekiel 21:3 bible,False,388000,388000,True,8,8,True,8,8,,,,
Ezekiel,21,4,Ezekiel 21:4 bible,False,393000,393000,True,9,9,True,9,9,,,,
Ezekiel,21,5,Ezekiel 21:5 bible,False,389000,389000,True,8,8,True,8,8,,,,
Ezekiel,21,6,Ezekiel 21:6 bible,False,387000,387000,True,8,8,True,8,8,,,,
Ezekiel,21,7,Ezekiel 21:7 bible,False,387000,387000,True,8,8,True,8,8,,,,
Ezekiel,21,8,Ezekiel 21:8 bible,False,394000,394000,True,8,8,True,8,8,,,,
Ezekiel,21,9,Ezekiel 21:9 bible,True,133,386000,False,0,0,False,0,0,0.0,0.0,0.0,0.0
Ezekiel,21,10,Ezekiel 21:10 bible,True,140,385000,False,0,0,False,0,0,0.0,0.0,0.0,0.0
Ezekiel,21,11,Ezekiel 21:11 bible,False,364000,364000,True,9,9,True,9,9,,,,
Ezekiel,21,12,Ezekiel 21:12 bible,False,386000,386000,True,8,8,True,8,8,,,,
Ezekiel,21,13,Ezekiel 21:13 bible,False,328000,328000,True,8,8,True,8,8,,,,
Ezekiel,21,14,Ezekiel 21:14 bible,False,300000,300000,True,9,9,True,9,9,,,,
Ezekiel,21,15,Ezekiel 21:15 bible,False,387000,387000,True,9,9,True,9,9,,,,
Ezekiel,21,16,Ezekiel 21:16 bible,True,82,0,False,0,0,False,0,0,0.0,0.0,0.0,0.0
Ezekiel,21,17,Ezekiel 21:17 bible,False,383000,383000,False,0,0,False,0,0,0.0,0.0,0.0,0.0
Ezekiel,21,18,Ezekiel 21:18 bible,False,356000,356000,True,8,8,True,8,8,,,,
Ezekiel,21,19,Ezekiel 21:19 bible,False,386000,386000,False,0,0,False,0,0,0.0,0.0,0.0,0.0
Ezekiel,21,20,Ezekiel 21:20 bible,False,386000,386000,False,0,0,False,0,0,0.0,0.0,0.0,0.0
Ezekiel,21,21,Ezekiel 21:21 bible,False,387000,387000,True,8,8,True,8,8,,,,
Ezekiel,21,22,Ezekiel 21:22 bible,False,1060000,1060000,False,0,0,False,0,0,0.0,0.0,0.0,0.0
Ezekiel,21,23,Ezekiel 21:23 bible,False,705000,705000,False,0,0,False,0,0,0.0,0.0,0.0,0.0
Ezekiel,21,24,Ezekiel 21:24 bible,False,427000,427000,True,8,8,True,8,8,,,,
Ezekiel,21,25,Ezekiel 21:25 bible,False,398000,398000,True,9,9,True,9,9,,,,
Ezekiel,21,26,Ezekiel 21:26 bible,False,387000,387000,True,8,8,True,8,8,,,,
Ezekiel,21,27,Ezekiel 21:27 bible,True,135,0,False,0,0,False,0,0,0.0,0.0,0.0,0.0
Ezekiel,21,28,Ezekiel 21:28 bible,False,387000,387000,False,0,0,False,0,0,0.0,0.0,0.0,0.0
Ezekiel,21,29,Ezekiel 21:29 bible,False,245000,245000,True,9,9,True,9,9,,,,
Ezekiel,21,30,Ezekiel 21:30 bible,True,133,238000,False,0,0,False,0,0,0.0,0.0,0.0,0.0
Ezekiel,21,31,Ezekiel 21:31 bible,False,315000,315000,False,0,0,False,0,0,0.0,0.0,0.0,0.0
Ezekiel,21,32,Ezekiel 21:32 bible,False,188000,188000,True,8,8,True,8,8,,,,
Ezekiel,22,1,Ezekiel 22:1 bible,False,588000,588000,True,8,8,True,8,8,,,,
Ezekiel,22,2,Ezekiel 22:2 bible,True,130,397000,False,0,0,False,0,0,0.0,0.0,0.0,0.0
Ezekiel,22,3,Ezekiel 22:3 bible,False,390000,390000,True,9,9,True,9,9,,,,
Ezekiel,22,4,Ezekiel 22:4 bible,False,386000,386000,True,9,9,True,9,9,,,,
Ezekiel,22,5,Ezekiel 22:5 bible,False,387000,387000,True,8,8,True,8,8,,,,
Ezekiel,22,6,Ezekiel 22:6 bible,False,388000,388000,True,9,9,True,9,9,,,,
Ezekiel,22,7,Ezekiel 22:7 bible,False,386000,386000,True,9,9,True,9,9,,,,
Ezekiel,22,8,Ezekiel 22:8 bible,False,386000,386000,True,9,9,True,9,9,,,,
Ezekiel,22,9,Ezekiel 22:9 bible,False,334000,334000,False,0,0,False,0,0,0.0,0.0,0.0,0.0
Ezekiel,22,10,Ezekiel 22:10 bible,False,336000,336000,True,9,9,True,9,9,,,,
Ezekiel,22,11,Ezekiel 22:11 bible,True,130,0,False,0,0,False,0,0,0.0,0.0,0.0,0.0
Ezekiel,22,12,Ezekiel 22:12 bible,False,388000,388000,True,9,9,True,9,9,,,,
Ezekiel,22,13,Ezekiel 22:13 bible,False,387000,387000,False,0,0,False,0,0,0.0,0.0,0.0,0.0
Ezekiel,22,14,Ezekiel 22:14 bible,False,389000,389000,False,0,0,False,0,0,0.0,0.0,0.0,0.0
Ezekiel,22,15,Ezekiel 22:15 bible,False,386000,386000,False,0,0,False,0,0,0.0,0.0,0.0,0.0
Ezekiel,22,16,Ezekiel 22:16 bible,False,389000,389000,True,8,8,True,8,8,,,,
Ezekiel,22,17,Ezekiel 22:17 bible,False,388000,388000,True,8,8,True,8,8,,,,
Ezekiel,22,18,Ezekiel 22:18 bible,False,388000,388000,True,9,9,True,9,9,,,,
Ezekiel,22,19,Ezekiel 22:19 bible,True,0,0,False,0,0,False,0,0,0.0,0.0,0.0,0.0
Ezekiel,22,20,Ezekiel 22:20 bible,True,0,0,False,0,0,False,0,0,0.0,0.0,0.0,0.0
Ezekiel,22,21,Ezekiel 22:21 bible,False,387000,387000,True,8,8,True,8,8,,,,
Ezekiel,22,22,Ezekiel 22:22 bible,False,387000,387000,False,0,0,False,0,0,0.0,0.0,0.0,0.0
Ezekiel,22,23,Ezekiel 22:23 bible,True,130,0,False,0,0,False,0,0,0.0,0.0,0.0,0.0
Ezekiel,22,24,Ezekiel 22:24 bible,False,642000,642000,True,9,9,True,9,9,,,,
Ezekiel,22,25,Ezekiel 22:25 bible,False,405000,405000,True,9,9,True,9,9,,,,
Ezekiel,22,26,Ezekiel 22:26 bible,False,390000,390000,True,9,9,True,9,9,,,,
Ezekiel,22,27,Ezekiel 22:27 bible,False,386000,386000,True,9,9,True,9,9,,,,
Ezekiel,22,28,Ezekiel 22:28 bible,False,391000,391000,True,9,9,True,9,9,,,,
Ezekiel,22,29,Ezekiel 22:29 bible,False,388000,388000,True,9,9,True,9,9,,,,
Ezekiel,22,30,Ezekiel 22:30 bible,False,390000,390000,False,0,0,False,0,0,0.0,0.0,0.0,0.0
Ezekiel,22,31,Ezekiel 22:31 bible,False,387000,387000,False,0,0,False,0,0,0.0,0.0,0.0,0.0
Ezekiel,23,1,Ezekiel 23:1 bible,False,630000,630000,True,8,8,True,8,8,,,,
Ezekiel,23,2,Ezekiel 23:2 bible,False,395000,395000,True,8,8,True,8,8,,,,
Ezekiel,23,3,Ezekiel 23:3 bible,False,388000,388000,True,9,9,True,9,9,,,,
Ezekiel,23,4,Ezekiel 23:4 bible,False,391000,391000,True,9,9,True,9,9,,,,
Ezekiel,23,5,Ezekiel 23:5 bible,False,391000,391000,False,0,0,False,0,0,0.0,0.0,0.0,0.0
Ezekiel,23,6,Ezekiel 23:6 bible,False,675000,675000,True,9,9,True,9,9,,,,
Ezekiel,23,7,Ezekiel 23:7 bible,False,386000,386000,True,8,8,True,8,8,,,,
Ezekiel,23,8,Ezekiel 23:8 bible,False,343000,343000,False,0,0,False,0,0,0.0,0.0,0.0,0.0
Ezekiel,23,9,Ezekiel 23:9 bible,False,464000,464000,True,8,8,True,8,8,,,,
Ezekiel,23,10,Ezekiel 23:10 bible,False,363000,363000,False,0,0,False,0,0,0.0,0.0,0.0,0.0
Ezekiel,23,11,Ezekiel 23:11 bible,False,295000,295000,True,8,8,True,8,8,,,,
Ezekiel,23,12,Ezekiel 23:12 bible,False,516000,516000,True,9,9,True,9,9,,,,
Ezekiel,23,13,Ezekiel 23:13 bible,False,347000,347000,True,8,8,True,8,8,,,,
Ezekiel,23,14,Ezekiel 23:14 bible,False,313000,313000,True,9,9,True,9,9,,,,
Ezekiel,23,15,Ezekiel 23:15 bible,False,427000,427000,False,0,0,False,0,0,0.0,0.0,0.0,0.0
Ezekiel,23,16,Ezekiel 23:16 bible,False,263000,263000,True,9,9,True,9,9,,,,
Ezekiel,23,17,Ezekiel 23:17 bible,True,138,226000,False,0,0,False,0,0,0.0,0.0,0.0,0.0
Ezekiel,23,18,Ezekiel 23:18 bible,False,257000,257000,True,9,9,True,9,9,,,,
Ezekiel,23,19,Ezekiel 23:19 bible,False,389000,389000,False,0,0,False,0,0,0.0,0.0,0.0,0.0
Ezekiel,23,20,Ezekiel 23:20 bible,False,372000,372000,True,8,8,True,8,8,,,,
Ezekiel,23,21,Ezekiel 23:21 bible,False,322000,322000,True,9,9,True,9,9,,,,
Ezekiel,23,22,Ezekiel 23:22 bible,False,330000,330000,True,8,8,True,8,8,,,,
Ezekiel,23,23,Ezekiel 23:23 bible,False,594000,594000,True,8,8,True,8,8,,,,
Ezekiel,23,24,Ezekiel 23:24 bible,True,124,1040000,False,0,0,False,0,0,0.0,0.0,0.0,0.0
Ezekiel,23,25,Ezekiel 23:25 bible,False,607000,607000,True,8,8,True,8,8,,,,
Ezekiel,23,26,Ezekiel 23:26 bible,False,727000,727000,False,0,0,False,0,0,0.0,0.0,0.0,0.0
Ezekiel,23,27,Ezekiel 23:27 bible,False,389000,389000,False,0,0,False,0,0,0.0,0.0,0.0,0.0
Ezekiel,23,28,Ezekiel 23:28 bible,False,386000,386000,False,0,0,False,0,0,0.0,0.0,0.0,0.0
Ezekiel,23,29,Ezekiel 23:29 bible,False,549000,549000,False,0,0,False,0,0,0.0,0.0,0.0,0.0
Ezekiel,23,30,Ezekiel 23:30 bible,False,251000,251000,True,9,9,True,9,9,,,,
Ezekiel,23,31,Ezekiel 23:31 bible,False,270000,270000,False,0,0,False,0,0,0.0,0.0,0.0,0.0
Ezekiel,23,32,Ezekiel 23:32 bible,False,295000,295000,True,8,8,True,8,8,,,,
Ezekiel,23,33,Ezekiel 23:33 bible,False,436000,436000,True,8,8,True,8,8,,,,
Ezekiel,23,34,Ezekiel 23:34 bible,False,505000,505000,True,8,8,True,8,8,,,,
Ezekiel,23,35,Ezekiel 23:35 bible,False,188000,188000,True,8,8,True,8,8,,,,
Ezekiel,23,36,Ezekiel 23:36 bible,False,137000,137000,True,8,8,True,8,8,,,,
Ezekiel,23,37,Ezekiel 23:37 bible,False,255000,255000,True,8,8,True,8,8,,,,
Ezekiel,23,38,Ezekiel 23:38 bible,False,205000,205000,False,0,0,False,0,0,0.0,0.0,0.0,0.0
Ezekiel,23,39,Ezekiel 23:39 bible,False,223000,223000,False,0,0,False,0,0,0.0,0.0,0.0,0.0
Ezekiel,23,40,Ezekiel 23:40 bible,True,130,0,False,0,0,False,0,0,0.0,0.0,0.0,0.0
Ezekiel,23,41,Ezekiel 23:41 bible,False,96800,96800,True,9,9,True,9,9,,,,
Ezekiel,23,42,Ezekiel 23:42 bible,False,122000,122000,True,9,9,True,9,9,,,,
Ezekiel,23,43,Ezekiel 23:43 bible,False,258000,258000,True,9,9,True,9,9,,,,
Ezekiel,23,44,Ezekiel 23:44 bible,False,95800,95800,False,0,0,False,0,0,0.0,0.0,0.0,0.0
Ezekiel,23,45,Ezekiel 23:45 bible,False,77300,77300,True,9,9,True,9,9,,,,
Ezekiel,23,46,Ezekiel 23:46 bible,False,200000,200000,True,9,9,True,9,9,,,,
Ezekiel,23,47,Ezekiel 23:47 bible,False,38900,38900,True,9,9,True,9,9,,,,
Ezekiel,23,48,Ezekiel 23:48 bible,False,41500,41500,True,9,9,True,9,9,,,,
Ezekiel,23,49,Ezekiel 23:49 bible,False,38900,38900,False,0,0,False,0,0,0.0,0.0,0.0,0.0
Ezekiel,24,1,Ezekiel 24:1 bible,True,0,0,False,0,0,False,0,0,0.0,0.0,0.0,0.0
Ezekiel,24,2,Ezekiel 24:2 bible,False,388000,388000,False,0,0,False,0,0,0.0,0.0,0.0,0.0
Ezekiel,24,3,Ezekiel 24:3 bible,False,390000,390000,False,0,0,False,0,0,0.0,0.0,0.0,0.0
Ezekiel,24,4,Ezekiel 24:4 bible,False,563000,563000,True,8,8,True,8,8,,,,
Ezekiel,24,5,Ezekiel 24:5 bible,False,386000,386000,True,8,8,True,8,8,,,,
Ezekiel,24,6,Ezekiel 24:6 bible,False,386000,386000,True,9,9,True,9,9,,,,
Ezekiel,24,7,Ezekiel 24:7 bible,False,607000,607000,True,8,8,True,8,8,,,,
Ezekiel,24,8,Ezekiel 24:8 bible,False,509000,509000,False,0,0,False,0,0,0.0,0.0,0.0,0.0
Ezekiel,24,9,Ezekiel 24:9 bible,False,372000,372000,False,0,0,False,0,0,0.0,0.0,0.0,0.0
Ezekiel,24,10,Ezekiel 24:10 bible,False,386000,386000,True,8,8,True,8,8,,,,
Ezekiel,24,11,Ezekiel 24:11 bible,False,334000,334000,False,0,0,False,0,0,0.0,0.0,0.0,0.0
Ezekiel,24,12,Ezekiel 24:12 bible,False,534000,534000,False,0,0,False,0,0,0.0,0.0,0.0,0.0
Ezekiel,24,13,Ezekiel 24:13 bible,False,387000,387000,True,9,9,True,9,9,,,,
Ezekiel,24,14,Ezekiel 24:14 bible,False,389000,389000,True,8,8,True,8,8,,,,
Ezekiel,24,15,Ezekiel 24:15 bible,True,138,404000,False,0,0,False,0,0,0.0,0.0,0.0,0.0
Ezekiel,24,16,Ezekiel 24:16 bible,False,387000,387000,False,0,0,False,0,0,0.0,0.0,0.0,0.0
Ezekiel,24,17,Ezekiel 24:17 bible,False,305000,305000,True,9,9,True,9,9,,,,
Ezekiel,24,18,Ezekiel 24:18 bible,False,169000,169000,True,8,8,True,8,8,,,,
Ezekiel,24,19,Ezekiel 24:19 bible,True,127,378000,False,0,0,False,0,0,0.0,0.0,0.0,0.0
Ezekiel,24,20,Ezekiel 24:20 bible,False,318000,318000,True,8,8,True,8,8,,,,
Ezekiel,24,21,Ezekiel 24:21 bible,False,386000,386000,False,0,0,False,0,0,0.0,0.0,0.0,0.0
Ezekiel,24,22,Ezekiel 24:22 bible,False,309000,309000,False,0,0,False,0,0,0.0,0.0,0.0,0.0
Ezekiel,24,23,Ezekiel 24:23 bible,False,345000,345000,False,0,0,False,0,0,0.0,0.0,0.0,0.0
Ezekiel,24,24,Ezekiel 24:24 bible,False,388000,388000,True,8,8,True,8,8,,,,
Ezekiel,24,25,Ezekiel 24:25 bible,False,968000,968000,True,8,8,True,8,8,,,,
Ezekiel,24,26,Ezekiel 24:26 bible,True,136,612000,False,0,0,False,0,0,0.0,0.0,0.0,0.0
Ezekiel,24,27,Ezekiel 24:27 bible,False,539000,539000,False,0,0,False,0,0,0.0,0.0,0.0,0.0
Ezekiel,25,1,Ezekiel 25:1 bible,False,451000,451000,False,0,0,False,0,0,0.0,0.0,0.0,0.0
Ezekiel,25,2,Ezekiel 25:2 bible,False,387000,387000,True,8,8,True,8,8,,,,
Ezekiel,25,3,Ezekiel 25:3 bible,False,281000,281000,False,0,0,False,0,0,0.0,0.0,0.0,0.0
Ezekiel,25,4,Ezekiel 25:4 bible,False,386000,386000,True,8,8,True,8,8,,,,
Ezekiel,25,5,Ezekiel 25:5 bible,False,340000,340000,True,9,9,True,9,9,,,,
Ezekiel,25,6,Ezekiel 25:6 bible,False,364000,364000,True,9,9,True,9,9,,,,
Ezekiel,25,7,Ezekiel 25:7 bible,False,272000,272000,False,0,0,False,0,0,0.0,0.0,0.0,0.0
Ezekiel,25,8,Ezekiel 25:8 bible,False,386000,386000,True,8,8,True,8,8,,,,
Ezekiel,25,9,Ezekiel 25:9 bible,False,312000,312000,False,0,0,False,0,0,0.0,0.0,0.0,0.0
Ezekiel,25,10,Ezekiel 25:10 bible,False,273000,273000,True,8,8,True,8,8,,,,
Ezekiel,25,11,Ezekiel 25:11 bible,False,273000,273000,True,8,8,True,8,8,,,,
Ezekiel,25,12,Ezekiel 25:12 bible,False,241000,241000,False,0,0,False,0,0,0.0,0.0,0.0,0.0
Ezekiel,25,13,Ezekiel 25:13 bible,False,255000,255000,True,9,9,True,9,9,,,,
Ezekiel,25,14,Ezekiel 25:14 bible,True,137,369000,False,0,0,False,0,0,0.0,0.0,0.0,0.0
Ezekiel,25,15,Ezekiel 25:15 bible,False,184000,184000,False,0,0,False,0,0,0.0,0.0,0.0,0.0
Ezekiel,25,16,Ezekiel 25:16 bible,False,157000,157000,False,0,0,False,0,0,0.0,0.0,0.0,0.0
Ezekiel,25,17,Ezekiel 25:17 bible,False,204000,204000,True,6,6,True,6,6,,,,
Ezekiel,26,1,Ezekiel 26:1 bible,False,391000,391000,True,8,8,True,8,8,,,,
Ezekiel,26,2,Ezekiel 26:2 bible,False,388000,388000,False,0,0,False,0,0,0.0,0.0,0.0,0.0
Ezekiel,26,3,Ezekiel 26:3 bible,False,388000,388000,False,0,0,False,0,0,0.0,0.0,0.0,0.0
Ezekiel,26,4,Ezekiel 26:4 bible,False,386000,386000,True,9,9,True,9,9,,,,
Ezekiel,26,5,Ezekiel 26:5 bible,False,302000,302000,True,8,8,True,8,8,,,,
Ezekiel,26,6,Ezekiel 26:6 bible,False,336000,336000,True,8,8,True,8,8,,,,
Ezekiel,26,7,Ezekiel 26:7 bible,True,139,261000,False,0,0,False,0,0,0.0,0.0,0.0,0.0
Ezekiel,26,8,Ezekiel 26:8 bible,False,264000,264000,False,0,0,False,0,0,0.0,0.0,0.0,0.0
Ezekiel,26,9,Ezekiel 26:9 bible,False,325000,325000,False,0,0,False,0,0,0.0,0.0,0.0,0.0
Ezekiel,26,10,Ezekiel 26:10 bible,False,297000,297000,True,8,8,True,8,8,,,,
Ezekiel,26,11,Ezekiel 26:11 bible,False,212000,212000,True,8,8,True,8,8,,,,
Ezekiel,26,12,Ezekiel 26:12 bible,False,384000,384000,True,8,8,True,8,8,,,,
Ezekiel,26,13,Ezekiel 26:13 bible,False,345000,345000,True,8,8,True,8,8,,,,
Ezekiel,26,14,Ezekiel 26:14 bible,False,285000,285000,True,8,8,True,8,8,,,,
Ezekiel,26,15,Ezekiel 26:15 bible,False,231000,231000,True,8,8,True,8,8,,,,
Ezekiel,26,16,Ezekiel 26:16 bible,False,341000,341000,False,0,0,False,0,0,0.0,0.0,0.0,0.0
Ezekiel,26,17,Ezekiel 26:17 bible,False,205000,205000,False,0,0,False,0,0,0.0,0.0,0.0,0.0
Ezekiel,26,18,Ezekiel 26:18 bible,False,316000,316000,True,8,8,True,8,8,,,,
Ezekiel,26,19,Ezekiel 26:19 bible,False,268000,268000,True,9,9,True,9,9,,,,
Ezekiel,26,20,Ezekiel 26:20 bible,False,264000,264000,True,8,8,True,8,8,,,,
Ezekiel,26,21,Ezekiel 26:21 bible,False,139000,139000,False,0,0,False,0,0,0.0,0.0,0.0,0.0
Ezekiel,27,1,Ezekiel 27:1 bible,False,439000,439000,False,0,0,False,0,0,0.0,0.0,0.0,0.0
Ezekiel,27,2,Ezekiel 27:2 bible,False,654000,654000,False,0,0,False,0,0,0.0,0.0,0.0,0.0
Ezekiel,27,3,Ezekiel 27:3 bible,True,132,357000,False,0,0,False,0,0,0.0,0.0,0.0,0.0
Ezekiel,27,4,Ezekiel 27:4 bible,False,488000,488000,False,0,0,False,0,0,0.0,0.0,0.0,0.0
Ezekiel,27,5,Ezekiel 27:5 bible,False,425000,425000,True,8,8,True,8,8,,,,
Ezekiel,27,6,Ezekiel 27:6 bible,False,260000,260000,True,9,9,True,9,9,,,,
Ezekiel,27,7,Ezekiel 27:7 bible,False,169000,169000,True,9,9,True,9,9,,,,
Ezekiel,27,8,Ezekiel 27:8 bible,True,138,207000,False,0,0,False,0,0,0.0,0.0,0.0,0.0
Ezekiel,27,9,Ezekiel 27:9 bible,False,267000,267000,False,0,0,False,0,0,0.0,0.0,0.0,0.0
Ezekiel,27,10,Ezekiel 27:10 bible,False,210000,210000,True,8,8,True,8,8,,,,
Ezekiel,27,11,Ezekiel 27:11 bible,False,228000,228000,True,9,9,True,9,9,,,,
Ezekiel,27,12,Ezekiel 27:12 bible,False,235000,235000,False,0,0,False,0,0,0.0,0.0,0.0,0.0
Ezekiel,27,13,Ezekiel 27:13 bible,False,238000,238000,False,0,0,False,0,0,0.0,0.0,0.0,0.0
Ezekiel,27,14,Ezekiel 27:14 bible,False,260000,260000,False,0,0,False,0,0,0.0,0.0,0.0,0.0
Ezekiel,27,15,Ezekiel 27:15 bible,False,162000,162000,True,9,9,True,9,9,,,,
Ezekiel,27,16,Ezekiel 27:16 bible,False,142000,142000,True,9,9,True,9,9,,,,
Ezekiel,27,17,Ezekiel 27:17 bible,False,292000,292000,True,9,9,True,9,9,,,,
Ezekiel,27,18,Ezekiel 27:18 bible,False,191000,191000,True,9,9,True,9,9,,,,
Ezekiel,27,19,Ezekiel 27:19 bible,False,156000,156000,True,9,9,True,9,9,,,,
Ezekiel,27,20,Ezekiel 27:20 bible,False,154000,154000,False,0,0,False,0,0,0.0,0.0,0.0,0.0
Ezekiel,27,21,Ezekiel 27:21 bible,True,131,0,False,0,0,False,0,0,0.0,0.0,0.0,0.0
Ezekiel,27,22,Ezekiel 27:22 bible,False,156000,156000,False,0,0,False,0,0,0.0,0.0,0.0,0.0
Ezekiel,27,23,Ezekiel 27:23 bible,False,214000,214000,False,0,0,False,0,0,0.0,0.0,0.0,0.0
Ezekiel,27,24,Ezekiel 27:24 bible,False,152000,152000,False,0,0,False,0,0,0.0,0.0,0.0,0.0
Ezekiel,27,25,Ezekiel 27:25 bible,False,178000,178000,False,0,0,False,0,0,0.0,0.0,0.0,0.0
Ezekiel,27,26,Ezekiel 27:26 bible,False,267000,267000,False,0,0,False,0,0,0.0,0.0,0.0,0.0
Ezekiel,27,27,Ezekiel 27:27 bible,False,272000,272000,False,0,0,False,0,0,0.0,0.0,0.0,0.0
Ezekiel,27,28,Ezekiel 27:28 bible,False,731000,731000,False,0,0,False,0,0,0.0,0.0,0.0,0.0
Ezekiel,27,29,Ezekiel 27:29 bible,False,389000,389000,False,0,0,False,0,0,0.0,0.0,0.0,0.0
Ezekiel,27,30,Ezekiel 27:30 bible,False,387000,387000,False,0,0,False,0,0,0.0,0.0,0.0,0.0
Ezekiel,27,31,Ezekiel 27:31 bible,True,135,0,False,0,0,False,0,0,0.0,0.0,0.0,0.0
Ezekiel,27,32,Ezekiel 27:32 bible,False,237000,237000,False,0,0,False,0,0,0.0,0.0,0.0,0.0
Ezekiel,27,33,Ezekiel 27:33 bible,True,142,172000,False,0,0,False,0,0,0.0,0.0,0.0,0.0
Ezekiel,27,34,Ezekiel 27:34 bible,False,139000,139000,False,0,0,False,0,0,0.0,0.0,0.0,0.0
Ezekiel,27,35,Ezekiel 27:35 bible,False,177000,177000,False,0,0,False,0,0,0.0,0.0,0.0,0.0
Ezekiel,27,36,Ezekiel 27:36 bible,False,162000,162000,False,0,0,False,0,0,0.0,0.0,0.0,0.0
Ezekiel,28,1,Ezekiel 28:1 bible,True,63,553000,False,0,0,False,0,0,0.0,0.0,0.0,0.0
Ezekiel,28,2,Ezekiel 28:2 bible,False,388000,388000,False,0,0,False,0,0,0.0,0.0,0.0,0.0
Ezekiel,28,3,Ezekiel 28:3 bible,False,386000,386000,False,0,0,False,0,0,0.0,0.0,0.0,0.0
Ezekiel,28,4,Ezekiel 28:4 bible,False,259000,259000,False,0,0,False,0,0,0.0,0.0,0.0,0.0
Ezekiel,28,5,Ezekiel 28:5 bible,False,304000,304000,False,0,0,False,0,0,0.0,0.0,0.0,0.0
Ezekiel,28,6,Ezekiel 28:6 bible,False,376000,376000,False,0,0,False,0,0,0.0,0.0,0.0,0.0
Ezekiel,28,7,Ezekiel 28:7 bible,False,386000,386000,False,0,0,False,0,0,0.0,0.0,0.0,0.0
Ezekiel,28,8,Ezekiel 28:8 bible,False,320000,320000,False,0,0,False,0,0,0.0,0.0,0.0,0.0
Ezekiel,28,9,Ezekiel 28:9 bible,True,135,387000,False,0,0,False,0,0,0.0,0.0,0.0,0.0
Ezekiel,28,10,Ezekiel 28:10 bible,False,323000,323000,False,0,0,False,0,0,0.0,0.0,0.0,0.0
Ezekiel,28,11,Ezekiel 28:11 bible,False,344000,344000,False,0,0,False,0,0,0.0,0.0,0.0,0.0
Ezekiel,28,12,Ezekiel 28:12 bible,False,387000,387000,False,0,0,False,0,0,0.0,0.0,0.0,0.0
Ezekiel,28,13,Ezekiel 28:13 bible,False,392000,392000,False,0,0,False,0,0,0.0,0.0,0.0,0.0
Ezekiel,28,14,Ezekiel 28:14 bible,False,274000,274000,False,0,0,False,0,0,0.0,0.0,0.0,0.0
Ezekiel,28,15,Ezekiel 28:15 bible,False,386000,386000,False,0,0,False,0,0,0.0,0.0,0.0,0.0
Ezekiel,28,16,Ezekiel 28:16 bible,False,386000,386000,False,0,0,False,0,0,0.0,0.0,0.0,0.0
Ezekiel,28,17,Ezekiel 28:17 bible,False,268000,268000,False,0,0,False,0,0,0.0,0.0,0.0,0.0
Ezekiel,28,18,Ezekiel 28:18 bible,False,418000,418000,False,0,0,False,0,0,0.0,0.0,0.0,0.0
Ezekiel,28,19,Ezekiel 28:19 bible,False,526000,526000,False,0,0,False,0,0,0.0,0.0,0.0,0.0
Ezekiel,28,20,Ezekiel 28:20 bible,False,389000,389000,False,0,0,False,0,0,0.0,0.0,0.0,0.0
Ezekiel,28,21,Ezekiel 28:21 bible,False,193000,193000,False,0,0,False,0,0,0.0,0.0,0.0,0.0
Ezekiel,28,22,Ezekiel 28:22 bible,False,217000,217000,True,9,9,True,9,9,,,,
Ezekiel,28,23,Ezekiel 28:23 bible,True,0,166000,False,0,0,False,0,0,0.0,0.0,0.0,0.0
Ezekiel,28,24,Ezekiel 28:24 bible,False,123000,123000,False,0,0,False,0,0,0.0,0.0,0.0,0.0
Ezekiel,28,25,Ezekiel 28:25 bible,False,202000,202000,True,9,9,True,9,9,,,,
Ezekiel,28,26,Ezekiel 28:26 bible,False,219000,219000,True,8,8,True,8,8,,,,
Ezekiel,29,1,Ezekiel 29:1 bible,False,387000,387000,False,0,0,False,0,0,0.0,0.0,0.0,0.0
Ezekiel,29,2,Ezekiel 29:2 bible,False,386000,386000,True,8,8,True,8,8,,,,
Ezekiel,29,3,Ezekiel 29:3 bible,False,326000,326000,True,9,9,True,9,9,,,,
Ezekiel,29,4,Ezekiel 29:4 bible,False,231000,231000,True,9,9,True,9,9,,,,
Ezekiel,29,5,Ezekiel 29:5 bible,False,255000,255000,True,8,8,True,8,8,,,,
Ezekiel,29,6,Ezekiel 29:6 bible,False,189000,189000,True,9,9,True,9,9,,,,
Ezekiel,29,7,Ezekiel 29:7 bible,False,297000,297000,True,8,8,True,8,8,,,,
Ezekiel,29,8,Ezekiel 29:8 bible,False,127000,127000,True,9,9,True,9,9,,,,
Ezekiel,29,9,Ezekiel 29:9 bible,False,190000,190000,True,9,9,True,9,9,,,,
Ezekiel,29,10,Ezekiel 29:10 bible,False,269000,269000,True,8,8,True,8,8,,,,
Ezekiel,29,11,Ezekiel 29:11 bible,False,620000,620000,False,0,0,False,0,0,0.0,0.0,0.0,0.0
Ezekiel,29,12,Ezekiel 29:12 bible,False,299000,299000,True,8,8,True,8,8,,,,
Ezekiel,29,13,Ezekiel 29:13 bible,False,387000,387000,True,9,9,True,9,9,,,,
Ezekiel,29,14,Ezekiel 29:14 bible,False,166000,166000,True,9,9,True,9,9,,,,
Ezekiel,29,15,Ezekiel 29:15 bible,False,155000,155000,False,0,0,False,0,0,0.0,0.0,0.0,0.0
Ezekiel,29,16,Ezekiel 29:16 bible,False,108000,108000,True,8,8,True,8,8,,,,
Ezekiel,29,17,Ezekiel 29:17 bible,False,135000,135000,True,8,8,True,8,8,,,,
Ezekiel,29,18,Ezekiel 29:18 bible,False,275000,275000,True,9,9,True,9,9,,,,
Ezekiel,29,19,Ezekiel 29:19 bible,False,99700,99700,False,0,0,False,0,0,0.0,0.0,0.0,0.0
Ezekiel,29,20,Ezekiel 29:20 bible,False,138000,138000,True,9,9,True,9,9,,,,
Ezekiel,29,21,Ezekiel 29:21 bible,False,99000,99000,True,9,9,True,9,9,,,,
Ezekiel,30,1,Ezekiel 30:1 bible,False,388000,388000,True,8,8,True,8,8,,,,
Ezekiel,30,2,Ezekiel 30:2 bible,False,386000,386000,True,8,8,True,8,8,,,,
Ezekiel,30,3,Ezekiel 30:3 bible,False,294000,294000,True,8,8,True,8,8,,,,
Ezekiel,30,4,Ezekiel 30:4 bible,False,366000,366000,True,8,8,True,8,8,,,,
Ezekiel,30,5,Ezekiel 30:5 bible,False,388000,388000,True,8,8,True,8,8,,,,
Ezekiel,30,6,Ezekiel 30:6 bible,False,378000,378000,False,0,0,False,0,0,0.0,0.0,0.0,0.0
Ezekiel,30,7,Ezekiel 30:7 bible,False,300000,300000,True,8,8,True,8,8,,,,
Ezekiel,30,8,Ezekiel 30:8 bible,True,0,328000,False,0,0,False,0,0,0.0,0.0,0.0,0.0
Ezekiel,30,9,Ezekiel 30:9 bible,False,355000,355000,True,8,8,True,8,8,,,,
Ezekiel,30,10,Ezekiel 30:10 bible,False,262000,262000,True,8,8,True,8,8,,,,
Ezekiel,30,11,Ezekiel 30:11 bible,False,287000,287000,True,8,8,True,8,8,,,,
Ezekiel,30,12,Ezekiel 30:12 bible,False,176000,176000,True,8,8,True,8,8,,,,
Ezekiel,30,13,Ezekiel 30:13 bible,False,102000,102000,True,8,8,True,8,8,,,,
Ezekiel,30,14,Ezekiel 30:14 bible,False,139000,139000,True,9,9,True,9,9,,,,
Ezekiel,30,15,Ezekiel 30:15 bible,True,198,273000,False,0,0,False,0,0,0.0,0.0,0.0,0.0
Ezekiel,30,16,Ezekiel 30:16 bible,True,135,0,False,0,0,False,0,0,0.0,0.0,0.0,0.0
Ezekiel,30,17,Ezekiel 30:17 bible,False,357000,357000,True,8,8,True,8,8,,,,
Ezekiel,30,18,Ezekiel 30:18 bible,False,352000,352000,False,0,0,False,0,0,0.0,0.0,0.0,0.0
Ezekiel,30,19,Ezekiel 30:19 bible,False,538000,538000,True,8,8,True,8,8,,,,
Ezekiel,30,20,Ezekiel 30:20 bible,False,189000,189000,True,8,8,True,8,8,,,,
Ezekiel,30,21,Ezekiel 30:21 bible,False,308000,308000,True,9,9,True,9,9,,,,
Ezekiel,30,22,Ezekiel 30:22 bible,False,146000,146000,True,9,9,True,9,9,,,,
Ezekiel,30,23,Ezekiel 30:23 bible,False,167000,167000,True,9,9,True,9,9,,,,
Ezekiel,30,24,Ezekiel 30:24 bible,False,102000,102000,True,8,8,True,8,8,,,,
Ezekiel,30,25,Ezekiel 30:25 bible,False,105000,105000,True,9,9,True,9,9,,,,
Ezekiel,30,26,Ezekiel 30:26 bible,False,170000,170000,True,8,8,True,8,8,,,,
Ezekiel,31,1,Ezekiel 31:1 bible,False,388000,388000,False,0,0,False,0,0,0.0,0.0,0.0,0.0
Ezekiel,31,2,Ezekiel 31:2 bible,False,376000,376000,True,8,8,True,8,8,,,,
Ezekiel,31,3,Ezekiel 31:3 bible,False,385000,385000,False,0,0,False,0,0,0.0,0.0,0.0,0.0
Ezekiel,31,4,Ezekiel 31:4 bible,False,197000,197000,False,0,0,False,0,0,0.0,0.0,0.0,0.0
Ezekiel,31,5,Ezekiel 31:5 bible,False,263000,263000,True,8,8,True,8,8,,,,
Ezekiel,31,6,Ezekiel 31:6 bible,False,386000,386000,False,0,0,False,0,0,0.0,0.0,0.0,0.0
Ezekiel,31,7,Ezekiel 31:7 bible,False,165000,165000,True,9,9,True,9,9,,,,
Ezekiel,31,8,Ezekiel 31:8 bible,False,356000,356000,False,0,0,False,0,0,0.0,0.0,0.0,0.0
Ezekiel,31,9,Ezekiel 31:9 bible,False,216000,216000,False,0,0,False,0,0,0.0,0.0,0.0,0.0
Ezekiel,31,10,Ezekiel 31:10 bible,False,308000,308000,True,9,9,True,9,9,,,,
Ezekiel,31,11,Ezekiel 31:11 bible,False,158000,158000,True,8,8,True,8,8,,,,
Ezekiel,31,12,Ezekiel 31:12 bible,False,351000,351000,True,9,9,True,9,9,,,,
Ezekiel,31,13,Ezekiel 31:13 bible,False,297000,297000,True,8,8,True,8,8,,,,
Ezekiel,31,14,Ezekiel 31:14 bible,False,226000,226000,True,9,9,True,9,9,,,,
Ezekiel,31,15,Ezekiel 31:15 bible,False,227000,227000,True,9,9,True,9,9,,,,
Ezekiel,31,16,Ezekiel 31:16 bible,False,271000,271000,False,0,0,False,0,0,0.0,0.0,0.0,0.0
Ezekiel,31,17,Ezekiel 31:17 bible,False,322000,322000,True,9,9,True,9,9,,,,
Ezekiel,31,18,Ezekiel 31:18 bible,False,206000,206000,True,8,8,True,8,8,,,,
Ezekiel,32,1,Ezekiel 32:1 bible,False,387000,387000,False,0,0,False,0,0,0.0,0.0,0.0,0.0
Ezekiel,32,2,Ezekiel 32:2 bible,False,296000,296000,False,0,0,False,0,0,0.0,0.0,0.0,0.0
Ezekiel,32,3,Ezekiel 32:3 bible,False,222000,222000,True,8,8,True,8,8,,,,
Ezekiel,32,4,Ezekiel 32:4 bible,False,288000,288000,True,8,8,True,8,8,,,,
Ezekiel,32,5,Ezekiel 32:5 bible,False,226000,226000,True,8,8,True,8,8,,,,
Ezekiel,32,6,Ezekiel 32:6 bible,False,234000,234000,True,9,9,True,9,9,,,,
Ezekiel,32,7,Ezekiel 32:7 bible,False,279000,279000,False,0,0,False,0,0,0.0,0.0,0.0,0.0
Ezekiel,32,8,Ezekiel 32:8 bible,False,387000,387000,False,0,0,False,0,0,0.0,0.0,0.0,0.0
Ezekiel,32,9,Ezekiel 32:9 bible,False,153000,153000,True,8,8,True,8,8,,,,
Ezekiel,32,10,Ezekiel 32:10 bible,False,159000,159000,True,8,8,True,8,8,,,,
Ezekiel,32,11,Ezekiel 32:11 bible,False,162000,162000,True,8,8,True,8,8,,,,
Ezekiel,32,12,Ezekiel 32:12 bible,False,97400,97400,True,8,8,True,8,8,,,,
Ezekiel,32,13,Ezekiel 32:13 bible,False,119000,119000,True,9,9,True,9,9,,,,
Ezekiel,32,14,Ezekiel 32:14 bible,False,93300,93300,True,9,9,True,9,9,,,,
Ezekiel,32,15,Ezekiel 32:15 bible,False,180000,180000,True,8,8,True,8,8,,,,
Ezekiel,32,16,Ezekiel 32:16 bible,True,136,90600,False,0,0,False,0,0,0.0,0.0,0.0,0.0
Ezekiel,32,17,Ezekiel 32:17 bible,False,311000,311000,False,0,0,False,0,0,0.0,0.0,0.0,0.0
Ezekiel,32,18,Ezekiel 32:18 bible,False,243000,243000,True,8,8,True,8,8,,,,
Ezekiel,32,19,Ezekiel 32:19 bible,False,172000,172000,False,0,0,False,0,0,0.0,0.0,0.0,0.0
Ezekiel,32,20,Ezekiel 32:20 bible,False,93500,93500,True,8,8,True,8,8,,,,
Ezekiel,32,21,Ezekiel 32:21 bible,False,188000,188000,True,8,8,True,8,8,,,,
Ezekiel,32,22,Ezekiel 32:22 bible,False,178000,178000,True,9,9,True,9,9,,,,
Ezekiel,32,23,Ezekiel 32:23 bible,False,260000,260000,False,0,0,False,0,0,0.0,0.0,0.0,0.0
Ezekiel,32,24,Ezekiel 32:24 bible,False,193000,193000,False,0,0,False,0,0,0.0,0.0,0.0,0.0
Ezekiel,32,25,Ezekiel 32:25 bible,False,132000,132000,False,0,0,False,0,0,0.0,0.0,0.0,0.0
Ezekiel,32,26,Ezekiel 32:26 bible,False,145000,145000,False,0,0,False,0,0,0.0,0.0,0.0,0.0
Ezekiel,32,27,Ezekiel 32:27 bible,False,313000,313000,True,9,9,True,9,9,,,,
Ezekiel,32,28,Ezekiel 32:28 bible,False,224000,224000,True,8,8,True,8,8,,,,
Ezekiel,32,29,Ezekiel 32:29 bible,True,0,129000,False,0,0,False,0,0,0.0,0.0,0.0,0.0
Ezekiel,32,30,Ezekiel 32:30 bible,False,165000,165000,True,8,8,True,8,8,,,,
Ezekiel,32,31,Ezekiel 32:31 bible,False,133000,133000,False,0,0,False,0,0,0.0,0.0,0.0,0.0
Ezekiel,32,32,Ezekiel 32:32 bible,False,196000,196000,True,8,8,True,8,8,,,,
Ezekiel,33,1,Ezekiel 33:1 bible,False,386000,386000,True,8,8,True,8,8,,,,
Ezekiel,33,2,Ezekiel 33:2 bible,False,304000,304000,True,9,9,True,9,9,,,,
Ezekiel,33,3,Ezekiel 33:3 bible,False,388000,388000,True,9,9,True,9,9,,,,
Ezekiel,33,4,Ezekiel 33:4 bible,False,311000,311000,True,9,9,True,9,9,,,,
Ezekiel,33,5,Ezekiel 33:5 bible,False,148000,148000,True,8,8,True,8,8,,,,
Ezekiel,33,6,Ezekiel 33:6 bible,False,386000,386000,True,8,8,True,8,8,,,,
Ezekiel,33,7,Ezekiel 33:7 bible,False,208000,208000,True,8,7,True,8,7,,,,
Ezekiel,33,8,Ezekiel 33:8 bible,False,187000,187000,True,9,9,True,9,9,,,,
Ezekiel,33,9,Ezekiel 33:9 bible,False,173000,173000,True,9,9,True,9,9,,,,
Ezekiel,33,10,Ezekiel 33:10 bible,False,160000,160000,False,0,0,False,0,0,0.0,0.0,0.0,0.0
Ezekiel,33,11,Ezekiel 33:11 bible,False,387000,387000,True,8,8,True,8,8,,,,
Ezekiel,33,12,Ezekiel 33:12 bible,False,272000,272000,True,8,8,True,8,8,,,,
Ezekiel,33,13,Ezekiel 33:13 bible,True,143,0,False,0,0,False,0,0,0.0,0.0,0.0,0.0
Ezekiel,33,14,Ezekiel 33:14 bible,False,355000,355000,False,0,0,False,0,0,0.0,0.0,0.0,0.0
Ezekiel,33,15,Ezekiel 33:15 bible,False,208000,208000,False,0,0,False,0,0,0.0,0.0,0.0,0.0
Ezekiel,33,16,Ezekiel 33:16 bible,False,141000,141000,False,0,0,False,0,0,0.0,0.0,0.0,0.0
Ezekiel,33,17,Ezekiel 33:17 bible,False,175000,175000,False,0,0,False,0,0,0.0,0.0,0.0,0.0
Ezekiel,33,18,Ezekiel 33:18 bible,True,143,243000,False,0,0,False,0,0,0.0,0.0,0.0,0.0
Ezekiel,33,19,Ezekiel 33:19 bible,False,173000,173000,False,0,0,False,0,0,0.0,0.0,0.0,0.0
Ezekiel,33,20,Ezekiel 33:20 bible,False,241000,241000,False,0,0,False,0,0,0.0,0.0,0.0,0.0
Ezekiel,33,21,Ezekiel 33:21 bible,True,139,111000,False,0,0,False,0,0,0.0,0.0,0.0,0.0
Ezekiel,33,22,Ezekiel 33:22 bible,False,172000,172000,False,0,0,False,0,0,0.0,0.0,0.0,0.0
Ezekiel,33,23,Ezekiel 33:23 bible,False,143000,143000,False,0,0,False,0,0,0.0,0.0,0.0,0.0
Ezekiel,33,24,Ezekiel 33:24 bible,False,125000,125000,False,0,0,False,0,0,0.0,0.0,0.0,0.0
Ezekiel,33,25,Ezekiel 33:25 bible,False,101000,101000,False,0,0,False,0,0,0.0,0.0,0.0,0.0
Ezekiel,33,26,Ezekiel 33:26 bible,False,91300,91300,False,0,0,False,0,0,0.0,0.0,0.0,0.0
Ezekiel,33,27,Ezekiel 33:27 bible,False,127000,127000,False,0,0,False,0,0,0.0,0.0,0.0,0.0
Ezekiel,33,28,Ezekiel 33:28 bible,False,64900,64900,False,0,0,False,0,0,0.0,0.0,0.0,0.0
Ezekiel,33,29,Ezekiel 33:29 bible,False,51900,51900,False,0,0,False,0,0,0.0,0.0,0.0,0.0
Ezekiel,33,30,Ezekiel 33:30 bible,False,64200,64200,False,0,0,False,0,0,0.0,0.0,0.0,0.0
Ezekiel,33,31,Ezekiel 33:31 bible,False,87100,87100,False,0,0,False,0,0,0.0,0.0,0.0,0.0
Ezekiel,33,32,Ezekiel 33:32 bible,False,58400,58400,False,0,0,False,0,0,0.0,0.0,0.0,0.0
Ezekiel,33,33,Ezekiel 33:33 bible,False,140000,140000,False,0,0,False,0,0,0.0,0.0,0.0,0.0
Ezekiel,34,1,Ezekiel 34:1 bible,True,142,388000,False,0,0,False,0,0,0.0,0.0,0.0,0.0
Ezekiel,34,2,Ezekiel 34:2 bible,False,251000,251000,False,0,0,False,0,0,0.0,0.0,0.0,0.0
Ezekiel,34,3,Ezekiel 34:3 bible,False,151000,151000,False,0,0,False,0,0,0.0,0.0,0.0,0.0
Ezekiel,34,4,Ezekiel 34:4 bible,False,272000,272000,False,0,0,False,0,0,0.0,0.0,0.0,0.0
Ezekiel,34,5,Ezekiel 34:5 bible,False,261000,261000,False,0,0,False,0,0,0.0,0.0,0.0,0.0
Ezekiel,34,6,Ezekiel 34:6 bible,False,328000,328000,False,0,0,False,0,0,0.0,0.0,0.0,0.0
Ezekiel,34,7,Ezekiel 34:7 bible,False,365000,365000,False,0,0,False,0,0,0.0,0.0,0.0,0.0
Ezekiel,34,8,Ezekiel 34:8 bible,False,309000,309000,False,0,0,False,0,0,0.0,0.0,0.0,0.0
Ezekiel,34,9,Ezekiel 34:9 bible,False,169000,169000,False,0,0,False,0,0,0.0,0.0,0.0,0.0
Ezekiel,34,10,Ezekiel 34:10 bible,False,274000,274000,False,0,0,False,0,0,0.0,0.0,0.0,0.0
Ezekiel,34,11,Ezekiel 34:11 bible,False,274000,274000,False,0,0,False,0,0,0.0,0.0,0.0,0.0
Ezekiel,34,12,Ezekiel 34:12 bible,False,148000,148000,False,0,0,False,0,0,0.0,0.0,0.0,0.0
Ezekiel,34,13,Ezekiel 34:13 bible,False,132000,132000,True,8,8,True,8,8,,,,
Ezekiel,34,14,Ezekiel 34:14 bible,True,138,267000,False,0,0,False,0,0,0.0,0.0,0.0,0.0
Ezekiel,34,15,Ezekiel 34:15 bible,False,198000,198000,True,8,8,True,8,8,,,,
Ezekiel,34,16,Ezekiel 34:16 bible,False,223000,223000,False,0,0,False,0,0,0.0,0.0,0.0,0.0
Ezekiel,34,17,Ezekiel 34:17 bible,False,261000,261000,False,0,0,False,0,0,0.0,0.0,0.0,0.0
Ezekiel,34,18,Ezekiel 34:18 bible,False,352000,352000,False,0,0,False,0,0,0.0,0.0,0.0,0.0
Ezekiel,34,19,Ezekiel 34:19 bible,False,243000,243000,True,8,8,True,8,8,,,,
Ezekiel,34,20,Ezekiel 34:20 bible,False,101000,101000,False,0,0,False,0,0,0.0,0.0,0.0,0.0
Ezekiel,34,21,Ezekiel 34:21 bible,True,141,0,False,0,0,False,0,0,0.0,0.0,0.0,0.0
Ezekiel,34,22,Ezekiel 34:22 bible,False,113000,113000,True,8,8,True,8,8,,,,
Ezekiel,34,23,Ezekiel 34:23 bible,True,134,119000,False,0,0,False,0,0,0.0,0.0,0.0,0.0
Ezekiel,34,24,Ezekiel 34:24 bible,False,83600,83600,False,0,0,False,0,0,0.0,0.0,0.0,0.0
Ezekiel,34,25,Ezekiel 34:25 bible,False,117000,117000,True,8,8,True,8,8,,,,
Ezekiel,34,26,Ezekiel 34:26 bible,False,189000,189000,False,0,0,False,0,0,0.0,0.0,0.0,0.0
Ezekiel,34,27,Ezekiel 34:27 bible,False,107000,107000,False,0,0,False,0,0,0.0,0.0,0.0,0.0
Ezekiel,34,28,Ezekiel 34:28 bible,False,136000,136000,True,8,8,True,8,8,,,,
Ezekiel,34,29,Ezekiel 34:29 bible,False,117000,117000,True,8,8,True,8,8,,,,
Ezekiel,34,30,Ezekiel 34:30 bible,False,64500,64500,True,8,8,True,8,8,,,,
Ezekiel,34,31,Ezekiel 34:31 bible,False,77100,77100,True,8,8,True,8,8,,,,
Ezekiel,35,1,Ezekiel 35:1 bible,False,386000,386000,False,0,0,False,0,0,0.0,0.0,0.0,0.0
Ezekiel,35,2,Ezekiel 35:2 bible,True,136,0,False,0,0,False,0,0,0.0,0.0,0.0,0.0
Ezekiel,35,3,Ezekiel 35:3 bible,False,159000,159000,True,8,8,True,8,8,,,,
Ezekiel,35,4,Ezekiel 35:4 bible,False,286000,286000,True,8,8,True,8,8,,,,
Ezekiel,35,5,Ezekiel 35:5 bible,False,194000,194000,True,8,8,True,8,8,,,,
Ezekiel,35,6,Ezekiel 35:6 bible,False,143000,143000,True,9,9,True,9,9,,,,
Ezekiel,35,7,Ezekiel 35:7 bible,False,139000,139000,True,8,8,True,8,8,,,,
Ezekiel,35,8,Ezekiel 35:8 bible,False,219000,219000,True,8,8,True,8,8,,,,
Ezekiel,35,9,Ezekiel 35:9 bible,False,185000,185000,True,8,8,True,8,8,,,,
Ezekiel,35,10,Ezekiel 35:10 bible,False,179000,179000,True,9,9,True,9,9,,,,
Ezekiel,35,11,Ezekiel 35:11 bible,False,108000,108000,False,0,0,False,0,0,0.0,0.0,0.0,0.0
Ezekiel,35,12,Ezekiel 35:12 bible,False,106000,106000,True,8,8,True,8,8,,,,
Ezekiel,35,13,Ezekiel 35:13 bible,False,71000,71000,True,8,8,True,8,8,,,,
Ezekiel,35,14,Ezekiel 35:14 bible,False,78100,78100,True,8,8,True,8,8,,,,
Ezekiel,35,15,Ezekiel 35:15 bible,False,76300,76300,True,9,9,True,9,9,,,,
Ezekiel,36,1,Ezekiel 36:1 bible,False,267000,267000,True,8,8,True,8,8,,,,
Ezekiel,36,2,Ezekiel 36:2 bible,False,170000,170000,True,8,8,True,8,8,,,,
Ezekiel,36,3,Ezekiel 36:3 bible,True,132,0,False,0,0,False,0,0,0.0,0.0,0.0,0.0
Ezekiel,36,4,Ezekiel 36:4 bible,False,93000,93000,True,8,8,True,8,8,,,,
Ezekiel,36,5,Ezekiel 36:5 bible,False,177000,177000,False,0,0,False,0,0,0.0,0.0,0.0,0.0
Ezekiel,36,6,Ezekiel 36:6 bible,True,139,117000,False,0,0,False,0,0,0.0,0.0,0.0,0.0
Ezekiel,36,7,Ezekiel 36:7 bible,False,129000,129000,False,0,0,False,0,0,0.0,0.0,0.0,0.0
Ezekiel,36,8,Ezekiel 36:8 bible,False,115000,115000,True,8,8,True,8,8,,,,
Ezekiel,36,9,Ezekiel 36:9 bible,False,164000,164000,True,9,9,True,9,9,,,,
Ezekiel,36,10,Ezekiel 36:10 bible,False,142000,142000,True,8,8,True,8,8,,,,
Ezekiel,36,11,Ezekiel 36:11 bible,False,214000,214000,True,8,8,True,8,8,,,,
Ezekiel,36,12,Ezekiel 36:12 bible,False,65900,65900,True,9,9,True,9,9,,,,
Ezekiel,36,13,Ezekiel 36:13 bible,False,59200,59200,True,8,8,True,8,8,,,,
Ezekiel,36,14,Ezekiel 36:14 bible,False,62500,62500,True,8,8,True,8,8,,,,
Ezekiel,36,15,Ezekiel 36:15 bible,False,70800,70800,True,9,9,True,9,9,,,,
Ezekiel,36,16,Ezekiel 36:16 bible,False,89700,89700,True,8,8,True,8,8,,,,
Ezekiel,36,17,Ezekiel 36:17 bible,True,137,53500,False,0,0,False,0,0,0.0,0.0,0.0,0.0
Ezekiel,36,18,Ezekiel 36:18 bible,False,44400,44400,True,8,8,True,8,8,,,,
Ezekiel,36,19,Ezekiel 36:19 bible,False,52000,52000,True,9,9,True,9,9,,,,
Ezekiel,36,20,Ezekiel 36:20 bible,False,60100,60100,True,9,9,True,9,9,,,,
Ezekiel,36,21,Ezekiel 36:21 bible,False,60800,60800,True,8,8,True,8,8,,,,
Ezekiel,36,22,Ezekiel 36:22 bible,False,133000,133000,True,8,8,True,8,8,,,,
Ezekiel,36,23,Ezekiel 36:23 bible,False,97300,97300,True,9,9,True,9,9,,,,
Ezekiel,36,24,Ezekiel 36:24 bible,False,260000,260000,True,8,8,True,8,8,,,,
Ezekiel,36,25,Ezekiel 36:25 bible,False,297000,297000,False,0,0,False,0,0,0.0,0.0,0.0,0.0
Ezekiel,36,26,Ezekiel 36:26 bible,False,431000,431000,True,7,7,True,7,7,,,,
Ezekiel,36,27,Ezekiel 36:27 bible,False,205000,205000,True,8,8,True,8,8,,,,
Ezekiel,36,28,Ezekiel 36:28 bible,False,49600,49600,True,9,9,True,9,9,,,,
Ezekiel,36,29,Ezekiel 36:29 bible,False,24000,24000,True,9,9,True,9,9,,,,
Ezekiel,36,30,Ezekiel 36:30 bible,False,60500,60500,True,9,9,True,9,9,,,,
Ezekiel,36,31,Ezekiel 36:31 bible,False,44200,44200,True,9,9,True,9,9,,,,
Ezekiel,36,32,Ezekiel 36:32 bible,False,44400,44400,True,8,8,True,8,8,,,,
Ezekiel,36,33,Ezekiel 36:33 bible,False,47600,47600,False,0,0,False,0,0,0.0,0.0,0.0,0.0
Ezekiel,36,34,Ezekiel 36:34 bible,False,45000,45000,False,0,0,False,0,0,0.0,0.0,0.0,0.0
Ezekiel,36,35,Ezekiel 36:35 bible,False,88700,88700,True,8,8,True,8,8,,,,
Ezekiel,36,36,Ezekiel 36:36 bible,False,90900,90900,True,8,8,True,8,8,,,,
Ezekiel,36,37,Ezekiel 36:37 bible,True,136,391000,False,0,0,False,0,0,0.0,0.0,0.0,0.0
Ezekiel,36,38,Ezekiel 36:38 bible,False,386000,386000,True,8,8,True,8,8,,,,
Ezekiel,37,1,Ezekiel 37:1 bible,False,389000,389000,True,8,8,True,8,8,,,,
Ezekiel,37,2,Ezekiel 37:2 bible,False,176000,176000,True,7,7,True,7,7,,,,
Ezekiel,37,3,Ezekiel 37:3 bible,False,289000,289000,True,8,8,True,8,8,,,,
Ezekiel,37,4,Ezekiel 37:4 bible,False,387000,387000,True,8,8,True,8,8,,,,
Ezekiel,37,5,Ezekiel 37:5 bible,False,371000,371000,False,0,0,False,0,0,0.0,0.0,0.0,0.0
Ezekiel,37,6,Ezekiel 37:6 bible,False,118000,118000,True,8,8,True,8,8,,,,
Ezekiel,37,7,Ezekiel 37:7 bible,False,206000,206000,True,7,7,True,7,7,,,,
Ezekiel,37,8,Ezekiel 37:8 bible,False,111000,111000,True,9,9,True,9,9,,,,
Ezekiel,37,9,Ezekiel 37:9 bible,False,211000,211000,True,8,8,True,8,8,,,,
Ezekiel,37,10,Ezekiel 37:10 bible,False,159000,159000,True,9,9,True,9,9,,,,
Ezekiel,37,11,Ezekiel 37:11 bible,False,144000,144000,True,8,8,True,8,8,,,,
Ezekiel,37,12,Ezekiel 37:12 bible,False,133000,133000,True,8,8,True,8,8,,,,
Ezekiel,37,13,Ezekiel 37:13 bible,False,72900,72900,True,8,8,True,8,8,,,,
Ezekiel,37,14,Ezekiel 37:14 bible,False,127000,127000,False,0,0,False,0,0,0.0,0.0,0.0,0.0
Ezekiel,37,15,Ezekiel 37:15 bible,False,115000,115000,True,8,8,True,8,8,,,,
Ezekiel,37,16,Ezekiel 37:16 bible,False,124000,124000,True,8,8,True,8,8,,,,
Ezekiel,37,17,Ezekiel 37:17 bible,True,135,77400,False,0,0,False,0,0,0.0,0.0,0.0,0.0
Ezekiel,37,18,Ezekiel 37:18 bible,False,94500,94500,True,8,8,True,8,8,,,,
Ezekiel,37,19,Ezekiel 37:19 bible,False,71200,71200,True,9,9,True,9,9,,,,
Ezekiel,37,20,Ezekiel 37:20 bible,False,77800,77800,True,9,9,True,9,9,,,,
Ezekiel,37,21,Ezekiel 37:21 bible,False,136000,136000,True,8,8,True,8,8,,,,
Ezekiel,37,22,Ezekiel 37:22 bible,False,103000,103000,False,0,0,False,0,0,0.0,0.0,0.0,0.0
Ezekiel,37,23,Ezekiel 37:23 bible,False,326000,326000,True,9,9,True,9,9,,,,
Ezekiel,37,24,Ezekiel 37:24 bible,False,145000,145000,True,9,9,True,9,9,,,,
Ezekiel,37,25,Ezekiel 37:25 bible,True,140,176000,False,0,0,False,0,0,0.0,0.0,0.0,0.0
Ezekiel,37,26,Ezekiel 37:26 bible,False,114000,114000,True,8,8,True,8,8,,,,
Ezekiel,37,27,Ezekiel 37:27 bible,False,82800,82800,False,0,0,False,0,0,0.0,0.0,0.0,0.0
Ezekiel,37,28,Ezekiel 37:28 bible,False,106000,106000,True,8,8,True,8,8,,,,
Ezekiel,38,1,Ezekiel 38:1 bible,False,309000,309000,True,8,8,True,8,8,,,,
Ezekiel,38,2,Ezekiel 38:2 bible,False,210000,210000,True,9,9,True,9,9,,,,
Ezekiel,38,3,Ezekiel 38:3 bible,False,146000,146000,True,8,8,True,8,8,,,,
Ezekiel,38,4,Ezekiel 38:4 bible,False,196000,196000,True,9,9,True,9,9,,,,
Ezekiel,38,5,Ezekiel 38:5 bible,False,108000,108000,False,0,0,False,0,0,0.0,0.0,0.0,0.0
Ezekiel,38,6,Ezekiel 38:6 bible,False,93200,93200,False,0,0,False,0,0,0.0,0.0,0.0,0.0
Ezekiel,38,7,Ezekiel 38:7 bible,False,171000,171000,True,8,8,True,8,8,,,,
Ezekiel,38,8,Ezekiel 38:8 bible,False,150000,150000,True,9,9,True,9,9,,,,
Ezekiel,38,9,Ezekiel 38:9 bible,False,96100,96100,True,8,8,True,8,8,,,,
Ezekiel,38,10,Ezekiel 38:10 bible,False,105000,105000,True,8,8,True,8,8,,,,
Ezekiel,38,11,Ezekiel 38:11 bible,False,73700,73700,True,9,9,True,9,9,,,,
Ezekiel,38,12,Ezekiel 38:12 bible,False,138000,138000,False,0,0,False,0,0,0.0,0.0,0.0,0.0
Ezekiel,38,13,Ezekiel 38:13 bible,False,68600,68600,False,0,0,False,0,0,0.0,0.0,0.0,0.0
Ezekiel,38,14,Ezekiel 38:14 bible,False,80700,80700,True,9,9,True,9,9,,,,
Ezekiel,38,15,Ezekiel 38:15 bible,False,62800,62800,False,0,0,False,0,0,0.0,0.0,0.0,0.0
Ezekiel,38,16,Ezekiel 38:16 bible,False,99200,99200,True,8,8,True,8,8,,,,
Ezekiel,38,17,Ezekiel 38:17 bible,False,94200,94200,True,9,9,True,9,9,,,,
Ezekiel,38,18,Ezekiel 38:18 bible,False,127000,127000,True,8,8,True,8,8,,,,
Ezekiel,38,19,Ezekiel 38:19 bible,False,68700,68700,True,9,9,True,9,9,,,,
Ezekiel,38,20,Ezekiel 38:20 bible,False,58900,58900,True,9,9,True,9,9,,,,
Ezekiel,38,21,Ezekiel 38:21 bible,False,51400,51400,True,9,9,True,9,9,,,,
Ezekiel,38,22,Ezekiel 38:22 bible,False,119000,119000,True,9,9,True,9,9,,,,
Ezekiel,38,23,Ezekiel 38:23 bible,False,66300,66300,False,0,0,False,0,0,0.0,0.0,0.0,0.0
Ezekiel,39,1,Ezekiel 39:1 bible,False,293000,293000,True,8,8,True,8,8,,,,
Ezekiel,39,2,Ezekiel 39:2 bible,False,242000,242000,True,9,9,True,9,9,,,,
Ezekiel,39,3,Ezekiel 39:3 bible,False,113000,113000,True,8,8,True,8,8,,,,
Ezekiel,39,4,Ezekiel 39:4 bible,False,115000,115000,True,9,9,True,9,9,,,,
Ezekiel,39,5,Ezekiel 39:5 bible,False,144000,144000,False,0,0,False,0,0,0.0,0.0,0.0,0.0
Ezekiel,39,6,Ezekiel 39:6 bible,False,105000,105000,False,0,0,False,0,0,0.0,0.0,0.0,0.0
Ezekiel,39,7,Ezekiel 39:7 bible,False,159000,159000,True,8,8,True,8,8,,,,
Ezekiel,39,8,Ezekiel 39:8 bible,False,77800,77800,True,8,8,True,8,8,,,,
Ezekiel,39,9,Ezekiel 39:9 bible,False,125000,125000,True,8,8,True,8,8,,,,
Ezekiel,39,10,Ezekiel 39:10 bible,False,73500,73500,True,8,8,True,8,8,,,,
Ezekiel,39,11,Ezekiel 39:11 bible,False,76100,76100,False,0,0,False,0,0,0.0,0.0,0.0,0.0
Ezekiel,39,12,Ezekiel 39:12 bible,False,80800,80800,True,8,8,True,8,8,,,,
Ezekiel,39,13,Ezekiel 39:13 bible,False,46700,46700,True,9,9,True,9,9,,,,
Ezekiel,39,14,Ezekiel 39:14 bible,False,45700,45700,True,9,8,True,9,8,,,,
Ezekiel,39,15,Ezekiel 39:15 bible,False,32900,32900,True,9,9,True,9,9,,,,
Ezekiel,39,16,Ezekiel 39:16 bible,False,60400,60400,False,0,0,False,0,0,0.0,0.0,0.0,0.0
Ezekiel,39,17,Ezekiel 39:17 bible,False,56800,56800,False,0,0,False,0,0,0.0,0.0,0.0,0.0
Ezekiel,39,18,Ezekiel 39:18 bible,False,33700,33700,True,9,9,True,9,9,,,,
Ezekiel,39,19,Ezekiel 39:19 bible,False,38300,38300,True,9,9,True,9,9,,,,
Ezekiel,39,20,Ezekiel 39:20 bible,True,132,41700,False,0,0,False,0,0,0.0,0.0,0.0,0.0
Ezekiel,39,21,Ezekiel 39:21 bible,False,102000,102000,False,0,0,False,0,0,0.0,0.0,0.0,0.0
Ezekiel,39,22,Ezekiel 39:22 bible,False,63300,63300,True,8,8,True,8,8,,,,
Ezekiel,39,23,Ezekiel 39:23 bible,False,40800,40800,True,8,8,True,8,8,,,,
Ezekiel,39,24,Ezekiel 39:24 bible,True,131,28500,False,0,0,False,0,0,0.0,0.0,0.0,0.0
Ezekiel,39,25,Ezekiel 39:25 bible,False,46600,46600,True,8,8,True,8,8,,,,
Ezekiel,39,26,Ezekiel 39:26 bible,False,51700,51700,False,0,0,False,0,0,0.0,0.0,0.0,0.0
Ezekiel,39,27,Ezekiel 39:27 bible,False,42600,42600,False,0,0,False,0,0,0.0,0.0,0.0,0.0
Ezekiel,39,28,Ezekiel 39:28 bible,False,35500,35500,True,9,9,True,9,9,,,,
Ezekiel,39,29,Ezekiel 39:29 bible,False,63300,63300,True,8,8,True,8,8,,,,
Ezekiel,40,1,Ezekiel 40:1 bible,False,384000,384000,True,9,9,True,9,9,,,,
Ezekiel,40,2,Ezekiel 40:2 bible,False,253000,253000,True,9,9,True,9,9,,,,
Ezekiel,40,3,Ezekiel 40:3 bible,False,304000,304000,False,0,0,False,0,0,0.0,0.0,0.0,0.0
Ezekiel,40,4,Ezekiel 40:4 bible,False,166000,166000,True,8,8,True,8,8,,,,
Ezekiel,40,5,Ezekiel 40:5 bible,False,164000,164000,True,8,8,True,8,8,,,,
Ezekiel,40,6,Ezekiel 40:6 bible,False,244000,244000,True,9,9,True,9,9,,,,
Ezekiel,40,7,Ezekiel 40:7 bible,False,133000,133000,True,8,8,True,8,8,,,,
Ezekiel,40,8,Ezekiel 40:8 bible,False,350000,350000,True,8,8,True,8,8,,,,
Ezekiel,40,9,Ezekiel 40:9 bible,True,123,128000,False,0,0,False,0,0,0.0,0.0,0.0,0.0
Ezekiel,40,10,Ezekiel 40:10 bible,False,168000,168000,True,8,8,True,8,8,,,,
Ezekiel,40,11,Ezekiel 40:11 bible,False,161000,161000,True,8,8,True,8,8,,,,
Ezekiel,40,12,Ezekiel 40:12 bible,False,105000,105000,True,8,8,True,8,8,,,,
Ezekiel,40,13,Ezekiel 40:13 bible,False,117000,117000,True,8,8,True,8,8,,,,
Ezekiel,40,14,Ezekiel 40:14 bible,False,110000,110000,True,8,8,True,8,8,,,,
Ezekiel,40,15,Ezekiel 40:15 bible,False,79800,79800,False,0,0,False,0,0,0.0,0.0,0.0,0.0
Ezekiel,40,16,Ezekiel 40:16 bible,False,59200,59200,True,8,8,True,8,8,,,,
Ezekiel,40,17,Ezekiel 40:17 bible,False,81800,81800,True,8,8,True,8,8,,,,
Ezekiel,40,18,Ezekiel 40:18 bible,False,57500,57500,True,8,8,True,8,8,,,,
Ezekiel,40,19,Ezekiel 40:19 bible,False,74000,74000,True,8,8,True,8,8,,,,
Ezekiel,40,20,Ezekiel 40:20 bible,False,54400,54400,True,8,8,True,8,8,,,,
Ezekiel,40,21,Ezekiel 40:21 bible,False,57900,57900,True,8,8,True,8,8,,,,
Ezekiel,40,22,Ezekiel 40:22 bible,False,96400,96400,True,9,9,True,9,9,,,,
Ezekiel,40,23,Ezekiel 40:23 bible,False,44100,44100,False,0,0,False,0,0,0.0,0.0,0.0,0.0
Ezekiel,40,24,Ezekiel 40:24 bible,False,24700,24700,True,8,8,True,8,8,,,,
Ezekiel,40,25,Ezekiel 40:25 bible,False,61700,61700,True,8,8,True,8,8,,,,
Ezekiel,40,26,Ezekiel 40:26 bible,False,109000,109000,True,9,9,True,9,9,,,,
Ezekiel,40,27,Ezekiel 40:27 bible,False,40700,40700,True,8,8,True,8,8,,,,
Ezekiel,40,28,Ezekiel 40:28 bible,False,321000,321000,False,0,0,False,0,0,0.0,0.0,0.0,0.0
Ezekiel,40,29,Ezekiel 40:29 bible,False,193000,193000,True,9,9,True,9,9,,,,
Ezekiel,40,30,Ezekiel 40:30 bible,False,135000,135000,True,8,8,True,8,8,,,,
Ezekiel,40,31,Ezekiel 40:31 bible,False,389000,389000,False,0,0,False,0,0,0.0,0.0,0.0,0.0
Ezekiel,40,32,Ezekiel 40:32 bible,False,67800,67800,False,0,0,False,0,0,0.0,0.0,0.0,0.0
Ezekiel,40,33,Ezekiel 40:33 bible,False,37100,37100,True,9,9,True,9,9,,,,
Ezekiel,40,34,Ezekiel 40:34 bible,False,120000,120000,True,9,9,True,9,9,,,,
Ezekiel,40,35,Ezekiel 40:35 bible,False,36200,36200,True,8,8,True,8,8,,,,
Ezekiel,40,36,Ezekiel 40:36 bible,False,34100,34100,True,8,8,True,8,8,,,,
Ezekiel,40,37,Ezekiel 40:37 bible,False,30600,30600,False,0,0,False,0,0,0.0,0.0,0.0,0.0
Ezekiel,40,38,Ezekiel 40:38 bible,False,40600,40600,True,8,8,True,8,8,,,,
Ezekiel,40,39,Ezekiel 40:39 bible,False,30500,30500,False,0,0,False,0,0,0.0,0.0,0.0,0.0
Ezekiel,40,40,Ezekiel 40:40 bible,False,47400,47400,True,8,8,True,8,8,,,,
Ezekiel,40,41,Ezekiel 40:41 bible,False,376000,376000,True,8,8,True,8,8,,,,
Ezekiel,40,42,Ezekiel 40:42 bible,False,292000,292000,True,8,8,True,8,8,,,,
Ezekiel,40,43,Ezekiel 40:43 bible,False,115000,115000,True,8,8,True,8,8,,,,
Ezekiel,40,44,Ezekiel 40:44 bible,False,126000,126000,True,8,8,True,8,8,,,,
Ezekiel,40,45,Ezekiel 40:45 bible,True,124,133000,False,0,0,False,0,0,0.0,0.0,0.0,0.0
Ezekiel,40,46,Ezekiel 40:46 bible,False,64500,64500,True,8,8,True,8,8,,,,
Ezekiel,40,47,Ezekiel 40:47 bible,False,62300,62300,True,8,8,True,8,8,,,,
Ezekiel,40,48,Ezekiel 40:48 bible,True,0,0,False,0,0,False,0,0,0.0,0.0,0.0,0.0
Ezekiel,40,49,Ezekiel 40:49 bible,True,0,0,False,0,0,False,0,0,0.0,0.0,0.0,0.0
Ezekiel,41,1,Ezekiel 41:1 bible,False,269000,269000,True,8,8,True,8,8,,,,
Ezekiel,41,2,Ezekiel 41:2 bible,False,133000,133000,True,8,8,True,8,8,,,,
Ezekiel,41,3,Ezekiel 41:3 bible,True,0,0,False,0,0,False,0,0,0.0,0.0,0.0,0.0
Ezekiel,41,4,Ezekiel 41:4 bible,False,138000,138000,True,8,8,True,8,8,,,,
Ezekiel,41,5,Ezekiel 41:5 bible,False,65400,65400,True,8,8,True,8,8,,,,
Ezekiel,41,6,Ezekiel 41:6 bible,False,55500,55500,True,9,9,True,9,9,,,,
Ezekiel,41,7,Ezekiel 41:7 bible,False,44400,44400,True,8,8,True,8,8,,,,
Ezekiel,41,8,Ezekiel 41:8 bible,False,129000,129000,True,9,9,True,9,9,,,,
Ezekiel,41,9,Ezekiel 41:9 bible,False,145000,145000,True,9,9,True,9,9,,,,
Ezekiel,41,10,Ezekiel 41:10 bible,False,391000,391000,True,8,8,True,8,8,,,,
Ezekiel,41,11,Ezekiel 41:11 bible,False,96600,96600,True,8,8,True,8,8,,,,
Ezekiel,41,12,Ezekiel 41:12 bible,False,86300,86300,True,8,8,True,8,8,,,,
Ezekiel,41,13,Ezekiel 41:13 bible,False,225000,225000,True,8,8,True,8,8,,,,
Ezekiel,41,14,Ezekiel 41:14 bible,False,103000,103000,True,9,9,True,9,9,,,,
Ezekiel,41,15,Ezekiel 41:15 bible,False,65100,65100,True,8,8,True,8,8,,,,
Ezekiel,41,16,Ezekiel 41:16 bible,True,0,0,False,0,0,False,0,0,0.0,0.0,0.0,0.0
Ezekiel,41,17,Ezekiel 41:17 bible,False,73800,73800,True,9,9,True,9,9,,,,
Ezekiel,41,18,Ezekiel 41:18 bible,False,71900,71900,True,9,9,True,9,9,,,,
Ezekiel,41,19,Ezekiel 41:19 bible,True,0,0,False,0,0,False,0,0,0.0,0.0,0.0,0.0
Ezekiel,41,20,Ezekiel 41:20 bible,True,0,0,False,0,0,False,0,0,0.0,0.0,0.0,0.0
Ezekiel,41,21,Ezekiel 41:21 bible,False,54100,54100,True,8,8,True,8,8,,,,
Ezekiel,41,22,Ezekiel 41:22 bible,False,34500,34500,True,9,9,True,9,9,,,,
Ezekiel,41,23,Ezekiel 41:23 bible,False,42000,42000,True,8,8,True,8,8,,,,
Ezekiel,41,24,Ezekiel 41:24 bible,False,19900,19900,True,8,8,True,8,8,,,,
Ezekiel,41,25,Ezekiel 41:25 bible,True,0,0,False,0,0,False,0,0,0.0,0.0,0.0,0.0
Ezekiel,41,26,Ezekiel 41:26 bible,False,46900,46900,True,8,8,True,8,8,,,,
Ezekiel,42,1,Ezekiel 42:1 bible,False,387000,387000,True,8,8,True,8,8,,,,
Ezekiel,42,2,Ezekiel 42:2 bible,False,222000,222000,True,8,8,True,8,8,,,,
Ezekiel,42,3,Ezekiel 42:3 bible,False,184000,184000,True,8,8,True,8,8,,,,
Ezekiel,42,4,Ezekiel 42:4 bible,False,91000,91000,True,8,8,True,8,8,,,,
Ezekiel,42,5,Ezekiel 42:5 bible,False,312000,312000,True,8,8,True,8,8,,,,
Ezekiel,42,6,Ezekiel 42:6 bible,False,271000,271000,True,8,8,True,8,8,,,,
Ezekiel,42,7,Ezekiel 42:7 bible,True,0,0,False,0,0,False,0,0,0.0,0.0,0.0,0.0
Ezekiel,42,8,Ezekiel 42:8 bible,False,369000,369000,True,9,9,True,9,9,,,,
Ezekiel,42,9,Ezekiel 42:9 bible,False,134000,134000,True,8,8,True,8,8,,,,
Ezekiel,42,10,Ezekiel 42:10 bible,False,331000,331000,True,8,8,True,8,8,,,,
Ezekiel,42,11,Ezekiel 42:11 bible,False,136000,136000,True,8,8,True,8,8,,,,
Ezekiel,42,12,Ezekiel 42:12 bible,False,111000,111000,True,9,9,True,9,9,,,,
Ezekiel,42,13,Ezekiel 42:13 bible,False,144000,144000,True,9,9,True,9,9,,,,
Ezekiel,42,14,Ezekiel 42:14 bible,True,0,0,False,0,0,False,0,0,0.0,0.0,0.0,0.0
Ezekiel,42,15,Ezekiel 42:15 bible,False,70900,70900,True,8,8,True,8,8,,,,
Ezekiel,42,16,Ezekiel 42:16 bible,False,163000,163000,True,9,9,True,9,9,,,,
Ezekiel,42,17,Ezekiel 42:17 bible,True,0,0,False,0,0,False,0,0,0.0,0.0,0.0,0.0
Ezekiel,42,18,Ezekiel 42:18 bible,False,65900,65900,True,9,9,True,9,9,,,,
Ezekiel,42,19,Ezekiel 42:19 bible,True,0,0,False,0,0,False,0,0,0.0,0.0,0.0,0.0
Ezekiel,42,20,Ezekiel 42:20 bible,False,68700,68700,True,8,8,True,8,8,,,,
Ezekiel,43,1,Ezekiel 43:1 bible,False,383000,383000,True,8,8,True,8,8,,,,
Ezekiel,43,2,Ezekiel 43:2 bible,False,386000,386000,True,9,9,True,9,9,,,,
Ezekiel,43,3,Ezekiel 43:3 bible,False,183000,183000,True,9,9,True,9,9,,,,
Ezekiel,43,4,Ezekiel 43:4 bible,False,131000,131000,True,8,8,True,8,8,,,,
Ezekiel,43,5,Ezekiel 43:5 bible,False,138000,138000,True,9,9,True,9,9,,,,
Ezekiel,43,6,Ezekiel 43:6 bible,True,0,0,False,0,0,False,0,0,0.0,0.0,0.0,0.0
Ezekiel,43,7,Ezekiel 43:7 bible,False,159000,159000,True,8,8,True,8,8,,,,
Ezekiel,43,8,Ezekiel 43:8 bible,False,45900,45900,True,8,8,True,8,8,,,,
Ezekiel,43,9,Ezekiel 43:9 bible,True,0,0,False,0,0,False,0,0,0.0,0.0,0.0,0.0
Ezekiel,43,10,Ezekiel 43:10 bible,False,214000,214000,True,9,9,True,9,9,,,,
Ezekiel,43,11,Ezekiel 43:11 bible,True,0,0,False,0,0,False,0,0,0.0,0.0,0.0,0.0
Ezekiel,43,12,Ezekiel 43:12 bible,True,0,0,False,0,0,False,0,0,0.0,0.0,0.0,0.0
Ezekiel,43,13,Ezekiel 43:13 bible,False,95600,95600,True,8,8,True,8,8,,,,
Ezekiel,43,14,Ezekiel 43:14 bible,True,0,0,False,0,0,False,0,0,0.0,0.0,0.0,0.0
Ezekiel,43,15,Ezekiel 43:15 bible,False,66500,66500,True,9,9,True,9,9,,,,
Ezekiel,43,16,Ezekiel 43:16 bible,False,61900,61900,True,9,9,True,9,9,,,,
Ezekiel,43,17,Ezekiel 43:17 bible,True,0,0,False,0,0,False,0,0,0.0,0.0,0.0,0.0
Ezekiel,43,18,Ezekiel 43:18 bible,False,299000,299000,True,8,8,True,8,8,,,,
Ezekiel,43,19,Ezekiel 43:19 bible,False,153000,153000,True,9,9,True,9,9,,,,
Ezekiel,43,20,Ezekiel 43:20 bible,False,42900,42900,True,9,9,True,9,9,,,,
Ezekiel,43,21,Ezekiel 43:21 bible,False,104000,104000,True,9,9,True,9,9,,,,
Ezekiel,43,22,Ezekiel 43:22 bible,True,0,0,False,0,0,False,0,0,0.0,0.0,0.0,0.0
Ezekiel,43,23,Ezekiel 43:23 bible,False,50300,50300,True,9,9,True,9,9,,,,
Ezekiel,43,24,Ezekiel 43:24 bible,False,33100,33100,True,9,9,True,9,9,,,,
Ezekiel,43,25,Ezekiel 43:25 bible,False,163000,163000,True,9,9,True,9,9,,,,
Ezekiel,43,26,Ezekiel 43:26 bible,False,86000,86000,True,8,8,True,8,8,,,,
Ezekiel,43,27,Ezekiel 43:27 bible,True,0,0,False,0,0,False,0,0,0.0,0.0,0.0,0.0
Ezekiel,44,1,Ezekiel 44:1 bible,True,0,0,False,0,0,False,0,0,0.0,0.0,0.0,0.0
Ezekiel,44,2,Ezekiel 44:2 bible,False,134000,134000,True,9,9,True,9,9,,,,
Ezekiel,44,3,Ezekiel 44:3 bible,False,244000,244000,True,9,9,True,9,9,,,,
Ezekiel,44,4,Ezekiel 44:4 bible,False,106000,106000,True,8,8,True,8,8,,,,
Ezekiel,44,5,Ezekiel 44:5 bible,True,0,0,False,0,0,False,0,0,0.0,0.0,0.0,0.0
Ezekiel,44,6,Ezekiel 44:6 bible,False,239000,239000,True,9,9,True,9,9,,,,
Ezekiel,44,7,Ezekiel 44:7 bible,False,77500,77500,False,0,0,False,0,0,0.0,0.0,0.0,0.0
Ezekiel,44,8,Ezekiel 44:8 bible,False,108000,108000,False,0,0,False,0,0,0.0,0.0,0.0,0.0
Ezekiel,44,9,Ezekiel 44:9 bible,False,82600,82600,False,0,0,False,0,0,0.0,0.0,0.0,0.0
Ezekiel,44,10,Ezekiel 44:10 bible,False,54300,54300,False,0,0,False,0,0,0.0,0.0,0.0,0.0
Ezekiel,44,11,Ezekiel 44:11 bible,False,50100,50100,True,8,8,True,8,8,,,,
Ezekiel,44,12,Ezekiel 44:12 bible,False,68700,68700,True,8,8,True,8,8,,,,
Ezekiel,44,13,Ezekiel 44:13 bible,False,40500,40500,False,0,0,False,0,0,0.0,0.0,0.0,0.0
Ezekiel,44,14,Ezekiel 44:14 bible,False,76500,76500,True,9,9,True,9,9,,,,
Ezekiel,44,15,Ezekiel 44:15 bible,False,71000,71000,False,0,0,False,0,0,0.0,0.0,0.0,0.0
Ezekiel,44,16,Ezekiel 44:16 bible,False,56400,56400,True,8,8,True,8,8,,,,
Ezekiel,44,17,Ezekiel 44:17 bible,False,69300,69300,True,8,8,True,8,8,,,,
Ezekiel,44,18,Ezekiel 44:18 bible,False,55200,55200,True,9,9,True,9,9,,,,
Ezekiel,44,19,Ezekiel 44:19 bible,False,46300,46300,True,8,8,True,8,8,,,,
Ezekiel,44,20,Ezekiel 44:20 bible,False,52900,52900,True,9,9,True,9,9,,,,
Ezekiel,44,21,Ezekiel 44:21 bible,False,80400,80400,True,9,9,True,9,9,,,,
Ezekiel,44,22,Ezekiel 44:22 bible,False,110000,110000,False,0,0,False,0,0,0.0,0.0,0.0,0.0
Ezekiel,44,23,Ezekiel 44:23 bible,False,133000,133000,True,8,8,True,8,8,,,,
Ezekiel,44,24,Ezekiel 44:24 bible,False,155000,155000,True,8,8,True,8,8,,,,
Ezekiel,44,25,Ezekiel 44:25 bible,False,139000,139000,True,9,9,True,9,9,,,,
Ezekiel,44,26,Ezekiel 44:26 bible,False,117000,117000,False,0,0,False,0,0,0.0,0.0,0.0,0.0
Ezekiel,44,27,Ezekiel 44:27 bible,False,47100,47100,True,9,9,True,9,9,,,,
Ezekiel,44,28,Ezekiel 44:28 bible,False,75400,75400,True,8,8,True,8,8,,,,
Ezekiel,44,29,Ezekiel 44:29 bible,True,0,0,False,0,0,False,0,0,0.0,0.0,0.0,0.0
Ezekiel,44,30,Ezekiel 44:30 bible,False,36800,36800,True,9,9,True,9,9,,,,
Ezekiel,44,31,Ezekiel 44:31 bible,False,14600,14600,True,8,8,True,8,8,,,,
Ezekiel,45,1,Ezekiel 45:1 bible,False,324000,324000,True,8,8,True,8,8,,,,
Ezekiel,45,2,Ezekiel 45:2 bible,False,275000,275000,True,9,9,True,9,9,,,,
Ezekiel,45,3,Ezekiel 45:3 bible,False,148000,148000,True,9,9,True,9,9,,,,
Ezekiel,45,4,Ezekiel 45:4 bible,False,172000,172000,True,8,8,True,8,8,,,,
Ezekiel,45,5,Ezekiel 45:5 bible,False,226000,226000,True,9,9,True,9,9,,,,
Ezekiel,45,6,Ezekiel 45:6 bible,False,178000,178000,False,0,0,False,0,0,0.0,0.0,0.0,0.0
Ezekiel,45,7,Ezekiel 45:7 bible,False,233000,233000,True,8,8,True,8,8,,,,
Ezekiel,45,8,Ezekiel 45:8 bible,False,116000,116000,False,0,0,False,0,0,0.0,0.0,0.0,0.0
Ezekiel,45,9,Ezekiel 45:9 bible,False,97200,97200,False,0,0,False,0,0,0.0,0.0,0.0,0.0
Ezekiel,45,10,Ezekiel 45:10 bible,False,85300,85300,False,0,0,False,0,0,0.0,0.0,0.0,0.0
Ezekiel,45,11,Ezekiel 45:11 bible,False,108000,108000,True,9,9,True,9,9,,,,
Ezekiel,45,12,Ezekiel 45:12 bible,False,96700,96700,True,9,9,True,9,9,,,,
Ezekiel,45,13,Ezekiel 45:13 bible,True,192,61700,False,0,0,False,0,0,0.0,0.0,0.0,0.0
Ezekiel,45,14,Ezekiel 45:14 bible,False,85800,85800,True,9,9,True,9,9,,,,
Ezekiel,45,15,Ezekiel 45:15 bible,False,63400,63400,True,8,8,True,8,8,,,,
Ezekiel,45,16,Ezekiel 45:16 bible,True,134,64800,False,0,0,False,0,0,0.0,0.0,0.0,0.0
Ezekiel,45,17,Ezekiel 45:17 bible,False,102000,102000,True,9,9,True,9,9,,,,
Ezekiel,45,18,Ezekiel 45:18 bible,False,131000,131000,True,8,8,True,8,8,,,,
Ezekiel,45,19,Ezekiel 45:19 bible,False,101000,101000,False,0,0,False,0,0,0.0,0.0,0.0,0.0
Ezekiel,45,20,Ezekiel 45:20 bible,False,46800,46800,False,0,0,False,0,0,0.0,0.0,0.0,0.0
Ezekiel,45,21,Ezekiel 45:21 bible,False,126000,126000,True,9,9,True,9,9,,,,
Ezekiel,45,22,Ezekiel 45:22 bible,False,147000,147000,True,9,9,True,9,9,,,,
Ezekiel,45,23,Ezekiel 45:23 bible,False,134000,134000,True,8,8,True,8,8,,,,
Ezekiel,45,24,Ezekiel 45:24 bible,True,191,69400,False,0,0,False,0,0,0.0,0.0,0.0,0.0
Ezekiel,45,25,Ezekiel 45:25 bible,False,30100,30100,False,0,0,False,0,0,0.0,0.0,0.0,0.0
Ezekiel,46,1,Ezekiel 46:1 bible,False,389000,389000,True,8,8,True,8,8,,,,
Ezekiel,46,2,Ezekiel 46:2 bible,False,149000,149000,True,9,9,True,9,9,,,,
Ezekiel,46,3,Ezekiel 46:3 bible,True,126,0,False,0,0,False,0,0,0.0,0.0,0.0,0.0
Ezekiel,46,4,Ezekiel 46:4 bible,False,158000,158000,True,8,8,True,8,8,,,,
Ezekiel,46,5,Ezekiel 46:5 bible,False,115000,115000,True,9,9,True,9,9,,,,
Ezekiel,46,6,Ezekiel 46:6 bible,True,185,86300,False,0,0,False,0,0,0.0,0.0,0.0,0.0
Ezekiel,46,7,Ezekiel 46:7 bible,False,112000,112000,False,0,0,False,0,0,0.0,0.0,0.0,0.0
Ezekiel,46,8,Ezekiel 46:8 bible,False,69500,69500,True,8,8,True,8,8,,,,
Ezekiel,46,9,Ezekiel 46:9 bible,False,271000,271000,True,8,8,True,8,8,,,,
Ezekiel,46,10,Ezekiel 46:10 bible,False,387000,387000,True,9,9,True,9,9,,,,
Ezekiel,46,11,Ezekiel 46:11 bible,False,71600,71600,True,8,8,True,8,8,,,,
Ezekiel,46,12,Ezekiel 46:12 bible,False,36900,36900,True,9,9,True,9,9,,,,
Ezekiel,46,13,Ezekiel 46:13 bible,False,59700,59700,True,9,9,True,9,9,,,,
Ezekiel,46,14,Ezekiel 46:14 bible,False,27500,27500,True,9,9,True,9,9,,,,
Ezekiel,46,15,Ezekiel 46:15 bible,False,28300,28300,False,0,0,False,0,0,0.0,0.0,0.0,0.0
Ezekiel,46,16,Ezekiel 46:16 bible,False,23300,23300,True,9,9,True,9,9,,,,
Ezekiel,46,17,Ezekiel 46:17 bible,False,25200,25200,False,0,0,False,0,0,0.0,0.0,0.0,0.0
Ezekiel,46,18,Ezekiel 46:18 bible,False,57200,57200,True,8,8,True,8,8,,,,
Ezekiel,46,19,Ezekiel 46:19 bible,False,71900,71900,False,0,0,False,0,0,0.0,0.0,0.0,0.0
Ezekiel,46,20,Ezekiel 46:20 bible,False,24100,24100,True,9,9,True,9,9,,,,
Ezekiel,46,21,Ezekiel 46:21 bible,False,21300,21300,True,8,8,True,8,8,,,,
Ezekiel,46,22,Ezekiel 46:22 bible,False,30300,30300,True,9,9,True,9,9,,,,
Ezekiel,46,23,Ezekiel 46:23 bible,True,124,0,False,0,0,False,0,0,0.0,0.0,0.0,0.0
Ezekiel,46,24,Ezekiel 46:24 bible,False,46600,46600,True,8,8,True,8,8,,,,
Ezekiel,47,1,Ezekiel 47:1 bible,False,272000,272000,True,9,8,True,9,8,,,,
Ezekiel,47,2,Ezekiel 47:2 bible,False,133000,133000,True,8,8,True,8,8,,,,
Ezekiel,47,3,Ezekiel 47:3 bible,False,75900,75900,True,8,8,True,8,8,,,,
Ezekiel,47,4,Ezekiel 47:4 bible,False,90900,90900,True,9,9,True,9,9,,,,
Ezekiel,47,5,Ezekiel 47:5 bible,False,64100,64100,True,8,8,True,8,8,,,,
Ezekiel,47,6,Ezekiel 47:6 bible,False,65000,65000,True,8,8,True,8,8,,,,
Ezekiel,47,7,Ezekiel 47:7 bible,False,112000,112000,False,0,0,False,0,0,0.0,0.0,0.0,0.0
Ezekiel,47,8,Ezekiel 47:8 bible,False,91100,91100,True,8,8,True,8,8,,,,
Ezekiel,47,9,Ezekiel 47:9 bible,False,91100,91100,True,8,8,True,8,8,,,,
Ezekiel,47,10,Ezekiel 47:10 bible,False,58800,58800,True,9,9,True,9,9,,,,
Ezekiel,47,11,Ezekiel 47:11 bible,False,49900,49900,True,9,9,True,9,9,,,,
Ezekiel,47,12,Ezekiel 47:12 bible,False,106000,106000,False,0,0,False,0,0,0.0,0.0,0.0,0.0
Ezekiel,47,13,Ezekiel 47:13 bible,False,61300,61300,False,0,0,False,0,0,0.0,0.0,0.0,0.0
Ezekiel,47,14,Ezekiel 47:14 bible,False,72200,72200,False,0,0,False,0,0,0.0,0.0,0.0,0.0
Ezekiel,47,15,Ezekiel 47:15 bible,False,66400,66400,False,0,0,False,0,0,0.0,0.0,0.0,0.0
Ezekiel,47,16,Ezekiel 47:16 bible,False,42400,42400,True,8,8,True,8,8,,,,
Ezekiel,47,17,Ezekiel 47:17 bible,False,33600,33600,True,9,8,True,9,8,,,,
Ezekiel,47,18,Ezekiel 47:18 bible,False,44100,44100,True,8,8,True,8,8,,,,
Ezekiel,47,19,Ezekiel 47:19 bible,True,139,0,False,0,0,False,0,0,0.0,0.0,0.0,0.0
Ezekiel,47,20,Ezekiel 47:20 bible,False,38600,38600,False,0,0,False,0,0,0.0,0.0,0.0,0.0
Ezekiel,47,21,Ezekiel 47:21 bible,False,18800,18800,False,0,0,False,0,0,0.0,0.0,0.0,0.0
Ezekiel,47,22,Ezekiel 47:22 bible,False,26100,26100,True,8,8,True,8,8,,,,
Ezekiel,47,23,Ezekiel 47:23 bible,False,25100,25100,True,8,8,True,8,8,,,,
Ezekiel,48,1,Ezekiel 48:1 bible,False,187000,187000,True,8,8,True,8,8,,,,
Ezekiel,48,2,Ezekiel 48:2 bible,False,189000,189000,True,8,8,True,8,8,,,,
Ezekiel,48,3,Ezekiel 48:3 bible,False,81700,81700,True,8,8,True,8,8,,,,
Ezekiel,48,4,Ezekiel 48:4 bible,False,53900,53900,False,0,0,False,0,0,0.0,0.0,0.0,0.0
Ezekiel,48,5,Ezekiel 48:5 bible,False,85800,85800,True,8,8,True,8,8,,,,
Ezekiel,48,6,Ezekiel 48:6 bible,False,51000,51000,True,9,9,True,9,9,,,,
Ezekiel,48,7,Ezekiel 48:7 bible,False,44100,44100,True,8,8,True,8,8,,,,
Ezekiel,48,8,Ezekiel 48:8 bible,False,62900,62900,True,9,9,True,9,9,,,,
Ezekiel,48,9,Ezekiel 48:9 bible,True,0,0,False,0,0,False,0,0,0.0,0.0,0.0,0.0
Ezekiel,48,10,Ezekiel 48:10 bible,True,0,0,False,0,0,False,0,0,0.0,0.0,0.0,0.0
Ezekiel,48,11,Ezekiel 48:11 bible,True,0,0,False,0,0,False,0,0,0.0,0.0,0.0,0.0
Ezekiel,48,12,Ezekiel 48:12 bible,False,127000,127000,True,9,9,True,9,9,,,,
Ezekiel,48,13,Ezekiel 48:13 bible,False,95300,95300,True,8,8,True,8,8,,,,
Ezekiel,48,14,Ezekiel 48:14 bible,False,114000,114000,True,9,9,True,9,9,,,,
Ezekiel,48,15,Ezekiel 48:15 bible,False,117000,117000,True,8,8,True,8,8,,,,
Ezekiel,48,16,Ezekiel 48:16 bible,False,144000,144000,True,8,8,True,8,8,,,,
Ezekiel,48,17,Ezekiel 48:17 bible,False,172000,172000,True,9,9,True,9,9,,,,
Ezekiel,48,18,Ezekiel 48:18 bible,False,83400,83400,True,8,8,True,8,8,,,,
Ezekiel,48,19,Ezekiel 48:19 bible,True,0,0,False,0,0,False,0,0,0.0,0.0,0.0,0.0
Ezekiel,48,20,Ezekiel 48:20 bible,False,63200,63200,True,8,8,True,8,8,,,,
Ezekiel,48,21,Ezekiel 48:21 bible,False,88700,88700,True,9,9,True,9,9,,,,
Ezekiel,48,22,Ezekiel 48:22 bible,False,75900,75900,True,9,9,True,9,9,,,,
Ezekiel,48,23,Ezekiel 48:23 bible,False,27400,27400,True,9,9,True,9,9,,,,
Ezekiel,48,24,Ezekiel 48:24 bible,False,28700,28700,True,9,9,True,9,9,,,,
Ezekiel,48,25,Ezekiel 48:25 bible,False,29500,29500,True,8,8,True,8,8,,,,
Ezekiel,48,26,Ezekiel 48:26 bible,True,0,22500,False,0,0,False,0,0,0.0,0.0,0.0,0.0
Ezekiel,48,27,Ezekiel 48:27 bible,False,25500,25500,True,9,9,True,9,9,,,,
Ezekiel,48,28,Ezekiel 48:28 bible,False,45400,45400,True,8,8,True,8,8,,,,
Ezekiel,48,29,Ezekiel 48:29 bible,False,60600,60600,True,9,9,True,9,9,,,,
Ezekiel,48,30,Ezekiel 48:30 bible,False,25200,25200,True,8,8,True,8,8,,,,
Ezekiel,48,31,Ezekiel 48:31 bible,True,0,34000,False,0,0,False,0,0,0.0,0.0,0.0,0.0
Ezekiel,48,32,Ezekiel 48:32 bible,False,20400,20400,False,0,0,False,0,0,0.0,0.0,0.0,0.0
Ezekiel,48,33,Ezekiel 48:33 bible,False,19300,19300,True,9,9,True,9,9,,,,
Ezekiel,48,34,Ezekiel 48:34 bible,False,24700,24700,True,8,8,True,8,8,,,,
Ezekiel,48,35,Ezekiel 48:35 bible,False,114000,114000,True,8,8,True,8,8,,,,
