book,chapter,verse,query,retry_applied,raw_hit_count_initial,raw_hit_count_final,has_result_initial,items_count_initial,organic_items_count_initial,has_result_final,items_count_final,organic_items_count_final,log10_raw_hit_count,z_log10_raw_hit_count,minmax_log10_raw_hit_count,fusion_score
Genesis,1,1,Genesis 1:1 bible,False,7000000,7000000,True,8,8,True,8,8,,,,
Genesis,1,2,Genesis 1:2 bible,False,12100000,12100000,True,8,8,True,8,8,,,,
Genesis,1,3,Genesis 1:3 bible,False,7930000,7930000,True,8,8,True,8,8,,,,
Genesis,1,4,Genesis 1:4 bible,False,6050000,6050000,False,0,0,False,0,0,0.0,0.0,0.0,0.0
Genesis,1,5,Genesis 1:5 bible,False,5740000,5740000,True,7,7,True,7,7,,,,
Genesis,1,6,Genesis 1:6 bible,False,5200000,5200000,True,8,8,True,8,8,,,,
Genesis,1,7,Genesis 1:7 bible,False,5030000,5030000,True,9,9,True,9,9,,,,
Genesis,1,8,Genesis 1:8 bible,False,5190000,5190000,True,9,9,True,9,9,,,,
Genesis,1,9,Genesis 1:9 bible,False,4970000,4970000,True,9,9,True,9,9,,,,
Genesis,1,10,Genesis 1:10 bible,False,4320000,4320000,True,8,8,True,8,8,,,,
Genesis,1,11,Genesis 1:11 bible,False,4490000,4490000,True,8,8,True,8,8,,,,
Genesis,1,12,Genesis 1:12 bible,False,4280000,4280000,True,9,9,True,9,9,,,,
Genesis,1,13,Genesis 1:13 bible,False,3670000,3670000,True,8,8,True,8,8,,,,
Genesis,1,14,Genesis 1:14 bible,False,3980000,3980000,False,0,0,False,0,0,0.0,0.0,0.0,0.0
Genesis,1,15,Genesis 1:15 bible,False,3550000,3550000,False,0,0,False,0,0,0.0,0.0,0.0,0.0
Genesis,1,16,Genesis 1:16 bible,False,3510000,3510000,True,9,9,True,9,9,,,,
Genesis,1,17,Genesis 1:17 bible,False,3350000,3350000,True,8,8,True,8,8,,,,
Genesis,1,18,Genesis 1:18 bible,False,3590000,3590000,False,0,0,False,0,0,0.0,0.0,0.0,0.0
Genesis,1,19,Genesis 1:19 bible,False,2670000,2670000,True,9,9,True,9,9,,,,
Genesis,1,20,Genesis 1:20 bible,True,132,3510000,False,0,0,False,0,0,0.0,0.0,0.0,0.0
Genesis,1,21,Genesis 1:21 bible,False,2830000,2830000,False,0,0,False,0,0,0.0,0.0,0.0,0.0
Genesis,1,22,Genesis 1:22 bible,False,2140000,2140000,True,8,8,True,8,8,,,,
Genesis,1,23,Genesis 1:23 bible,False,1430000,1430000,False,0,0,False,0,0,0.0,0.0,0.0,0.0
Genesis,1,24,Genesis 1:24 bible,False,1320000,1320000,True,9,9,True,9,9,,,,
Genesis,1,25,Genesis 1:25 bible,False,1060000,1060000,True,9,9,True,9,9,,,,
Genesis,1,26,Genesis 1:26 bible,False,3200000,3200000,True,8,8,True,8,8,,,,
Genesis,1,27,Genesis 1:27 bible,False,2700000,2700000,True,7,7,True,7,7,,,,
Genesis,1,28,Genesis 1:28 bible,False,1560000,1560000,True,8,8,True,8,8,,,,
Genesis,1,29,Genesis 1:29 bible,False,1330000,1330000,True,9,9,True,9,9,,,,
Genesis,1,30,Genesis 1:30 bible,True,134,1020000,False,0,0,False,0,0,0.0,0.0,0.0,0.0
Genesis,1,31,Genesis 1:31 bible,False,990000,990000,True,8,8,True,8,8,,,,
Genesis,2,1,Genesis 2:1 bible,False,5140000,5140000,True,9,8,True,9,8,,,,
Genesis,2,2,Genesis 2:2 bible,False,3640000,3640000,True,8,8,True,8,8,,,,
Genesis,2,3,Genesis 2:3 bible,True,133,8000000,False,0,0,False,0,0,0.0,0.0,0.0,0.0
Genesis,2,4,Genesis 2:4 bible,False,4930000,4930000,False,0,0,False,0,0,0.0,0.0,0.0,0.0
Genesis,2,5,Genesis 2:5 bible,False,3840000,3840000,True,9,9,True,9,9,,,,
Genesis,2,6,Genesis 2:6 bible,False,3090000,3090000,True,9,9,True,9,9,,,,
Genesis,2,7,Genesis 2:7 bible,False,3210000,3210000,True,7,7,True,7,7,,,,
Genesis,2,8,Genesis 2:8 bible,False,3610000,3610000,False,0,0,False,0,0,0.0,0.0,0.0,0.0
Genesis,2,9,Genesis 2:9 bible,False,3420000,3420000,True,8,8,True,8,8,,,,
Genesis,2,10,Genesis 2:10 bible,False,3110000,3110000,True,8,8,True,8,8,,,,
Genesis,2,11,Genesis 2:11 bible,False,2760000,2760000,True,9,9,True,9,9,,,,
Genesis,2,12,Genesis 2:12 bible,False,2340000,2340000,True,8,8,True,8,8,,,,
Genesis,2,13,Genesis 2:13 bible,False,2590000,2590000,True,9,9,True,9,9,,,,
Genesis,2,14,Genesis 2:14 bible,False,2740000,2740000,True,9,9,True,9,9,,,,
Genesis,2,15,Genesis 2:15 bible,False,2750000,2750000,True,9,9,True,9,9,,,,
Genesis,2,16,Genesis 2:16 bible,False,1960000,1960000,True,8,8,True,8,8,,,,
Genesis,2,17,Genesis 2:17 bible,False,1720000,1720000,True,9,9,True,9,9,,,,
Genesis,2,18,Genesis 2:18 bible,False,1710000,1710000,True,8,8,True,8,8,,,,
Genesis,2,19,Genesis 2:19 bible,True,133,1380000,False,0,0,False,0,0,0.0,0.0,0.0,0.0
Genesis,2,20,Genesis 2:20 bible,False,2010000,2010000,True,9,9,True,9,9,,,,
Genesis,2,21,Genesis 2:21 bible,False,1180000,1180000,False,0,0,False,0,0,0.0,0.0,0.0,0.0
Genesis,2,22,Genesis 2:22 bible,False,1080000,1080000,True,8,8,True,8,8,,,,
Genesis,2,23,Genesis 2:23 bible,False,974000,974000,True,8,8,True,8,8,,,,
Genesis,2,24,Genesis 2:24 bible,False,1720000,1720000,True,7,7,True,7,7,,,,
Genesis,2,25,Genesis 2:25 bible,False,889000,889000,True,8,8,True,8,8,,,,
Genesis,3,1,Genesis 3:1 bible,False,5090000,5090000,True,8,8,True,8,8,,,,
Genesis,3,2,Genesis 3:2 bible,False,3190000,3190000,True,8,8,True,8,8,,,,
Genesis,3,3,Genesis 3:3 bible,False,3360000,3360000,True,9,9,True,9,9,,,,
Genesis,3,4,Genesis 3:4 bible,False,6820000,6820000,True,8,8,True,8,8,,,,
Genesis,3,5,Genesis 3:5 bible,False,5190000,5190000,True,8,8,True,8,8,,,,
Genesis,3,6,Genesis 3:6 bible,False,3740000,3740000,True,8,8,True,8,8,,,,
Genesis,3,7,Genesis 3:7 bible,False,3190000,3190000,True,9,9,True,9,9,,,,
Genesis,3,8,Genesis 3:8 bible,False,3560000,3560000,True,8,8,True,8,8,,,,
Genesis,3,9,Genesis 3:9 bible,False,2920000,2920000,True,8,8,True,8,8,,,,
Genesis,3,10,Genesis 3:10 bible,False,3140000,3140000,True,8,8,True,8,8,,,,
Genesis,3,11,Genesis 3:11 bible,False,2350000,2350000,False,0,0,False,0,0,0.0,0.0,0.0,0.0
Genesis,3,12,Genesis 3:12 bible,False,2360000,2360000,True,9,9,True,9,9,,,,
Genesis,3,13,Genesis 3:13 bible,False,2770000,2770000,False,0,0,False,0,0,0.0,0.0,0.0,0.0
Genesis,3,14,Genesis 3:14 bible,False,2610000,2610000,True,9,9,True,9,9,,,,
Genesis,3,15,Genesis 3:15 bible,False,3220000,3220000,True,7,7,True,7,7,,,,
Genesis,3,16,Genesis 3:16 bible,False,5110000,5110000,True,6,6,True,6,6,,,,
Genesis,3,17,Genesis 3:17 bible,False,2650000,2650000,False,0,0,False,0,0,0.0,0.0,0.0,0.0
Genesis,3,18,Genesis 3:18 bible,False,2360000,2360000,True,8,8,True,8,8,,,,
Genesis,3,19,Genesis 3:19 bible,False,2110000,2110000,True,9,9,True,9,9,,,,
Genesis,3,20,Genesis 3:20 bible,False,2250000,2250000,True,7,7,True,7,7,,,,
Genesis,3,21,Genesis 3:21 bible,False,1270000,1270000,True,9,9,True,9,9,,,,
Genesis,3,22,Genesis 3:22 bible,False,1420000,1420000,True,8,8,True,8,8,,,,
Genesis,3,23,Genesis 3:23 bible,False,2200000,2200000,True,8,8,True,8,8,,,,
Genesis,3,24,Genesis 3:24 bible,False,803000,803000,True,9,9,True,9,9,,,,
Genesis,4,1,Genesis 4:1 bible,False,4290000,4290000,True,9,9,True,9,9,,,,
Genesis,4,2,Genesis 4:2 bible,False,2660000,2660000,True,9,9,True,9,9,,,,
Genesis,4,3,Genesis 4:3 bible,True,136,2570000,False,0,0,False,0,0,0.0,0.0,0.0,0.0
Genesis,4,4,Genesis 4:4 bible,False,3460000,3460000,False,0,0,False,0,0,0.0,0.0,0.0,0.0
Genesis,4,5,Genesis 4:5 bible,False,5910000,5910000,True,8,8,True,8,8,,,,
Genesis,4,6,Genesis 4:6 bible,False,4820000,4820000,True,9,9,True,9,9,,,,
Genesis,4,7,Genesis 4:7 bible,False,4070000,4070000,True,7,7,True,7,7,,,,
Genesis,4,8,Genesis 4:8 bible,False,3770000,3770000,False,0,0,False,0,0,0.0,0.0,0.0,0.0
Genesis,4,9,Genesis 4:9 bible,False,2430000,2430000,False,0,0,False,0,0,0.0,0.0,0.0,0.0
Genesis,4,10,Genesis 4:10 bible,False,2430000,2430000,True,9,9,True,9,9,,,,
Genesis,4,11,Genesis 4:11 bible,False,2350000,2350000,True,8,8,True,8,8,,,,
Genesis,4,12,Genesis 4:12 bible,False,2660000,2660000,True,8,8,True,8,8,,,,
Genesis,4,13,Genesis 4:13 bible,False,2790000,2790000,True,8,8,True,8,8,,,,
Genesis,4,14,Genesis 4:14 bible,False,1710000,1710000,True,7,7,True,7,7,,,,
Genesis,4,15,Genesis 4:15 bible,False,1390000,1390000,True,8,8,True,8,8,,,,
Genesis,4,16,Genesis 4:16 bible,False,2330000,2330000,True,9,9,True,9,9,,,,
Genesis,4,17,Genesis 4:17 bible,False,1540000,1540000,True,9,9,True,9,9,,,,
Genesis,4,18,Genesis 4:18 bible,False,1530000,1530000,True,9,9,True,9,9,,,,
Genesis,4,19,Genesis 4:19 bible,False,1580000,1580000,True,9,9,True,9,9,,,,
Genesis,4,20,Genesis 4:20 bible,False,859000,859000,False,0,0,False,0,0,0.0,0.0,0.0,0.0
Genesis,4,21,Genesis 4:21 bible,False,675000,675000,True,8,8,True,8,8,,,,
Genesis,4,22,Genesis 4:22 bible,False,725000,725000,True,9,9,True,9,9,,,,
Genesis,4,23,Genesis 4:23 bible,False,1070000,1070000,True,8,8,True,8,8,,,,
Genesis,4,24,Genesis 4:24 bible,False,923000,923000,False,0,0,False,0,0,0.0,0.0,0.0,0.0
Genesis,4,25,Genesis 4:25 bible,False,700000,700000,True,8,8,True,8,8,,,,
Genesis,4,26,Genesis 4:26 bible,False,637000,637000,True,9,9,True,9,9,,,,
Genesis,5,1,Genesis 5:1 bible,False,3930000,3930000,True,8,8,True,8,8,,,,
Genesis,5,2,Genesis 5:2 bible,False,2270000,2270000,False,0,0,False,0,0,0.0,0.0,0.0,0.0
Genesis,5,3,Genesis 5:3 bible,False,2270000,2270000,False,0,0,False,0,0,0.0,0.0,0.0,0.0
Genesis,5,4,Genesis 5:4 bible,False,1700000,1700000,True,9,9,True,9,9,,,,
Genesis,5,5,Genesis 5:5 bible,False,2250000,2250000,True,8,8,True,8,8,,,,
Genesis,5,6,Genesis 5:6 bible,False,6050000,6050000,True,8,8,True,8,8,,,,
Genesis,5,7,Genesis 5:7 bible,False,4020000,4020000,True,9,9,True,9,9,,,,
Genesis,5,8,Genesis 5:8 bible,False,4010000,4010000,True,8,8,True,8,8,,,,
Genesis,5,9,Genesis 5:9 bible,False,2360000,2360000,True,8,8,True,8,8,,,,
Genesis,5,10,Genesis 5:10 bible,False,2900000,2900000,True,8,8,True,8,8,,,,
Genesis,5,11,Genesis 5:11 bible,False,2280000,2280000,True,8,8,True,8,8,,,,
Genesis,5,12,Genesis 5:12 bible,False,2520000,2520000,True,8,8,True,8,8,,,,
Genesis,5,13,Genesis 5:13 bible,False,1800000,1800000,True,9,9,True,9,9,,,,
Genesis,5,14,Genesis 5:14 bible,False,2260000,2260000,True,9,9,True,9,9,,,,
Genesis,5,15,Genesis 5:15 bible,False,1110000,1110000,True,9,9,True,9,9,,,,
Genesis,5,16,Genesis 5:16 bible,True,138,0,False,0,0,False,0,0,0.0,0.0,0.0,0.0
Genesis,5,17,Genesis 5:17 bible,False,2960000,2960000,False,0,0,False,0,0,0.0,0.0,0.0,0.0
Genesis,5,18,Genesis 5:18 bible,False,1740000,1740000,True,9,9,True,9,9,,,,
Genesis,5,19,Genesis 5:19 bible,False,1470000,1470000,False,0,0,False,0,0,0.0,0.0,0.0,0.0
Genesis,5,20,Genesis 5:20 bible,False,1100000,1100000,False,0,0,False,0,0,0.0,0.0,0.0,0.0
Genesis,5,21,Genesis 5:21 bible,False,1690000,1690000,True,8,8,True,8,8,,,,
Genesis,5,22,Genesis 5:22 bible,True,315,2200000,False,0,0,False,0,0,0.0,0.0,0.0,0.0
Genesis,5,23,Genesis 5:23 bible,False,818000,818000,True,8,8,True,8,8,,,,
Genesis,5,24,Genesis 5:24 bible,False,900000,900000,True,10,10,True,10,10,,,,
Genesis,5,25,Genesis 5:25 bible,False,945000,945000,True,9,9,True,9,9,,,,
Genesis,5,26,Genesis 5:26 bible,False,606000,606000,False,0,0,False,0,0,0.0,0.0,0.0,0.0
Genesis,5,27,Genesis 5:27 bible,False,621000,621000,True,8,8,True,8,8,,,,
Genesis,5,28,Genesis 5:28 bible,False,637000,637000,True,9,9,True,9,9,,,,
Genesis,5,29,Genesis 5:29 bible,False,607000,607000,False,0,0,False,0,0,0.0,0.0,0.0,0.0
Genesis,5,30,Genesis 5:30 bible,False,846000,846000,True,9,9,True,9,9,,,,
Genesis,5,31,Genesis 5:31 bible,False,576000,576000,False,0,0,False,0,0,0.0,0.0,0.0,0.0
Genesis,5,32,Genesis 5:32 bible,False,399000,399000,False,0,0,False,0,0,0.0,0.0,0.0,0.0
Genesis,6,1,Genesis 6:1 bible,False,3740000,3740000,False,0,0,False,0,0,0.0,0.0,0.0,0.0
Genesis,6,2,Genesis 6:2 bible,False,2260000,2260000,True,9,9,True,9,9,,,,
Genesis,6,3,Genesis 6:3 bible,False,1910000,1910000,False,0,0,False,0,0,0.0,0.0,0.0,0.0
Genesis,6,4,Genesis 6:4 bible,False,2280000,2280000,True,8,8,True,8,8,,,,
Genesis,6,5,Genesis 6:5 bible,False,2090000,2090000,True,8,8,True,8,8,,,,
Genesis,6,6,Genesis 6:6 bible,False,2220000,2220000,True,7,7,True,7,7,,,,
Genesis,6,7,Genesis 6:7 bible,False,6040000,6040000,True,7,7,True,7,7,,,,
Genesis,6,8,Genesis 6:8 bible,False,3960000,3960000,True,8,8,True,8,8,,,,
Genesis,6,9,Genesis 6:9 bible,False,3780000,3780000,True,9,9,True,9,9,,,,
Genesis,6,10,Genesis 6:10 bible,False,3030000,3030000,True,8,8,True,8,8,,,,
Genesis,6,11,Genesis 6:11 bible,False,2250000,2250000,True,9,9,True,9,9,,,,
Genesis,6,12,Genesis 6:12 bible,False,2560000,2560000,True,9,9,True,9,9,,,,
Genesis,6,13,Genesis 6:13 bible,False,1200000,1200000,True,9,9,True,9,9,,,,
Genesis,6,14,Genesis 6:14 bible,False,2040000,2040000,False,0,0,False,0,0,0.0,0.0,0.0,0.0
Genesis,6,15,Genesis 6:15 bible,False,1040000,1040000,True,9,8,True,9,8,,,,
Genesis,6,16,Genesis 6:16 bible,False,1550000,1550000,True,9,9,True,9,9,,,,
Genesis,6,17,Genesis 6:17 bible,False,1080000,1080000,True,8,8,True,8,8,,,,
Genesis,6,18,Genesis 6:18 bible,True,128,1050000,False,0,0,False,0,0,0.0,0.0,0.0,0.0
Genesis,6,19,Genesis 6:19 bible,False,1230000,1230000,True,8,8,True,8,8,,,,
Genesis,6,20,Genesis 6:20 bible,False,798000,798000,False,0,0,False,0,0,0.0,0.0,0.0,0.0
Genesis,6,21,Genesis 6:21 bible,False,625000,625000,False,0,0,False,0,0,0.0,0.0,0.0,0.0
Genesis,6,22,Genesis 6:22 bible,False,708000,708000,True,8,8,True,8,8,,,,
Genesis,7,1,Genesis 7:1 bible,True,137,0,False,0,0,False,0,0,0.0,0.0,0.0,0.0
Genesis,7,2,Genesis 7:2 bible,False,1190000,1190000,True,8,8,True,8,8,,,,
Genesis,7,3,Genesis 7:3 bible,False,883000,883000,True,9,9,True,9,9,,,,
Genesis,7,4,Genesis 7:4 bible,False,791000,791000,True,8,8,True,8,8,,,,
Genesis,7,5,Genesis 7:5 bible,False,781000,781000,True,8,8,True,8,8,,,,
Genesis,7,6,Genesis 7:6 bible,False,911000,911000,True,9,8,True,9,8,,,,
Genesis,7,7,Genesis 7:7 bible,True,138,1430000,False,0,0,False,0,0,0.0,0.0,0.0,0.0
Genesis,7,8,Genesis 7:8 bible,False,5370000,5370000,False,0,0,False,0,0,0.0,0.0,0.0,0.0
Genesis,7,9,Genesis 7:9 bible,False,3400000,3400000,True,8,8,True,8,8,,,,
Genesis,7,10,Genesis 7:10 bible,True,135,2420000,False,0,0,False,0,0,0.0,0.0,0.0,0.0
Genesis,7,11,Genesis 7:11 bible,False,1890000,1890000,True,8,8,True,8,8,,,,
Genesis,7,12,Genesis 7:12 bible,False,1670000,1670000,True,8,8,True,8,8,,,,
Genesis,7,13,Genesis 7:13 bible,True,133,0,False,0,0,False,0,0,0.0,0.0,0.0,0.0
Genesis,7,14,Genesis 7:14 bible,False,2290000,2290000,False,0,0,False,0,0,0.0,0.0,0.0,0.0
Genesis,7,15,Genesis 7:15 bible,False,1030000,1030000,True,8,8,True,8,8,,,,
Genesis,7,16,Genesis 7:16 bible,False,783000,783000,False,0,0,False,0,0,0.0,0.0,0.0,0.0
Genesis,7,17,Genesis 7:17 bible,False,712000,712000,True,8,8,True,8,8,,,,
Genesis,7,18,Genesis 7:18 bible,False,700000,700000,True,9,9,True,9,9,,,,
Genesis,7,19,Genesis 7:19 bible,False,616000,616000,True,8,8,True,8,8,,,,
Genesis,7,20,Genesis 7:20 bible,False,648000,648000,True,9,9,True,9,9,,,,
Genesis,7,21,Genesis 7:21 bible,False,925000,925000,True,9,9,True,9,9,,,,
Genesis,7,22,Genesis 7:22 bible,False,674000,674000,True,9,9,True,9,9,,,,
Genesis,7,23,Genesis 7:23 bible,True,140,634000,False,0,0,False,0,0,0.0,0.0,0.0,0.0
Genesis,7,24,Genesis 7:24 bible,False,750000,750000,False,0,0,False,0,0,0.0,0.0,0.0,0.0
Genesis,8,1,Genesis 8:1 bible,True,138,3110000,False,0,0,False,0,0,0.0,0.0,0.0,0.0
Genesis,8,2,Genesis 8:2 bible,False,1440000,1440000,True,9,9,True,9,9,,,,
Genesis,8,3,Genesis 8:3 bible,False,1030000,1030000,True,10,10,True,10,10,,,,
Genesis,8,4,Genesis 8:4 bible,False,921000,921000,True,9,9,True,9,9,,,,
Genesis,8,5,Genesis 8:5 bible,False,926000,926000,True,8,8,True,8,8,,,,
Genesis,8,6,Genesis 8:6 bible,False,1010000,1010000,True,8,8,True,8,8,,,,
Genesis,8,7,Genesis 8:7 bible,False,896000,896000,True,8,8,True,8,8,,,,
Genesis,8,8,Genesis 8:8 bible,False,851000,851000,True,9,9,True,9,9,,,,
Genesis,8,9,Genesis 8:9 bible,False,5330000,5330000,False,0,0,False,0,0,0.0,0.0,0.0,0.0
Genesis,8,10,Genesis 8:10 bible,False,3320000,3320000,True,8,8,True,8,8,,,,
Genesis,8,11,Genesis 8:11 bible,False,2360000,2360000,True,8,8,True,8,8,,,,
Genesis,8,12,Genesis 8:12 bible,False,2230000,2230000,True,8,8,True,8,8,,,,
Genesis,8,13,Genesis 8:13 bible,False,1150000,1150000,False,0,0,False,0,0,0.0,0.0,0.0,0.0
Genesis,8,14,Genesis 8:14 bible,False,1130000,1130000,True,8,8,True,8,8,,,,
Genesis,8,15,Genesis 8:15 bible,False,957000,957000,False,0,0,False,0,0,0.0,0.0,0.0,0.0
Genesis,8,16,Genesis 8:16 bible,False,920000,920000,False,0,0,False,0,0,0.0,0.0,0.0,0.0
Genesis,8,17,Genesis 8:17 bible,False,874000,874000,True,9,9,True,9,9,,,,
Genesis,8,18,Genesis 8:18 bible,False,939000,939000,True,9,9,True,9,9,,,,
Genesis,8,19,Genesis 8:19 bible,False,669000,669000,True,9,9,True,9,9,,,,
Genesis,8,20,Genesis 8:20 bible,False,746000,746000,True,8,8,True,8,8,,,,
Genesis,8,21,Genesis 8:21 bible,False,632000,632000,True,9,9,True,9,9,,,,
Genesis,8,22,Genesis 8:22 bible,False,796000,796000,True,8,8,True,8,8,,,,
Genesis,9,1,Genesis 9:1 bible,False,4060000,4060000,True,8,8,True,8,8,,,,
Genesis,9,2,Genesis 9:2 bible,False,2900000,2900000,True,8,8,True,8,8,,,,
Genesis,9,3,Genesis 9:3 bible,False,2550000,2550000,True,8,8,True,8,8,,,,
Genesis,9,4,Genesis 9:4 bible,False,2210000,2210000,True,8,8,True,8,8,,,,
Genesis,9,5,Genesis 9:5 bible,False,2240000,2240000,True,9,9,True,9,9,,,,
Genesis,9,6,Genesis 9:6 bible,False,3070000,3070000,True,8,8,True,8,8,,,,
Genesis,9,7,Genesis 9:7 bible,False,1470000,1470000,True,9,9,True,9,9,,,,
Genesis,9,8,Genesis 9:8 bible,False,1460000,1460000,True,8,8,True,8,8,,,,
Genesis,9,9,Genesis 9:9 bible,False,2020000,2020000,True,8,8,True,8,8,,,,
Genesis,9,10,Genesis 9:10 bible,False,5250000,5250000,True,8,8,True,8,8,,,,
Genesis,9,11,Genesis 9:11 bible,False,3820000,3820000,True,7,7,True,7,7,,,,
Genesis,9,12,Genesis 9:12 bible,False,1880000,1880000,True,8,8,True,8,8,,,,
Genesis,9,13,Genesis 9:13 bible,False,1910000,1910000,True,9,9,True,9,9,,,,
Genesis,9,14,Genesis 9:14 bible,False,1130000,1130000,False,0,0,False,0,0,0.0,0.0,0.0,0.0
Genesis,9,15,Genesis 9:15 bible,False,1090000,1090000,False,0,0,False,0,0,0.0,0.0,0.0,0.0
Genesis,9,16,Genesis 9:16 bible,False,830000,830000,False,0,0,False,0,0,0.0,0.0,0.0,0.0
Genesis,9,17,Genesis 9:17 bible,False,718000,718000,False,0,0,False,0,0,0.0,0.0,0.0,0.0
Genesis,9,18,Genesis 9:18 bible,False,669000,669000,True,8,8,True,8,8,,,,
Genesis,9,19,Genesis 9:19 bible,False,453000,453000,True,8,8,True,8,8,,,,
Genesis,9,20,Genesis 9:20 bible,False,740000,740000,False,0,0,False,0,0,0.0,0.0,0.0,0.0
Genesis,9,21,Genesis 9:21 bible,False,520000,520000,True,9,9,True,9,9,,,,
Genesis,9,22,Genesis 9:22 bible,False,677000,677000,True,9,9,True,9,9,,,,
Genesis,9,23,Genesis 9:23 bible,False,880000,880000,True,8,8,True,8,8,,,,
Genesis,9,24,Genesis 9:24 bible,False,731000,731000,True,8,8,True,8,8,,,,
Genesis,9,25,Genesis 9:25 bible,False,513000,513000,True,8,8,True,8,8,,,,
Genesis,9,26,Genesis 9:26 bible,False,480000,480000,True,9,9,True,9,9,,,,
Genesis,9,27,Genesis 9:27 bible,False,779000,779000,True,9,9,True,9,9,,,,
Genesis,9,28,Genesis 9:28 bible,False,439000,439000,True,8,8,True,8,8,,,,
Genesis,9,29,Genesis 9:29 bible,False,394000,394000,True,8,8,True,8,8,,,,
Genesis,10,1,Genesis 10:1 bible,False,2580000,2580000,True,8,8,True,8,8,,,,
Genesis,10,2,Genesis 10:2 bible,False,1060000,1060000,True,9,9,True,9,9,,,,
Genesis,10,3,Genesis 10:3 bible,False,874000,874000,True,9,9,True,9,9,,,,
Genesis,10,4,Genesis 10:4 bible,False,1040000,1040000,False,0,0,False,0,0,0.0,0.0,0.0,0.0
Genesis,10,5,Genesis 10:5 bible,False,913000,913000,True,8,8,True,8,8,,,,
Genesis,10,6,Genesis 10:6 bible,False,768000,768000,False,0,0,False,0,0,0.0,0.0,0.0,0.0
Genesis,10,7,Genesis 10:7 bible,False,737000,737000,True,9,9,True,9,9,,,,
Genesis,10,8,Genesis 10:8 bible,False,806000,806000,True,9,9,True,9,9,,,,
Genesis,10,9,Genesis 10:9 bible,False,1690000,1690000,True,9,9,True,9,9,,,,
Genesis,10,10,Genesis 10:10 bible,False,2410000,2410000,False,0,0,False,0,0,0.0,0.0,0.0,0.0
Genesis,10,11,Genesis 10:11 bible,False,4940000,4940000,True,7,7,True,7,7,,,,
Genesis,10,12,Genesis 10:12 bible,False,3340000,3340000,True,8,8,True,8,8,,,,
Genesis,10,13,Genesis 10:13 bible,False,2520000,2520000,True,8,8,True,8,8,,,,
Genesis,10,14,Genesis 10:14 bible,True,135,1820000,False,0,0,False,0,0,0.0,0.0,0.0,0.0
Genesis,10,15,Genesis 10:15 bible,False,1340000,1340000,False,0,0,False,0,0,0.0,0.0,0.0,0.0
Genesis,10,16,Genesis 10:16 bible,False,1010000,1010000,True,9,9,True,9,9,,,,
Genesis,10,17,Genesis 10:17 bible,False,1580000,1580000,False,0,0,False,0,0,0.0,0.0,0.0,0.0
Genesis,10,18,Genesis 10:18 bible,False,943000,943000,True,9,9,True,9,9,,,,
Genesis,10,19,Genesis 10:19 bible,False,1070000,1070000,True,9,9,True,9,9,,,,
Genesis,10,20,Genesis 10:20 bible,False,886000,886000,True,9,8,True,9,8,,,,
Genesis,10,21,Genesis 10:21 bible,False,652000,652000,True,9,9,True,9,9,,,,
Genesis,10,22,Genesis 10:22 bible,False,828000,828000,True,9,9,True,9,9,,,,
Genesis,10,23,Genesis 10:23 bible,False,746000,746000,False,0,0,False,0,0,0.0,0.0,0.0,0.0
Genesis,10,24,Genesis 10:24 bible,False,706000,706000,True,8,8,True,8,8,,,,
Genesis,10,25,Genesis 10:25 bible,False,825000,825000,True,9,9,True,9,9,,,,
Genesis,10,26,Genesis 10:26 bible,False,689000,689000,True,9,9,True,9,9,,,,
Genesis,10,27,Genesis 10:27 bible,False,878000,878000,True,9,9,True,9,9,,,,
Genesis,10,28,Genesis 10:28 bible,False,680000,680000,True,9,9,True,9,9,,,,
Genesis,10,29,Genesis 10:29 bible,False,642000,642000,True,9,9,True,9,9,,,,
Genesis,10,30,Genesis 10:30 bible,False,1250000,1250000,True,9,9,True,9,9,,,,
Genesis,10,31,Genesis 10:31 bible,False,701000,701000,True,9,9,True,9,9,,,,
Genesis,10,32,Genesis 10:32 bible,False,396000,396000,False,0,0,False,0,0,0.0,0.0,0.0,0.0
Genesis,11,1,Genesis 11:1 bible,False,3260000,3260000,False,0,0,False,0,0,0.0,0.0,0.0,0.0
Genesis,11,2,Genesis 11:2 bible,False,1260000,1260000,True,8,8,True,8,8,,,,
Genesis,11,3,Genesis 11:3 bible,False,1110000,1110000,True,8,8,True,8,8,,,,
Genesis,11,4,Genesis 11:4 bible,False,866000,866000,True,8,8,True,8,8,,,,
Genesis,11,5,Genesis 11:5 bible,False,772000,772000,True,8,8,True,8,8,,,,
Genesis,11,6,Genesis 11:6 bible,False,1120000,1120000,False,0,0,False,0,0,0.0,0.0,0.0,0.0
Genesis,11,7,Genesis 11:7 bible,False,736000,736000,True,9,9,True,9,9,,,,
Genesis,11,8,Genesis 11:8 bible,False,648000,648000,True,8,8,True,8,8,,,,
Genesis,11,9,Genesis 11:9 bible,False,708000,708000,True,8,8,True,8,8,,,,
Genesis,11,10,Genesis 11:10 bible,False,723000,723000,False,0,0,False,0,0,0.0,0.0,0.0,0.0
Genesis,11,11,Genesis 11:11 bible,False,914000,914000,False,0,0,False,0,0,0.0,0.0,0.0,0.0
Genesis,11,12,Genesis 11:12 bible,False,4610000,4610000,True,8,8,True,8,8,,,,
Genesis,11,13,Genesis 11:13 bible,False,2590000,2590000,True,8,8,True,8,8,,,,
Genesis,11,14,Genesis 11:14 bible,False,2150000,2150000,True,8,8,True,8,8,,,,
Genesis,11,15,Genesis 11:15 bible,False,1590000,1590000,False,0,0,False,0,0,0.0,0.0,0.0,0.0
Genesis,11,16,Genesis 11:16 bible,False,992000,992000,True,8,8,True,8,8,,,,
Genesis,11,17,Genesis 11:17 bible,False,887000,887000,True,9,9,True,9,9,,,,
Genesis,11,18,Genesis 11:18 bible,False,797000,797000,True,9,9,True,9,9,,,,
Genesis,11,19,Genesis 11:19 bible,False,767000,767000,True,8,8,True,8,8,,,,
Genesis,11,20,Genesis 11:20 bible,False,702000,702000,True,8,8,True,8,8,,,,
Genesis,11,21,Genesis 11:21 bible,False,675000,675000,True,8,8,True,8,8,,,,
Genesis,11,22,Genesis 11:22 bible,False,702000,702000,True,9,9,True,9,9,,,,
Genesis,11,23,Genesis 11:23 bible,False,804000,804000,False,0,0,False,0,0,0.0,0.0,0.0,0.0
Genesis,11,24,Genesis 11:24 bible,False,881000,881000,True,9,9,True,9,9,,,,
Genesis,11,25,Genesis 11:25 bible,False,1080000,1080000,True,8,8,True,8,8,,,,
Genesis,11,26,Genesis 11:26 bible,False,728000,728000,False,0,0,False,0,0,0.0,0.0,0.0,0.0
Genesis,11,27,Genesis 11:27 bible,False,660000,660000,False,0,0,False,0,0,0.0,0.0,0.0,0.0
Genesis,11,28,Genesis 11:28 bible,False,1220000,1220000,False,0,0,False,0,0,0.0,0.0,0.0,0.0
Genesis,11,29,Genesis 11:29 bible,False,669000,669000,True,9,9,True,9,9,,,,
Genesis,11,30,Genesis 11:30 bible,False,826000,826000,True,9,9,True,9,9,,,,
Genesis,11,31,Genesis 11:31 bible,False,394000,394000,True,8,8,True,8,8,,,,
Genesis,11,32,Genesis 11:32 bible,False,628000,628000,True,9,9,True,9,9,,,,
Genesis,12,1,Genesis 12:1 bible,False,3860000,3860000,True,8,8,True,8,8,,,,
Genesis,12,2,Genesis 12:2 bible,False,3280000,3280000,True,9,8,True,9,8,,,,
Genesis,12,3,Genesis 12:3 bible,False,1800000,1800000,True,9,9,True,9,9,,,,
Genesis,12,4,Genesis 12:4 bible,False,969000,969000,False,0,0,False,0,0,0.0,0.0,0.0,0.0
Genesis,12,5,Genesis 12:5 bible,False,814000,814000,True,8,8,True,8,8,,,,
Genesis,12,6,Genesis 12:6 bible,False,898000,898000,True,9,9,True,9,9,,,,
Genesis,12,7,Genesis 12:7 bible,False,1200000,1200000,True,9,9,True,9,9,,,,
Genesis,12,8,Genesis 12:8 bible,False,704000,704000,False,0,0,False,0,0,0.0,0.0,0.0,0.0
Genesis,12,9,Genesis 12:9 bible,False,1390000,1390000,True,9,9,True,9,9,,,,
Genesis,12,10,Genesis 12:10 bible,False,1210000,1210000,True,9,9,True,9,9,,,,
Genesis,12,11,Genesis 12:11 bible,False,996000,996000,True,8,8,True,8,8,,,,
Genesis,12,12,Genesis 12:12 bible,False,1160000,1160000,True,7,7,True,7,7,,,,
Genesis,12,13,Genesis 12:13 bible,False,4470000,4470000,False,0,0,False,0,0,0.0,0.0,0.0,0.0
Genesis,12,14,Genesis 12:14 bible,True,141,3000000,False,0,0,False,0,0,0.0,0.0,0.0,0.0
Genesis,12,15,Genesis 12:15 bible,False,2320000,2320000,True,8,8,True,8,8,,,,
Genesis,12,16,Genesis 12:16 bible,False,1150000,1150000,True,9,9,True,9,9,,,,
Genesis,12,17,Genesis 12:17 bible,False,1150000,1150000,True,8,8,True,8,8,,,,
Genesis,12,18,Genesis 12:18 bible,False,884000,884000,True,9,9,True,9,9,,,,
Genesis,12,19,Genesis 12:19 bible,False,786000,786000,True,8,8,True,8,8,,,,
Genesis,12,20,Genesis 12:20 bible,False,703000,703000,True,8,8,True,8,8,,,,
Genesis,13,1,Genesis 13:1 bible,False,2450000,2450000,True,8,8,True,8,8,,,,
Genesis,13,2,Genesis 13:2 bible,False,1080000,1080000,False,0,0,False,0,0,0.0,0.0,0.0,0.0
Genesis,13,3,Genesis 13:3 bible,False,846000,846000,True,8,8,True,8,8,,,,
Genesis,13,4,Genesis 13:4 bible,False,1130000,1130000,True,9,9,True,9,9,,,,
Genesis,13,5,Genesis 13:5 bible,False,1150000,1150000,True,9,9,True,9,9,,,,
Genesis,13,6,Genesis 13:6 bible,False,669000,669000,True,9,9,True,9,9,,,,
Genesis,13,7,Genesis 13:7 bible,False,673000,673000,True,9,9,True,9,9,,,,
Genesis,13,8,Genesis 13:8 bible,False,1060000,1060000,True,8,8,True,8,8,,,,
Genesis,13,9,Genesis 13:9 bible,False,620000,620000,False,0,0,False,0,0,0.0,0.0,0.0,0.0
Genesis,13,10,Genesis 13:10 bible,False,693000,693000,True,8,8,True,8,8,,,,
Genesis,13,11,Genesis 13:11 bible,False,749000,749000,True,8,8,True,8,8,,,,
Genesis,13,12,Genesis 13:12 bible,False,731000,731000,False,0,0,False,0,0,0.0,0.0,0.0,0.0
Genesis,13,13,Genesis 13:13 bible,False,799000,799000,True,9,9,True,9,9,,,,
Genesis,13,14,Genesis 13:14 bible,False,4870000,4870000,True,9,9,True,9,9,,,,
Genesis,13,15,Genesis 13:15 bible,False,2510000,2510000,True,8,8,True,8,8,,,,
Genesis,13,16,Genesis 13:16 bible,True,138,1850000,False,0,0,False,0,0,0.0,0.0,0.0,0.0
Genesis,13,17,Genesis 13:17 bible,False,1280000,1280000,True,8,8,True,8,8,,,,
Genesis,13,18,Genesis 13:18 bible,False,957000,957000,False,0,0,False,0,0,0.0,0.0,0.0,0.0
Genesis,14,1,Genesis 14:1 bible,False,2390000,2390000,True,8,8,True,8,8,,,,
Genesis,14,2,Genesis 14:2 bible,False,989000,989000,False,0,0,False,0,0,0.0,0.0,0.0,0.0
Genesis,14,3,Genesis 14:3 bible,False,733000,733000,True,9,9,True,9,9,,,,
Genesis,14,4,Genesis 14:4 bible,False,693000,693000,True,9,9,True,9,9,,,,
Genesis,14,5,Genesis 14:5 bible,False,627000,627000,False,0,0,False,0,0,0.0,0.0,0.0,0.0
Genesis,14,6,Genesis 14:6 bible,False,2080000,2080000,True,9,9,True,9,9,,,,
Genesis,14,7,Genesis 14:7 bible,False,659000,659000,True,9,9,True,9,9,,,,
Genesis,14,8,Genesis 14:8 bible,True,137,0,False,0,0,False,0,0,0.0,0.0,0.0,0.0
Genesis,14,9,Genesis 14:9 bible,True,139,687000,False,0,0,False,0,0,0.0,0.0,0.0,0.0
Genesis,14,10,Genesis 14:10 bible,False,633000,633000,True,8,8,True,8,8,,,,
Genesis,14,11,Genesis 14:11 bible,False,560000,560000,True,9,9,True,9,9,,,,
Genesis,14,12,Genesis 14:12 bible,False,1110000,1110000,False,0,0,False,0,0,0.0,0.0,0.0,0.0
Genesis,14,13,Genesis 14:13 bible,False,890000,890000,True,9,9,True,9,9,,,,
Genesis,14,14,Genesis 14:14 bible,False,972000,972000,True,8,8,True,8,8,,,,
Genesis,14,15,Genesis 14:15 bible,False,4570000,4570000,True,8,8,True,8,8,,,,
Genesis,14,16,Genesis 14:16 bible,False,2730000,2730000,True,8,8,True,8,8,,,,
Genesis,14,17,Genesis 14:17 bible,False,1520000,1520000,False,0,0,False,0,0,0.0,0.0,0.0,0.0
Genesis,14,18,Genesis 14:18 bible,False,1050000,1050000,True,8,8,True,8,8,,,,
Genesis,14,19,Genesis 14:19 bible,False,798000,798000,False,0,0,False,0,0,0.0,0.0,0.0,0.0
Genesis,14,20,Genesis 14:20 bible,False,723000,723000,False,0,0,False,0,0,0.0,0.0,0.0,0.0
Genesis,14,21,Genesis 14:21 bible,False,878000,878000,True,9,9,True,9,9,,,,
Genesis,14,22,Genesis 14:22 bible,False,703000,703000,True,8,8,True,8,8,,,,
Genesis,14,23,Genesis 14:23 bible,False,765000,765000,True,9,9,True,9,9,,,,
Genesis,14,24,Genesis 14:24 bible,False,460000,460000,True,8,8,True,8,8,,,,
Genesis,15,1,Genesis 15:1 bible,False,2480000,2480000,True,9,9,True,9,9,,,,
Genesis,15,2,Genesis 15:2 bible,False,907000,907000,True,8,8,True,8,8,,,,
Genesis,15,3,Genesis 15:3 bible,False,950000,950000,True,9,9,True,9,9,,,,
Genesis,15,4,Genesis 15:4 bible,True,140,870000,False,0,0,False,0,0,0.0,0.0,0.0,0.0
Genesis,15,5,Genesis 15:5 bible,True,134,915000,False,0,0,False,0,0,0.0,0.0,0.0,0.0
Genesis,15,6,Genesis 15:6 bible,False,676000,676000,True,8,8,True,8,8,,,,
Genesis,15,7,Genesis 15:7 bible,False,747000,747000,True,8,8,True,8,8,,,,
Genesis,15,8,Genesis 15:8 bible,False,645000,645000,False,0,0,False,0,0,0.0,0.0,0.0,0.0
Genesis,15,9,Genesis 15:9 bible,False,610000,610000,True,8,8,True,8,8,,,,
Genesis,15,10,Genesis 15:10 bible,False,677000,677000,True,9,9,True,9,9,,,,
Genesis,15,11,Genesis 15:11 bible,False,721000,721000,False,0,0,False,0,0,0.0,0.0,0.0,0.0
Genesis,15,12,Genesis 15:12 bible,False,648000,648000,True,8,8,True,8,8,,,,
Genesis,15,13,Genesis 15:13 bible,False,929000,929000,True,8,8,True,8,8,,,,
Genesis,15,14,Genesis 15:14 bible,False,634000,634000,False,0,0,False,0,0,0.0,0.0,0.0,0.0
Genesis,15,15,Genesis 15:15 bible,False,648000,648000,True,8,8,True,8,8,,,,
Genesis,15,16,Genesis 15:16 bible,True,133,4060000,False,0,0,False,0,0,0.0,0.0,0.0,0.0
Genesis,15,17,Genesis 15:17 bible,False,2500000,2500000,True,8,8,True,8,8,,,,
Genesis,15,18,Genesis 15:18 bible,False,1430000,1430000,True,8,8,True,8,8,,,,
Genesis,15,19,Genesis 15:19 bible,False,911000,911000,True,9,9,True,9,9,,,,
Genesis,15,20,Genesis 15:20 bible,False,1360000,1360000,False,0,0,False,0,0,0.0,0.0,0.0,0.0
Genesis,15,21,Genesis 15:21 bible,False,814000,814000,True,8,8,True,8,8,,,,
Genesis,16,1,Genesis 16:1 bible,False,1650000,1650000,True,8,8,True,8,8,,,,
Genesis,16,2,Genesis 16:2 bible,False,843000,843000,True,9,9,True,9,9,,,,
Genesis,16,3,Genesis 16:3 bible,False,787000,787000,True,9,9,True,9,9,,,,
Genesis,16,4,Genesis 16:4 bible,False,639000,639000,True,8,8,True,8,8,,,,
Genesis,16,5,Genesis 16:5 bible,False,601000,601000,False,0,0,False,0,0,0.0,0.0,0.0,0.0
Genesis,16,6,Genesis 16:6 bible,False,622000,622000,True,9,9,True,9,9,,,,
Genesis,16,7,Genesis 16:7 bible,False,900000,900000,True,9,9,True,9,9,,,,
Genesis,16,8,Genesis 16:8 bible,False,678000,678000,True,8,8,True,8,8,,,,
Genesis,16,9,Genesis 16:9 bible,False,816000,816000,True,9,9,True,9,9,,,,
Genesis,16,10,Genesis 16:10 bible,False,662000,662000,True,9,9,True,9,9,,,,
Genesis,16,11,Genesis 16:11 bible,False,755000,755000,True,8,8,True,8,8,,,,
Genesis,16,12,Genesis 16:12 bible,False,605000,605000,True,8,8,True,8,8,,,,
Genesis,16,13,Genesis 16:13 bible,False,1170000,1170000,True,7,7,True,7,7,,,,
Genesis,16,14,Genesis 16:14 bible,False,690000,690000,False,0,0,False,0,0,0.0,0.0,0.0,0.0
Genesis,16,15,Genesis 16:15 bible,False,946000,946000,False,0,0,False,0,0,0.0,0.0,0.0,0.0
Genesis,16,16,Genesis 16:16 bible,False,908000,908000,True,8,8,True,8,8,,,,
Genesis,17,1,Genesis 17:1 bible,True,135,0,False,0,0,False,0,0,0.0,0.0,0.0,0.0
Genesis,17,2,Genesis 17:2 bible,False,803000,803000,True,9,9,True,9,9,,,,
Genesis,17,3,Genesis 17:3 bible,False,882000,882000,True,8,8,True,8,8,,,,
Genesis,17,4,Genesis 17:4 bible,False,633000,633000,True,8,8,True,8,8,,,,
Genesis,17,5,Genesis 17:5 bible,False,792000,792000,True,9,9,True,9,9,,,,
Genesis,17,6,Genesis 17:6 bible,False,663000,663000,True,9,9,True,9,9,,,,
Genesis,17,7,Genesis 17:7 bible,False,670000,670000,True,9,9,True,9,9,,,,
Genesis,17,8,Genesis 17:8 bible,False,638000,638000,True,9,9,True,9,9,,,,
Genesis,17,9,Genesis 17:9 bible,False,681000,681000,True,8,8,True,8,8,,,,
Genesis,17,10,Genesis 17:10 bible,False,604000,604000,True,9,9,True,9,9,,,,
Genesis,17,11,Genesis 17:11 bible,False,765000,765000,False,0,0,False,0,0,0.0,0.0,0.0,0.0
Genesis,17,12,Genesis 17:12 bible,False,461000,461000,False,0,0,False,0,0,0.0,0.0,0.0,0.0
Genesis,17,13,Genesis 17:13 bible,False,389000,389000,False,0,0,False,0,0,0.0,0.0,0.0,0.0
Genesis,17,14,Genesis 17:14 bible,False,661000,661000,False,0,0,False,0,0,0.0,0.0,0.0,0.0
Genesis,17,15,Genesis 17:15 bible,False,626000,626000,True,9,9,True,9,9,,,,
Genesis,17,16,Genesis 17:16 bible,False,530000,530000,True,9,9,True,9,9,,,,
Genesis,17,17,Genesis 17:17 bible,False,845000,845000,True,8,8,True,8,8,,,,
Genesis,17,18,Genesis 17:18 bible,False,3690000,3690000,True,8,8,True,8,8,,,,
Genesis,17,19,Genesis 17:19 bible,False,1830000,1830000,True,8,8,True,8,8,,,,
Genesis,17,20,Genesis 17:20 bible,False,1220000,1220000,True,9,8,True,9,8,,,,
Genesis,17,21,Genesis 17:21 bible,False,971000,971000,False,0,0,False,0,0,0.0,0.0,0.0,0.0
Genesis,17,22,Genesis 17:22 bible,False,720000,720000,True,8,8,True,8,8,,,,
Genesis,17,23,Genesis 17:23 bible,False,563000,563000,True,8,8,True,8,8,,,,
Genesis,17,24,Genesis 17:24 bible,False,666000,666000,True,8,8,True,8,8,,,,
Genesis,17,25,Genesis 17:25 bible,False,392000,392000,True,8,8,True,8,8,,,,
Genesis,17,26,Genesis 17:26 bible,True,136,620000,False,0,0,False,0,0,0.0,0.0,0.0,0.0
Genesis,17,27,Genesis 17:27 bible,False,392000,392000,True,8,8,True,8,8,,,,
Genesis,18,1,Genesis 18:1 bible,False,1770000,1770000,False,0,0,False,0,0,0.0,0.0,0.0,0.0
Genesis,18,2,Genesis 18:2 bible,True,316,845000,False,0,0,False,0,0,0.0,0.0,0.0,0.0
Genesis,18,3,Genesis 18:3 bible,False,654000,654000,True,9,9,True,9,9,,,,
Genesis,18,4,Genesis 18:4 bible,False,711000,711000,True,9,9,True,9,9,,,,
Genesis,18,5,Genesis 18:5 bible,False,425000,425000,True,9,9,True,9,9,,,,
Genesis,18,6,Genesis 18:6 bible,False,551000,551000,True,9,9,True,9,9,,,,
Genesis,18,7,Genesis 18:7 bible,False,395000,395000,True,9,9,True,9,9,,,,
Genesis,18,8,Genesis 18:8 bible,False,745000,745000,False,0,0,False,0,0,0.0,0.0,0.0,0.0
Genesis,18,9,Genesis 18:9 bible,False,624000,624000,False,0,0,False,0,0,0.0,0.0,0.0,0.0
Genesis,18,10,Genesis 18:10 bible,False,716000,716000,True,8,8,True,8,8,,,,
Genesis,18,11,Genesis 18:11 bible,False,390000,390000,True,9,9,True,9,9,,,,
Genesis,18,12,Genesis 18:12 bible,False,390000,390000,True,9,9,True,9,9,,,,
Genesis,18,13,Genesis 18:13 bible,False,390000,390000,True,9,9,True,9,9,,,,
Genesis,18,14,Genesis 18:14 bible,False,461000,461000,True,7,7,True,7,7,,,,
Genesis,18,15,Genesis 18:15 bible,False,625000,625000,True,9,9,True,9,9,,,,
Genesis,18,16,Genesis 18:16 bible,False,451000,451000,True,8,8,True,8,8,,,,
Genesis,18,17,Genesis 18:17 bible,False,427000,427000,True,8,8,True,8,8,,,,
Genesis,18,18,Genesis 18:18 bible,False,711000,711000,True,9,9,True,9,9,,,,
Genesis,18,19,Genesis 18:19 bible,False,3930000,3930000,True,8,8,True,8,8,,,,
Genesis,18,20,Genesis 18:20 bible,False,2830000,2830000,True,9,9,True,9,9,,,,
Genesis,18,21,Genesis 18:21 bible,False,1670000,1670000,True,8,8,True,8,8,,,,
Genesis,18,22,Genesis 18:22 bible,False,1090000,1090000,True,8,8,True,8,8,,,,
Genesis,18,23,Genesis 18:23 bible,False,706000,706000,True,8,8,True,8,8,,,,
Genesis,18,24,Genesis 18:24 bible,False,688000,688000,True,9,9,True,9,9,,,,
Genesis,18,25,Genesis 18:25 bible,False,721000,721000,True,9,9,True,9,9,,,,
Genesis,18,26,Genesis 18:26 bible,False,389000,389000,True,8,8,True,8,8,,,,
Genesis,18,27,Genesis 18:27 bible,False,397000,397000,True,9,9,True,9,9,,,,
Genesis,18,28,Genesis 18:28 bible,False,388000,388000,False,0,0,False,0,0,0.0,0.0,0.0,0.0
Genesis,18,29,Genesis 18:29 bible,False,386000,386000,True,9,9,True,9,9,,,,
Genesis,18,30,Genesis 18:30 bible,False,423000,423000,True,9,9,True,9,9,,,,
Genesis,18,31,Genesis 18:31 bible,False,386000,386000,False,0,0,False,0,0,0.0,0.0,0.0,0.0
Genesis,18,32,Genesis 18:32 bible,False,387000,387000,False,0,0,False,0,0,0.0,0.0,0.0,0.0
Genesis,18,33,Genesis 18:33 bible,False,271000,271000,True,9,9,True,9,9,,,,
Genesis,19,1,Genesis 19:1 bible,False,1690000,1690000,True,8,8,True,8,8,,,,
Genesis,19,2,Genesis 19:2 bible,False,754000,754000,True,8,8,True,8,8,,,,
Genesis,19,3,Genesis 19:3 bible,False,619000,619000,True,9,9,True,9,9,,,,
Genesis,19,4,Genesis 19:4 bible,False,701000,701000,True,8,8,True,8,8,,,,
Genesis,19,5,Genesis 19:5 bible,False,670000,670000,True,8,8,True,8,8,,,,
Genesis,19,6,Genesis 19:6 bible,False,633000,633000,False,0,0,False,0,0,0.0,0.0,0.0,0.0
Genesis,19,7,Genesis 19:7 bible,False,637000,637000,True,9,9,True,9,9,,,,
Genesis,19,8,Genesis 19:8 bible,False,511000,511000,False,0,0,False,0,0,0.0,0.0,0.0,0.0
Genesis,19,9,Genesis 19:9 bible,False,587000,587000,True,8,8,True,8,8,,,,
Genesis,19,10,Genesis 19:10 bible,False,688000,688000,True,8,8,True,8,8,,,,
Genesis,19,11,Genesis 19:11 bible,False,746000,746000,True,8,8,True,8,8,,,,
Genesis,19,12,Genesis 19:12 bible,False,463000,463000,True,9,9,True,9,9,,,,
Genesis,19,13,Genesis 19:13 bible,True,132,481000,False,0,0,False,0,0,0.0,0.0,0.0,0.0
Genesis,19,14,Genesis 19:14 bible,False,641000,641000,True,8,8,True,8,8,,,,
Genesis,19,15,Genesis 19:15 bible,False,432000,432000,True,8,8,True,8,8,,,,
Genesis,19,16,Genesis 19:16 bible,False,629000,629000,True,8,8,True,8,8,,,,
Genesis,19,17,Genesis 19:17 bible,False,630000,630000,True,8,8,True,8,8,,,,
Genesis,19,18,Genesis 19:18 bible,False,592000,592000,True,8,8,True,8,8,,,,
Genesis,19,19,Genesis 19:19 bible,False,600000,600000,True,8,8,True,8,8,,,,
Genesis,19,20,Genesis 19:20 bible,False,4110000,4110000,False,0,0,False,0,0,0.0,0.0,0.0,0.0
Genesis,19,21,Genesis 19:21 bible,False,2250000,2250000,True,7,7,True,7,7,,,,
Genesis,19,22,Genesis 19:22 bible,False,791000,791000,True,8,8,True,8,8,,,,
Genesis,19,23,Genesis 19:23 bible,False,764000,764000,True,8,8,True,8,8,,,,
Genesis,19,24,Genesis 19:24 bible,False,622000,622000,True,8,8,True,8,8,,,,
Genesis,19,25,Genesis 19:25 bible,False,616000,616000,True,9,9,True,9,9,,,,
Genesis,19,26,Genesis 19:26 bible,True,132,787000,False,0,0,False,0,0,0.0,0.0,0.0,0.0
Genesis,19,27,Genesis 19:27 bible,False,393000,393000,False,0,0,False,0,0,0.0,0.0,0.0,0.0
Genesis,19,28,Genesis 19:28 bible,False,447000,447000,True,9,9,True,9,9,,,,
Genesis,19,29,Genesis 19:29 bible,False,387000,387000,True,9,9,True,9,9,,,,
Genesis,19,30,Genesis 19:30 bible,False,656000,656000,False,0,0,False,0,0,0.0,0.0,0.0,0.0
Genesis,19,31,Genesis 19:31 bible,False,425000,425000,True,10,9,True,10,9,,,,
Genesis,19,32,Genesis 19:32 bible,False,231000,231000,True,8,8,True,8,8,,,,
Genesis,19,33,Genesis 19:33 bible,False,242000,242000,True,9,9,True,9,9,,,,
Genesis,19,34,Genesis 19:34 bible,False,385000,385000,True,10,9,True,10,9,,,,
Genesis,19,35,Genesis 19:35 bible,False,307000,307000,True,9,9,True,9,9,,,,
Genesis,19,36,Genesis 19:36 bible,False,200000,200000,False,0,0,False,0,0,0.0,0.0,0.0,0.0
Genesis,19,37,Genesis 19:37 bible,False,214000,214000,True,9,9,True,9,9,,,,
Genesis,19,38,Genesis 19:38 bible,False,203000,203000,True,8,8,True,8,8,,,,
Genesis,20,1,Genesis 20:1 bible,False,1570000,1570000,True,9,9,True,9,9,,,,
Genesis,20,2,Genesis 20:2 bible,False,810000,810000,True,9,9,True,9,9,,,,
Genesis,20,3,Genesis 20:3 bible,False,704000,704000,True,9,9,True,9,9,,,,
Genesis,20,4,Genesis 20:4 bible,False,729000,729000,True,9,9,True,9,9,,,,
Genesis,20,5,Genesis 20:5 bible,False,582000,582000,True,9,9,True,9,9,,,,
Genesis,20,6,Genesis 20:6 bible,False,619000,619000,True,9,9,True,9,9,,,,
Genesis,20,7,Genesis 20:7 bible,False,790000,790000,True,8,8,True,8,8,,,,
Genesis,20,8,Genesis 20:8 bible,False,597000,597000,True,8,8,True,8,8,,,,
Genesis,20,9,Genesis 20:9 bible,False,414000,414000,True,9,9,True,9,9,,,,
Genesis,20,10,Genesis 20:10 bible,False,631000,631000,True,9,9,True,9,9,,,,
Genesis,20,11,Genesis 20:11 bible,False,660000,660000,True,9,9,True,9,9,,,,
Genesis,20,12,Genesis 20:12 bible,False,724000,724000,False,0,0,False,0,0,0.0,0.0,0.0,0.0
Genesis,20,13,Genesis 20:13 bible,False,427000,427000,False,0,0,False,0,0,0.0,0.0,0.0,0.0
Genesis,20,14,Genesis 20:14 bible,False,409000,409000,True,9,9,True,9,9,,,,
Genesis,20,15,Genesis 20:15 bible,False,565000,565000,True,9,9,True,9,9,,,,
Genesis,20,16,Genesis 20:16 bible,False,388000,388000,True,9,9,True,9,9,,,,
Genesis,20,17,Genesis 20:17 bible,False,606000,606000,True,9,9,True,9,9,,,,
Genesis,20,18,Genesis 20:18 bible,False,388000,388000,True,8,8,True,8,8,,,,
Genesis,21,1,Genesis 21:1 bible,False,1670000,1670000,True,8,8,True,8,8,,,,
Genesis,21,2,Genesis 21:2 bible,False,749000,749000,True,9,9,True,9,9,,,,
Genesis,21,3,Genesis 21:3 bible,False,630000,630000,True,9,9,True,9,9,,,,
Genesis,21,4,Genesis 21:4 bible,False,701000,701000,True,9,9,True,9,9,,,,
Genesis,21,5,Genesis 21:5 bible,False,642000,642000,True,9,9,True,9,9,,,,
Genesis,21,6,Genesis 21:6 bible,False,560000,560000,False,0,0,False,0,0,0.0,0.0,0.0,0.0
Genesis,21,7,Genesis 21:7 bible,False,395000,395000,True,9,9,True,9,9,,,,
Genesis,21,8,Genesis 21:8 bible,False,668000,668000,True,8,8,True,8,8,,,,
Genesis,21,9,Genesis 21:9 bible,False,415000,415000,False,0,0,False,0,0,0.0,0.0,0.0,0.0
Genesis,21,10,Genesis 21:10 bible,False,394000,394000,True,9,9,True,9,9,,,,
Genesis,21,11,Genesis 21:11 bible,False,445000,445000,True,9,9,True,9,9,,,,
Genesis,21,12,Genesis 21:12 bible,False,414000,414000,True,9,9,True,9,9,,,,
Genesis,21,13,Genesis 21:13 bible,False,387000,387000,True,9,9,True,9,9,,,,
Genesis,21,14,Genesis 21:14 bible,False,386000,386000,True,8,8,True,8,8,,,,
Genesis,21,15,Genesis 21:15 bible,False,467000,467000,False,0,0,False,0,0,0.0,0.0,0.0,0.0
Genesis,21,16,Genesis 21:16 bible,False,387000,387000,True,9,9,True,9,9,,,,
Genesis,21,17,Genesis 21:17 bible,False,391000,391000,True,9,9,True,9,9,,,,
Genesis,21,18,Genesis 21:18 bible,False,386000,386000,True,8,8,True,8,8,,,,
Genesis,21,19,Genesis 21:19 bible,False,390000,390000,True,8,8,True,8,8,,,,
Genesis,21,20,Genesis 21:20 bible,False,404000,404000,True,9,9,True,9,9,,,,
Genesis,21,21,Genesis 21:21 bible,False,414000,414000,True,9,9,True,9,9,,,,
Genesis,21,22,Genesis 21:22 bible,False,3250000,3250000,True,8,8,True,8,8,,,,
Genesis,21,23,Genesis 21:23 bible,False,1650000,1650000,True,9,9,True,9,9,,,,
Genesis,21,24,Genesis 21:24 bible,False,1090000,1090000,True,9,9,True,9,9,,,,
Genesis,21,25,Genesis 21:25 bible,False,747000,747000,False,0,0,False,0,0,0.0,0.0,0.0,0.0
Genesis,21,26,Genesis 21:26 bible,False,465000,465000,True,9,9,True,9,9,,,,
Genesis,21,27,Genesis 21:27 bible,False,544000,544000,True,9,9,True,9,9,,,,
Genesis,21,28,Genesis 21:28 bible,False,690000,690000,True,9,9,True,9,9,,,,
Genesis,21,29,Genesis 21:29 bible,True,139,445000,False,0,0,False,0,0,0.0,0.0,0.0,0.0
Genesis,21,30,Genesis 21:30 bible,False,386000,386000,True,8,8,True,8,8,,,,
Genesis,21,31,Genesis 21:31 bible,False,387000,387000,True,9,9,True,9,9,,,,
Genesis,21,32,Genesis 21:32 bible,False,445000,445000,True,8,8,True,8,8,,,,
Genesis,21,33,Genesis 21:33 bible,False,388000,388000,True,8,8,True,8,8,,,,
Genesis,21,34,Genesis 21:34 bible,False,309000,309000,True,9,8,True,9,8,,,,
Genesis,22,1,Genesis 22:1 bible,False,1170000,1170000,True,8,8,True,8,8,,,,
Genesis,22,2,Genesis 22:2 bible,False,744000,744000,True,9,9,True,9,9,,,,
Genesis,22,3,Genesis 22:3 bible,False,685000,685000,True,8,8,True,8,8,,,,
Genesis,22,4,Genesis 22:4 bible,False,405000,405000,True,8,8,True,8,8,,,,
Genesis,22,5,Genesis 22:5 bible,False,491000,491000,True,8,8,True,8,8,,,,
Genesis,22,6,Genesis 22:6 bible,False,751000,751000,True,8,8,True,8,8,,,,
Genesis,22,7,Genesis 22:7 bible,False,504000,504000,True,8,8,True,8,8,,,,
Genesis,22,8,Genesis 22:8 bible,False,395000,395000,True,8,8,True,8,8,,,,
Genesis,22,9,Genesis 22:9 bible,False,388000,388000,True,8,8,True,8,8,,,,
Genesis,22,10,Genesis 22:10 bible,False,459000,459000,True,8,8,True,8,8,,,,
Genesis,22,11,Genesis 22:11 bible,False,463000,463000,False,0,0,False,0,0,0.0,0.0,0.0,0.0
Genesis,22,12,Genesis 22:12 bible,False,555000,555000,True,8,8,True,8,8,,,,
Genesis,22,13,Genesis 22:13 bible,False,428000,428000,False,0,0,False,0,0,0.0,0.0,0.0,0.0
Genesis,22,14,Genesis 22:14 bible,False,638000,638000,False,0,0,False,0,0,0.0,0.0,0.0,0.0
Genesis,22,15,Genesis 22:15 bible,False,395000,395000,True,8,8,True,8,8,,,,
Genesis,22,16,Genesis 22:16 bible,False,617000,617000,True,9,9,True,9,9,,,,
Genesis,22,17,Genesis 22:17 bible,False,578000,578000,True,8,8,True,8,8,,,,
Genesis,22,18,Genesis 22:18 bible,False,610000,610000,True,8,8,True,8,8,,,,
Genesis,22,19,Genesis 22:19 bible,True,141,434000,False,0,0,False,0,0,0.0,0.0,0.0,0.0
Genesis,22,20,Genesis 22:20 bible,False,480000,480000,True,9,9,True,9,9,,,,
Genesis,22,21,Genesis 22:21 bible,False,443000,443000,True,9,9,True,9,9,,,,
Genesis,22,22,Genesis 22:22 bible,False,461000,461000,True,8,8,True,8,8,,,,
Genesis,22,23,Genesis 22:23 bible,False,4570000,4570000,True,8,8,True,8,8,,,,
Genesis,22,24,Genesis 22:24 bible,False,1480000,1480000,True,8,8,True,8,8,,,,
Genesis,23,1,Genesis 23:1 bible,False,1270000,1270000,False,0,0,False,0,0,0.0,0.0,0.0,0.0
Genesis,23,2,Genesis 23:2 bible,False,712000,712000,True,8,8,True,8,8,,,,
Genesis,23,3,Genesis 23:3 bible,False,629000,629000,True,9,9,True,9,9,,,,
Genesis,23,4,Genesis 23:4 bible,False,740000,740000,True,8,8,True,8,8,,,,
Genesis,23,5,Genesis 23:5 bible,False,663000,663000,True,8,8,True,8,8,,,,
Genesis,23,6,Genesis 23:6 bible,False,632000,632000,True,8,8,True,8,8,,,,
Genesis,23,7,Genesis 23:7 bible,False,411000,411000,True,8,8,True,8,8,,,,
Genesis,23,8,Genesis 23:8 bible,False,388000,388000,True,8,8,True,8,8,,,,
Genesis,23,9,Genesis 23:9 bible,False,387000,387000,True,8,8,True,8,8,,,,
Genesis,23,10,Genesis 23:10 bible,False,445000,445000,False,0,0,False,0,0,0.0,0.0,0.0,0.0
Genesis,23,11,Genesis 23:11 bible,False,387000,387000,True,8,8,True,8,8,,,,
Genesis,23,12,Genesis 23:12 bible,False,435000,435000,True,8,8,True,8,8,,,,
Genesis,23,13,Genesis 23:13 bible,False,388000,388000,True,9,9,True,9,9,,,,
Genesis,23,14,Genesis 23:14 bible,False,387000,387000,False,0,0,False,0,0,0.0,0.0,0.0,0.0
Genesis,23,15,Genesis 23:15 bible,False,386000,386000,True,9,9,True,9,9,,,,
Genesis,23,16,Genesis 23:16 bible,False,368000,368000,False,0,0,False,0,0,0.0,0.0,0.0,0.0
Genesis,23,17,Genesis 23:17 bible,False,338000,338000,True,9,9,True,9,9,,,,
Genesis,23,18,Genesis 23:18 bible,False,384000,384000,True,8,8,True,8,8,,,,
Genesis,23,19,Genesis 23:19 bible,False,614000,614000,True,9,9,True,9,9,,,,
Genesis,23,20,Genesis 23:20 bible,True,142,389000,False,0,0,False,0,0,0.0,0.0,0.0,0.0
Genesis,24,1,Genesis 24:1 bible,False,1070000,1070000,False,0,0,False,0,0,0.0,0.0,0.0,0.0
Genesis,24,2,Genesis 24:2 bible,False,619000,619000,True,8,8,True,8,8,,,,
Genesis,24,3,Genesis 24:3 bible,False,664000,664000,True,9,9,True,9,9,,,,
Genesis,24,4,Genesis 24:4 bible,False,474000,474000,True,8,8,True,8,8,,,,
Genesis,24,5,Genesis 24:5 bible,False,423000,423000,True,9,9,True,9,9,,,,
Genesis,24,6,Genesis 24:6 bible,False,425000,425000,True,9,9,True,9,9,,,,
Genesis,24,7,Genesis 24:7 bible,False,1280000,1280000,False,0,0,False,0,0,0.0,0.0,0.0,0.0
Genesis,24,8,Genesis 24:8 bible,False,387000,387000,True,8,8,True,8,8,,,,
Genesis,24,9,Genesis 24:9 bible,True,140,0,False,0,0,False,0,0,0.0,0.0,0.0,0.0
Genesis,24,10,Genesis 24:10 bible,False,564000,564000,False,0,0,False,0,0,0.0,0.0,0.0,0.0
Genesis,24,11,Genesis 24:11 bible,False,441000,441000,True,9,9,True,9,9,,,,
Genesis,24,12,Genesis 24:12 bible,False,513000,513000,True,8,8,True,8,8,,,,
Genesis,24,13,Genesis 24:13 bible,False,413000,413000,False,0,0,False,0,0,0.0,0.0,0.0,0.0
Genesis,24,14,Genesis 24:14 bible,False,565000,565000,True,8,8,True,8,8,,,,
Genesis,24,15,Genesis 24:15 bible,False,731000,731000,True,8,8,True,8,8,,,,
Genesis,24,16,Genesis 24:16 bible,True,305,0,False,0,0,False,0,0,0.0,0.0,0.0,0.0
Genesis,24,17,Genesis 24:17 bible,False,386000,386000,True,9,9,True,9,9,,,,
Genesis,24,18,Genesis 24:18 bible,False,274000,274000,True,9,9,True,9,9,,,,
Genesis,24,19,Genesis 24:19 bible,False,390000,390000,True,9,9,True,9,9,,,,
Genesis,24,20,Genesis 24:20 bible,False,334000,334000,True,8,8,True,8,8,,,,
Genesis,24,21,Genesis 24:21 bible,False,387000,387000,True,9,9,True,9,9,,,,
Genesis,24,22,Genesis 24:22 bible,False,386000,386000,False,0,0,False,0,0,0.0,0.0,0.0,0.0
Genesis,24,23,Genesis 24:23 bible,False,387000,387000,False,0,0,False,0,0,0.0,0.0,0.0,0.0
Genesis,24,24,Genesis 24:24 bible,False,418000,418000,True,8,8,True,8,8,,,,
Genesis,24,25,Genesis 24:25 bible,False,2840000,2840000,False,0,0,False,0,0,0.0,0.0,0.0,0.0
Genesis,24,26,Genesis 24:26 bible,False,1140000,1140000,False,0,0,False,0,0,0.0,0.0,0.0,0.0
Genesis,24,27,Genesis 24:27 bible,False,891000,891000,False,0,0,False,0,0,0.0,0.0,0.0,0.0
Genesis,24,28,Genesis 24:28 bible,False,615000,615000,True,8,8,True,8,8,,,,
Genesis,24,29,Genesis 24:29 bible,False,448000,448000,True,9,9,True,9,9,,,,
Genesis,24,30,Genesis 24:30 bible,False,611000,611000,True,9,9,True,9,9,,,,
Genesis,24,31,Genesis 24:31 bible,False,387000,387000,False,0,0,False,0,0,0.0,0.0,0.0,0.0
Genesis,24,32,Genesis 24:32 bible,False,387000,387000,True,8,8,True,8,8,,,,
Genesis,24,33,Genesis 24:33 bible,False,314000,314000,False,0,0,False,0,0,0.0,0.0,0.0,0.0
Genesis,24,34,Genesis 24:34 bible,False,349000,349000,False,0,0,False,0,0,0.0,0.0,0.0,0.0
Genesis,24,35,Genesis 24:35 bible,False,390000,390000,False,0,0,False,0,0,0.0,0.0,0.0,0.0
Genesis,24,36,Genesis 24:36 bible,False,388000,388000,True,8,8,True,8,8,,,,
Genesis,24,37,Genesis 24:37 bible,False,372000,372000,True,8,8,True,8,8,,,,
Genesis,24,38,Genesis 24:38 bible,False,175000,175000,True,8,8,True,8,8,,,,
Genesis,24,39,Genesis 24:39 bible,False,287000,287000,False,0,0,False,0,0,0.0,0.0,0.0,0.0
Genesis,24,40,Genesis 24:40 bible,False,195000,195000,True,9,9,True,9,9,,,,
Genesis,24,41,Genesis 24:41 bible,False,104000,104000,True,9,9,True,9,9,,,,
Genesis,24,42,Genesis 24:42 bible,False,291000,291000,True,9,9,True,9,9,,,,
Genesis,24,43,Genesis 24:43 bible,False,142000,142000,False,0,0,False,0,0,0.0,0.0,0.0,0.0
Genesis,24,44,Genesis 24:44 bible,False,387000,387000,True,9,9,True,9,9,,,,
Genesis,24,45,Genesis 24:45 bible,False,386000,386000,False,0,0,False,0,0,0.0,0.0,0.0,0.0
Genesis,24,46,Genesis 24:46 bible,False,256000,256000,False,0,0,False,0,0,0.0,0.0,0.0,0.0
Genesis,24,47,Genesis 24:47 bible,False,342000,342000,True,9,9,True,9,9,,,,
Genesis,24,48,Genesis 24:48 bible,False,165000,165000,True,9,9,True,9,9,,,,
Genesis,24,49,Genesis 24:49 bible,False,346000,346000,False,0,0,False,0,0,0.0,0.0,0.0,0.0
Genesis,24,50,Genesis 24:50 bible,False,149000,149000,True,9,9,True,9,9,,,,
Genesis,24,51,Genesis 24:51 bible,False,141000,141000,True,9,9,True,9,9,,,,
Genesis,24,52,Genesis 24:52 bible,False,99800,99800,True,9,9,True,9,9,,,,
Genesis,24,53,Genesis 24:53 bible,False,59000,59000,True,9,9,True,9,9,,,,
Genesis,24,54,Genesis 24:54 bible,False,38000,38000,True,9,9,True,9,9,,,,
Genesis,24,55,Genesis 24:55 bible,True,140,0,False,0,0,False,0,0,0.0,0.0,0.0,0.0
Genesis,24,56,Genesis 24:56 bible,False,38600,38600,True,8,8,True,8,8,,,,
Genesis,24,57,Genesis 24:57 bible,False,30700,30700,True,9,9,True,9,9,,,,
Genesis,24,58,Genesis 24:58 bible,False,51600,51600,False,0,0,False,0,0,0.0,0.0,0.0,0.0
Genesis,24,59,Genesis 24:59 bible,False,33900,33900,True,9,9,True,9,9,,,,
Genesis,24,60,Genesis 24:60 bible,False,73700,73700,True,9,9,True,9,9,,,,
Genesis,24,61,Genesis 24:61 bible,False,34100,34100,True,9,9,True,9,9,,,,
Genesis,24,62,Genesis 24:62 bible,False,33600,33600,True,9,9,True,9,9,,,,
Genesis,24,63,Genesis 24:63 bible,False,50600,50600,True,8,8,True,8,8,,,,
Genesis,24,64,Genesis 24:64 bible,True,126,34000,False,0,0,False,0,0,0.0,0.0,0.0,0.0
Genesis,24,65,Genesis 24:65 bible,False,27700,27700,True,9,9,True,9,9,,,,
Genesis,24,66,Genesis 24:66 bible,False,14700,14700,True,9,9,True,9,9,,,,
Genesis,24,67,Genesis 24:67 bible,False,70800,70800,True,9,9,True,9,9,,,,
Genesis,25,1,Genesis 25:1 bible,False,813000,813000,True,9,9,True,9,9,,,,
Genesis,25,2,Genesis 25:2 bible,False,589000,589000,True,8,8,True,8,8,,,,
Genesis,25,3,Genesis 25:3 bible,False,387000,387000,True,9,9,True,9,9,,,,
Genesis,25,4,Genesis 25:4 bible,False,395000,395000,True,8,8,True,8,8,,,,
Genesis,25,5,Genesis 25:5 bible,False,389000,389000,True,8,8,True,8,8,,,,
Genesis,25,6,Genesis 25:6 bible,False,390000,390000,False,0,0,False,0,0,0.0,0.0,0.0,0.0
Genesis,25,7,Genesis 25:7 bible,False,386000,386000,True,8,8,True,8,8,,,,
Genesis,25,8,Genesis 25:8 bible,False,401000,401000,False,0,0,False,0,0,0.0,0.0,0.0,0.0
Genesis,25,9,Genesis 25:9 bible,False,387000,387000,False,0,0,False,0,0,0.0,0.0,0.0,0.0
Genesis,25,10,Genesis 25:10 bible,False,386000,386000,False,0,0,False,0,0,0.0,0.0,0.0,0.0
Genesis,25,11,Genesis 25:11 bible,False,386000,386000,False,0,0,False,0,0,0.0,0.0,0.0,0.0
Genesis,25,12,Genesis 25:12 bible,False,382000,382000,True,8,8,True,8,8,,,,
Genesis,25,13,Genesis 25:13 bible,False,384000,384000,True,9,9,True,9,9,,,,
Genesis,25,14,Genesis 25:14 bible,False,398000,398000,True,9,9,True,9,9,,,,
Genesis,25,15,Genesis 25:15 bible,False,289000,289000,True,8,8,True,8,8,,,,
Genesis,25,16,Genesis 25:16 bible,False,258000,258000,False,0,0,False,0,0,0.0,0.0,0.0,0.0
Genesis,25,17,Genesis 25:17 bible,False,238000,238000,True,9,9,True,9,9,,,,
Genesis,25,18,Genesis 25:18 bible,False,306000,306000,True,9,9,True,9,9,,,,
Genesis,25,19,Genesis 25:19 bible,False,272000,272000,True,9,9,True,9,9,,,,
Genesis,25,20,Genesis 25:20 bible,False,305000,305000,True,9,9,True,9,9,,,,
Genesis,25,21,Genesis 25:21 bible,False,390000,390000,True,8,8,True,8,8,,,,
Genesis,25,22,Genesis 25:22 bible,False,298000,298000,True,8,8,True,8,8,,,,
Genesis,25,23,Genesis 25:23 bible,False,387000,387000,True,9,9,True,9,9,,,,
Genesis,25,24,Genesis 25:24 bible,False,325000,325000,True,9,9,True,9,9,,,,
Genesis,25,25,Genesis 25:25 bible,False,386000,386000,True,9,9,True,9,9,,,,
Genesis,25,26,Genesis 25:26 bible,False,2560000,2560000,False,0,0,False,0,0,0.0,0.0,0.0,0.0
Genesis,25,27,Genesis 25:27 bible,False,1140000,1140000,False,0,0,False,0,0,0.0,0.0,0.0,0.0
Genesis,25,28,Genesis 25:28 bible,False,673000,673000,True,8,8,True,8,8,,,,
Genesis,25,29,Genesis 25:29 bible,False,492000,492000,True,9,9,True,9,9,,,,
Genesis,25,30,Genesis 25:30 bible,False,470000,470000,True,9,9,True,9,9,,,,
Genesis,25,31,Genesis 25:31 bible,False,649000,649000,True,8,8,True,8,8,,,,
Genesis,25,32,Genesis 25:32 bible,False,387000,387000,True,9,9,True,9,9,,,,
Genesis,25,33,Genesis 25:33 bible,False,387000,387000,True,7,7,True,7,7,,,,
Genesis,25,34,Genesis 25:34 bible,False,474000,474000,True,8,8,True,8,8,,,,
Genesis,26,1,Genesis 26:1 bible,False,693000,693000,True,9,9,True,9,9,,,,
Genesis,26,2,Genesis 26:2 bible,False,592000,592000,True,9,9,True,9,9,,,,
Genesis,26,3,Genesis 26:3 bible,False,684000,684000,False,0,0,False,0,0,0.0,0.0,0.0,0.0
Genesis,26,4,Genesis 26:4 bible,False,395000,395000,True,8,8,True,8,8,,,,
Genesis,26,5,Genesis 26:5 bible,False,387000,387000,True,8,8,True,8,8,,,,
Genesis,26,6,Genesis 26:6 bible,False,383000,383000,True,8,8,True,8,8,,,,
Genesis,26,7,Genesis 26:7 bible,False,386000,386000,True,9,9,True,9,9,,,,
Genesis,26,8,Genesis 26:8 bible,False,324000,324000,True,9,9,True,9,9,,,,
Genesis,26,9,Genesis 26:9 bible,False,466000,466000,True,9,9,True,9,9,,,,
Genesis,26,10,Genesis 26:10 bible,False,359000,359000,True,9,9,True,9,9,,,,
Genesis,26,11,Genesis 26:11 bible,False,338000,338000,True,9,9,True,9,9,,,,
Genesis,26,12,Genesis 26:12 bible,True,135,0,False,0,0,False,0,0,0.0,0.0,0.0,0.0
Genesis,26,13,Genesis 26:13 bible,False,380000,380000,True,9,9,True,9,9,,,,
Genesis,26,14,Genesis 26:14 bible,False,386000,386000,True,9,9,True,9,9,,,,
Genesis,26,15,Genesis 26:15 bible,False,385000,385000,False,0,0,False,0,0,0.0,0.0,0.0,0.0
Genesis,26,16,Genesis 26:16 bible,False,387000,387000,True,9,9,True,9,9,,,,
Genesis,26,17,Genesis 26:17 bible,False,464000,464000,True,8,8,True,8,8,,,,
Genesis,26,18,Genesis 26:18 bible,False,387000,387000,True,8,8,True,8,8,,,,
Genesis,26,19,Genesis 26:19 bible,False,375000,375000,True,8,8,True,8,8,,,,
Genesis,26,20,Genesis 26:20 bible,False,403000,403000,True,9,9,True,9,9,,,,
Genesis,26,21,Genesis 26:21 bible,False,291000,291000,True,8,8,True,8,8,,,,
Genesis,26,22,Genesis 26:22 bible,False,285000,285000,True,8,8,True,8,8,,,,
Genesis,26,23,Genesis 26:23 bible,False,234000,234000,True,8,8,True,8,8,,,,
Genesis,26,24,Genesis 26:24 bible,False,356000,356000,False,0,0,False,0,0,0.0,0.0,0.0,0.0
Genesis,26,25,Genesis 26:25 bible,False,303000,303000,False,0,0,False,0,0,0.0,0.0,0.0,0.0
Genesis,26,26,Genesis 26:26 bible,False,392000,392000,True,8,8,True,8,8,,,,
Genesis,26,27,Genesis 26:27 bible,False,3050000,3050000,False,0,0,False,0,0,0.0,0.0,0.0,0.0
Genesis,26,28,Genesis 26:28 bible,False,1120000,1120000,True,8,8,True,8,8,,,,
Genesis,26,29,Genesis 26:29 bible,False,625000,625000,False,0,0,False,0,0,0.0,0.0,0.0,0.0
Genesis,26,30,Genesis 26:30 bible,False,392000,392000,True,8,8,True,8,8,,,,
Genesis,26,31,Genesis 26:31 bible,False,416000,416000,True,8,8,True,8,8,,,,
Genesis,26,32,Genesis 26:32 bible,False,270000,270000,True,8,8,True,8,8,,,,
Genesis,26,33,Genesis 26:33 bible,False,340000,340000,False,0,0,False,0,0,0.0,0.0,0.0,0.0
Genesis,26,34,Genesis 26:34 bible,False,225000,225000,False,0,0,False,0,0,0.0,0.0,0.0,0.0
Genesis,26,35,Genesis 26:35 bible,False,208000,208000,True,9,9,True,9,9,,,,
Genesis,27,1,Genesis 27:1 bible,False,907000,907000,True,9,9,True,9,9,,,,
Genesis,27,2,Genesis 27:2 bible,False,663000,663000,False,0,0,False,0,0,0.0,0.0,0.0,0.0
Genesis,27,3,Genesis 27:3 bible,False,389000,389000,False,0,0,False,0,0,0.0,0.0,0.0,0.0
Genesis,27,4,Genesis 27:4 bible,False,390000,390000,True,9,9,True,9,9,,,,
Genesis,27,5,Genesis 27:5 bible,False,388000,388000,True,9,9,True,9,9,,,,
Genesis,27,6,Genesis 27:6 bible,False,489000,489000,True,9,9,True,9,9,,,,
Genesis,27,7,Genesis 27:7 bible,False,425000,425000,True,9,9,True,9,9,,,,
Genesis,27,8,Genesis 27:8 bible,False,347000,347000,False,0,0,False,0,0,0.0,0.0,0.0,0.0
Genesis,27,9,Genesis 27:9 bible,False,389000,389000,False,0,0,False,0,0,0.0,0.0,0.0,0.0
Genesis,27,10,Genesis 27:10 bible,False,431000,431000,False,0,0,False,0,0,0.0,0.0,0.0,0.0
Genesis,27,11,Genesis 27:11 bible,False,467000,467000,True,9,9,True,9,9,,,,
Genesis,27,12,Genesis 27:12 bible,False,372000,372000,True,8,8,True,8,8,,,,
Genesis,27,13,Genesis 27:13 bible,False,386000,386000,True,8,8,True,8,8,,,,
Genesis,27,14,Genesis 27:14 bible,False,454000,454000,True,8,8,True,8,8,,,,
Genesis,27,15,Genesis 27:15 bible,False,411000,411000,False,0,0,False,0,0,0.0,0.0,0.0,0.0
Genesis,27,16,Genesis 27:16 bible,False,356000,356000,False,0,0,False,0,0,0.0,0.0,0.0,0.0
Genesis,27,17,Genesis 27:17 bible,False,456000,456000,True,8,8,True,8,8,,,,
Genesis,27,18,Genesis 27:18 bible,False,253000,253000,False,0,0,False,0,0,0.0,0.0,0.0,0.0
Genesis,27,19,Genesis 27:19 bible,False,239000,239000,True,9,9,True,9,9,,,,
Genesis,27,20,Genesis 27:20 bible,False,253000,253000,True,9,9,True,9,9,,,,
Genesis,27,21,Genesis 27:21 bible,False,351000,351000,False,0,0,False,0,0,0.0,0.0,0.0,0.0
Genesis,27,22,Genesis 27:22 bible,False,256000,256000,False,0,0,False,0,0,0.0,0.0,0.0,0.0
Genesis,27,23,Genesis 27:23 bible,False,367000,367000,False,0,0,False,0,0,0.0,0.0,0.0,0.0
Genesis,27,24,Genesis 27:24 bible,False,377000,377000,True,8,8,True,8,8,,,,
Genesis,27,25,Genesis 27:25 bible,False,295000,295000,True,8,8,True,8,8,,,,
Genesis,27,26,Genesis 27:26 bible,False,379000,379000,False,0,0,False,0,0,0.0,0.0,0.0,0.0
Genesis,27,27,Genesis 27:27 bible,False,386000,386000,True,9,9,True,9,9,,,,
Genesis,27,28,Genesis 27:28 bible,True,135,2280000,False,0,0,False,0,0,0.0,0.0,0.0,0.0
Genesis,27,29,Genesis 27:29 bible,False,686000,686000,True,8,8,True,8,8,,,,
Genesis,27,30,Genesis 27:30 bible,False,624000,624000,True,8,8,True,8,8,,,,
Genesis,27,31,Genesis 27:31 bible,False,390000,390000,True,9,9,True,9,9,,,,
Genesis,27,32,Genesis 27:32 bible,False,452000,452000,True,9,9,True,9,9,,,,
Genesis,27,33,Genesis 27:33 bible,False,322000,322000,True,8,8,True,8,8,,,,
Genesis,27,34,Genesis 27:34 bible,False,385000,385000,True,9,9,True,9,9,,,,
Genesis,27,35,Genesis 27:35 bible,False,351000,351000,True,9,9,True,9,9,,,,
Genesis,27,36,Genesis 27:36 bible,False,210000,210000,True,9,9,True,9,9,,,,
Genesis,27,37,Genesis 27:37 bible,False,154000,154000,True,9,9,True,9,9,,,,
Genesis,27,38,Genesis 27:38 bible,False,200000,200000,False,0,0,False,0,0,0.0,0.0,0.0,0.0
Genesis,27,39,Genesis 27:39 bible,False,153000,153000,False,0,0,False,0,0,0.0,0.0,0.0,0.0
Genesis,27,40,Genesis 27:40 bible,False,178000,178000,False,0,0,False,0,0,0.0,0.0,0.0,0.0
Genesis,27,41,Genesis 27:41 bible,False,130000,130000,True,9,9,True,9,9,,,,
Genesis,27,42,Genesis 27:42 bible,False,113000,113000,True,9,9,True,9,9,,,,
Genesis,27,43,Genesis 27:43 bible,False,94700,94700,True,9,9,True,9,9,,,,
Genesis,27,44,Genesis 27:44 bible,False,216000,216000,True,8,8,True,8,8,,,,
Genesis,27,45,Genesis 27:45 bible,False,199000,199000,True,9,9,True,9,9,,,,
Genesis,27,46,Genesis 27:46 bible,False,386000,386000,True,9,9,True,9,9,,,,
Genesis,28,1,Genesis 28:1 bible,False,910000,910000,True,9,9,True,9,9,,,,
Genesis,28,2,Genesis 28:2 bible,False,622000,622000,True,10,10,True,10,10,,,,
Genesis,28,3,Genesis 28:3 bible,False,394000,394000,True,9,9,True,9,9,,,,
Genesis,28,4,Genesis 28:4 bible,False,385000,385000,False,0,0,False,0,0,0.0,0.0,0.0,0.0
Genesis,28,5,Genesis 28:5 bible,False,387000,387000,True,9,9,True,9,9,,,,
Genesis,28,6,Genesis 28:6 bible,False,584000,584000,True,9,9,True,9,9,,,,
Genesis,28,7,Genesis 28:7 bible,False,615000,615000,True,9,9,True,9,9,,,,
Genesis,28,8,Genesis 28:8 bible,False,387000,387000,True,8,8,True,8,8,,,,
Genesis,28,9,Genesis 28:9 bible,False,418000,418000,False,0,0,False,0,0,0.0,0.0,0.0,0.0
Genesis,28,10,Genesis 28:10 bible,False,398000,398000,False,0,0,False,0,0,0.0,0.0,0.0,0.0
Genesis,28,11,Genesis 28:11 bible,False,388000,388000,True,10,10,True,10,10,,,,
Genesis,28,12,Genesis 28:12 bible,False,532000,532000,True,8,8,True,8,8,,,,
Genesis,28,13,Genesis 28:13 bible,False,639000,639000,True,8,8,True,8,8,,,,
Genesis,28,14,Genesis 28:14 bible,False,373000,373000,True,9,9,True,9,9,,,,
Genesis,28,15,Genesis 28:15 bible,False,447000,447000,False,0,0,False,0,0,0.0,0.0,0.0,0.0
Genesis,28,16,Genesis 28:16 bible,False,436000,436000,True,8,8,True,8,8,,,,
Genesis,28,17,Genesis 28:17 bible,True,138,370000,False,0,0,False,0,0,0.0,0.0,0.0,0.0
Genesis,28,18,Genesis 28:18 bible,False,767000,767000,True,9,9,True,9,9,,,,
Genesis,28,19,Genesis 28:19 bible,False,975000,975000,True,9,9,True,9,9,,,,
Genesis,28,20,Genesis 28:20 bible,False,672000,672000,True,8,8,True,8,8,,,,
Genesis,28,21,Genesis 28:21 bible,False,196000,196000,True,9,9,True,9,9,,,,
Genesis,28,22,Genesis 28:22 bible,False,239000,239000,True,8,8,True,8,8,,,,
Genesis,29,1,Genesis 29:1 bible,False,593000,593000,False,0,0,False,0,0,0.0,0.0,0.0,0.0
Genesis,29,2,Genesis 29:2 bible,False,404000,404000,True,8,8,True,8,8,,,,
Genesis,29,3,Genesis 29:3 bible,False,387000,387000,True,8,8,True,8,8,,,,
Genesis,29,4,Genesis 29:4 bible,False,437000,437000,True,9,9,True,9,9,,,,
Genesis,29,5,Genesis 29:5 bible,False,412000,412000,False,0,0,False,0,0,0.0,0.0,0.0,0.0
Genesis,29,6,Genesis 29:6 bible,False,449000,449000,True,8,8,True,8,8,,,,
Genesis,29,7,Genesis 29:7 bible,False,298000,298000,True,9,9,True,9,9,,,,
Genesis,29,8,Genesis 29:8 bible,False,327000,327000,True,9,9,True,9,9,,,,
Genesis,29,9,Genesis 29:9 bible,False,276000,276000,True,9,9,True,9,9,,,,
Genesis,29,10,Genesis 29:10 bible,False,386000,386000,True,9,9,True,9,9,,,,
Genesis,29,11,Genesis 29:11 bible,False,1470000,1470000,True,9,9,True,9,9,,,,
Genesis,29,12,Genesis 29:12 bible,False,387000,387000,False,0,0,False,0,0,0.0,0.0,0.0,0.0
Genesis,29,13,Genesis 29:13 bible,False,420000,420000,True,9,9,True,9,9,,,,
Genesis,29,14,Genesis 29:14 bible,False,265000,265000,False,0,0,False,0,0,0.0,0.0,0.0,0.0
Genesis,29,15,Genesis 29:15 bible,False,301000,301000,True,8,8,True,8,8,,,,
Genesis,29,16,Genesis 29:16 bible,False,180000,180000,True,9,9,True,9,9,,,,
Genesis,29,17,Genesis 29:17 bible,False,260000,260000,True,9,9,True,9,9,,,,
Genesis,29,18,Genesis 29:18 bible,False,387000,387000,True,9,9,True,9,9,,,,
Genesis,29,19,Genesis 29:19 bible,False,259000,259000,True,9,9,True,9,9,,,,
Genesis,29,20,Genesis 29:20 bible,False,237000,237000,False,0,0,False,0,0,0.0,0.0,0.0,0.0
Genesis,29,21,Genesis 29:21 bible,False,154000,154000,False,0,0,False,0,0,0.0,0.0,0.0,0.0
Genesis,29,22,Genesis 29:22 bible,False,189000,189000,True,9,9,True,9,9,,,,
Genesis,29,23,Genesis 29:23 bible,False,271000,271000,True,9,9,True,9,9,,,,
Genesis,29,24,Genesis 29:24 bible,False,155000,155000,False,0,0,False,0,0,0.0,0.0,0.0,0.0
Genesis,29,25,Genesis 29:25 bible,False,334000,334000,False,0,0,False,0,0,0.0,0.0,0.0,0.0
Genesis,29,26,Genesis 29:26 bible,False,162000,162000,True,9,9,True,9,9,,,,
Genesis,29,27,Genesis 29:27 bible,False,151000,151000,True,9,9,True,9,9,,,,
Genesis,29,28,Genesis 29:28 bible,False,206000,206000,False,0,0,False,0,0,0.0,0.0,0.0,0.0
Genesis,29,29,Genesis 29:29 bible,False,539000,539000,True,8,8,True,8,8,,,,
Genesis,29,30,Genesis 29:30 bible,False,1380000,1380000,True,8,8,True,8,8,,,,
Genesis,29,31,Genesis 29:31 bible,False,779000,779000,True,8,8,True,8,8,,,,
Genesis,29,32,Genesis 29:32 bible,False,390000,390000,True,8,8,True,8,8,,,,
Genesis,29,33,Genesis 29:33 bible,False,342000,342000,True,9,9,True,9,9,,,,
Genesis,29,34,Genesis 29:34 bible,False,386000,386000,True,9,9,True,9,9,,,,
Genesis,29,35,Genesis 29:35 bible,False,293000,293000,True,9,9,True,9,9,,,,
Genesis,30,1,Genesis 30:1 bible,False,653000,653000,True,9,9,True,9,9,,,,
Genesis,30,2,Genesis 30:2 bible,False,430000,430000,True,9,9,True,9,9,,,,
Genesis,30,3,Genesis 30:3 bible,True,140,387000,False,0,0,False,0,0,0.0,0.0,0.0,0.0
Genesis,30,4,Genesis 30:4 bible,False,386000,386000,True,8,8,True,8,8,,,,
Genesis,30,5,Genesis 30:5 bible,False,640000,640000,False,0,0,False,0,0,0.0,0.0,0.0,0.0
Genesis,30,6,Genesis 30:6 bible,False,391000,391000,True,8,8,True,8,8,,,,
Genesis,30,7,Genesis 30:7 bible,True,139,0,False,0,0,False,0,0,0.0,0.0,0.0,0.0
Genesis,30,8,Genesis 30:8 bible,False,395000,395000,False,0,0,False,0,0,0.0,0.0,0.0,0.0
Genesis,30,9,Genesis 30:9 bible,False,386000,386000,True,9,9,True,9,9,,,,
Genesis,30,10,Genesis 30:10 bible,False,386000,386000,False,0,0,False,0,0,0.0,0.0,0.0,0.0
Genesis,30,11,Genesis 30:11 bible,False,388000,388000,True,9,9,True,9,9,,,,
Genesis,30,12,Genesis 30:12 bible,False,291000,291000,True,9,9,True,9,9,,,,
Genesis,30,13,Genesis 30:13 bible,False,153000,153000,True,9,9,True,9,9,,,,
Genesis,30,14,Genesis 30:14 bible,False,210000,210000,True,8,8,True,8,8,,,,
Genesis,30,15,Genesis 30:15 bible,False,386000,386000,True,9,9,True,9,9,,,,
Genesis,30,16,Genesis 30:16 bible,False,254000,254000,True,8,8,True,8,8,,,,
Genesis,30,17,Genesis 30:17 bible,False,388000,388000,True,9,9,True,9,9,,,,
Genesis,30,18,Genesis 30:18 bible,False,386000,386000,True,8,8,True,8,8,,,,
Genesis,30,19,Genesis 30:19 bible,False,395000,395000,False,0,0,False,0,0,0.0,0.0,0.0,0.0
Genesis,30,20,Genesis 30:20 bible,False,327000,327000,True,8,8,True,8,8,,,,
Genesis,30,21,Genesis 30:21 bible,False,388000,388000,True,9,9,True,9,9,,,,
Genesis,30,22,Genesis 30:22 bible,False,273000,273000,True,8,8,True,8,8,,,,
Genesis,30,23,Genesis 30:23 bible,True,139,178000,False,0,0,False,0,0,0.0,0.0,0.0,0.0
Genesis,30,24,Genesis 30:24 bible,False,194000,194000,True,9,9,True,9,9,,,,
Genesis,30,25,Genesis 30:25 bible,False,185000,185000,True,8,8,True,8,8,,,,
Genesis,30,26,Genesis 30:26 bible,False,179000,179000,True,8,8,True,8,8,,,,
Genesis,30,27,Genesis 30:27 bible,False,174000,174000,True,9,9,True,9,9,,,,
Genesis,30,28,Genesis 30:28 bible,False,169000,169000,True,9,8,True,9,8,,,,
Genesis,30,29,Genesis 30:29 bible,False,170000,170000,True,9,9,True,9,9,,,,
Genesis,30,30,Genesis 30:30 bible,False,337000,337000,True,8,8,True,8,8,,,,
Genesis,30,31,Genesis 30:31 bible,False,1290000,1290000,True,7,7,True,7,7,,,,
Genesis,30,32,Genesis 30:32 bible,False,435000,435000,True,8,8,True,8,8,,,,
Genesis,30,33,Genesis 30:33 bible,False,391000,391000,False,0,0,False,0,0,0.0,0.0,0.0,0.0
Genesis,30,34,Genesis 30:34 bible,False,371000,371000,False,0,0,False,0,0,0.0,0.0,0.0,0.0
Genesis,30,35,Genesis 30:35 bible,False,340000,340000,True,8,8,True,8,8,,,,
Genesis,30,36,Genesis 30:36 bible,False,226000,226000,True,8,8,True,8,8,,,,
Genesis,30,37,Genesis 30:37 bible,False,256000,256000,True,8,8,True,8,8,,,,
Genesis,30,38,Genesis 30:38 bible,False,195000,195000,True,8,8,True,8,8,,,,
Genesis,30,39,Genesis 30:39 bible,False,127000,127000,True,8,8,True,8,8,,,,
Genesis,30,40,Genesis 30:40 bible,False,277000,277000,True,8,8,True,8,8,,,,
Genesis,30,41,Genesis 30:41 bible,False,71200,71200,False,0,0,False,0,0,0.0,0.0,0.0,0.0
Genesis,30,42,Genesis 30:42 bible,False,61100,61100,True,9,9,True,9,9,,,,
Genesis,30,43,Genesis 30:43 bible,False,103000,103000,False,0,0,False,0,0,0.0,0.0,0.0,0.0
Genesis,31,1,Genesis 31:1 bible,False,624000,624000,True,9,9,True,9,9,,,,
Genesis,31,2,Genesis 31:2 bible,False,403000,403000,False,0,0,False,0,0,0.0,0.0,0.0,0.0
Genesis,31,3,Genesis 31:3 bible,False,521000,521000,False,0,0,False,0,0,0.0,0.0,0.0,0.0
Genesis,31,4,Genesis 31:4 bible,True,144,428000,False,0,0,False,0,0,0.0,0.0,0.0,0.0
Genesis,31,5,Genesis 31:5 bible,True,142,0,False,0,0,False,0,0,0.0,0.0,0.0,0.0
Genesis,31,6,Genesis 31:6 bible,False,483000,483000,True,8,8,True,8,8,,,,
Genesis,31,7,Genesis 31:7 bible,False,272000,272000,True,8,8,True,8,8,,,,
Genesis,31,8,Genesis 31:8 bible,False,533000,533000,True,8,8,True,8,8,,,,
Genesis,31,9,Genesis 31:9 bible,False,339000,339000,True,9,9,True,9,9,,,,
Genesis,31,10,Genesis 31:10 bible,False,392000,392000,True,8,8,True,8,8,,,,
Genesis,31,11,Genesis 31:11 bible,False,304000,304000,True,9,9,True,9,9,,,,
Genesis,31,12,Genesis 31:12 bible,False,376000,376000,False,0,0,False,0,0,0.0,0.0,0.0,0.0
Genesis,31,13,Genesis 31:13 bible,False,386000,386000,True,9,9,True,9,9,,,,
Genesis,31,14,Genesis 31:14 bible,False,367000,367000,True,9,9,True,9,9,,,,
Genesis,31,15,Genesis 31:15 bible,False,384000,384000,True,8,8,True,8,8,,,,
Genesis,31,16,Genesis 31:16 bible,False,451000,451000,True,8,8,True,8,8,,,,
Genesis,31,17,Genesis 31:17 bible,True,142,389000,False,0,0,False,0,0,0.0,0.0,0.0,0.0
Genesis,31,18,Genesis 31:18 bible,False,455000,455000,True,8,8,True,8,8,,,,
Genesis,31,19,Genesis 31:19 bible,False,292000,292000,True,9,9,True,9,9,,,,
Genesis,31,20,Genesis 31:20 bible,False,242000,242000,True,9,9,True,9,9,,,,
Genesis,31,21,Genesis 31:21 bible,False,176000,176000,True,8,8,True,8,8,,,,
Genesis,31,22,Genesis 31:22 bible,False,196000,196000,True,8,8,True,8,8,,,,
Genesis,31,23,Genesis 31:23 bible,False,378000,378000,True,8,8,True,8,8,,,,
Genesis,31,24,Genesis 31:24 bible,False,305000,305000,True,9,9,True,9,9,,,,
Genesis,31,25,Genesis 31:25 bible,False,405000,405000,True,8,8,True,8,8,,,,
Genesis,31,26,Genesis 31:26 bible,False,371000,371000,False,0,0,False,0,0,0.0,0.0,0.0,0.0
Genesis,31,27,Genesis 31:27 bible,False,248000,248000,True,9,9,True,9,9,,,,
Genesis,31,28,Genesis 31:28 bible,False,331000,331000,False,0,0,False,0,0,0.0,0.0,0.0,0.0
Genesis,31,29,Genesis 31:29 bible,False,260000,260000,True,8,8,True,8,8,,,,
Genesis,31,30,Genesis 31:30 bible,False,386000,386000,True,8,8,True,8,8,,,,
Genesis,31,31,Genesis 31:31 bible,False,525000,525000,True,8,8,True,8,8,,,,
Genesis,31,32,Genesis 31:32 bible,False,1290000,1290000,True,8,8,True,8,8,,,,
Genesis,31,33,Genesis 31:33 bible,False,711000,711000,True,8,8,True,8,8,,,,
Genesis,31,34,Genesis 31:34 bible,False,614000,614000,True,9,9,True,9,9,,,,
Genesis,31,35,Genesis 31:35 bible,False,388000,388000,True,9,9,True,9,9,,,,
Genesis,31,36,Genesis 31:36 bible,False,352000,352000,True,8,8,True,8,8,,,,
Genesis,31,37,Genesis 31:37 bible,False,323000,323000,True,8,8,True,8,8,,,,
Genesis,31,38,Genesis 31:38 bible,False,269000,269000,True,9,9,True,9,9,,,,
Genesis,31,39,Genesis 31:39 bible,False,265000,265000,True,9,9,True,9,9,,,,
Genesis,31,40,Genesis 31:40 bible,False,193000,193000,True,8,8,True,8,8,,,,
Genesis,31,41,Genesis 31:41 bible,False,100000,100000,True,9,9,True,9,9,,,,
Genesis,31,42,Genesis 31:42 bible,True,136,124000,False,0,0,False,0,0,0.0,0.0,0.0,0.0
Genesis,31,43,Genesis 31:43 bible,False,68200,68200,True,8,8,True,8,8,,,,
Genesis,31,44,Genesis 31:44 bible,False,106000,106000,True,10,9,True,10,9,,,,
Genesis,31,45,Genesis 31:45 bible,False,88300,88300,True,9,9,True,9,9,,,,
Genesis,31,46,Genesis 31:46 bible,False,386000,386000,True,9,9,True,9,9,,,,
Genesis,31,47,Genesis 31:47 bible,False,86400,86400,True,9,9,True,9,9,,,,
Genesis,31,48,Genesis 31:48 bible,False,47800,47800,True,9,9,True,9,9,,,,
Genesis,31,49,Genesis 31:49 bible,False,70700,70700,True,7,7,True,7,7,,,,
Genesis,31,50,Genesis 31:50 bible,False,65700,65700,True,8,8,True,8,8,,,,
Genesis,31,51,Genesis 31:51 bible,False,40200,40200,True,10,9,True,10,9,,,,
Genesis,31,52,Genesis 31:52 bible,False,28000,28000,True,8,8,True,8,8,,,,
Genesis,31,53,Genesis 31:53 bible,False,46200,46200,True,9,9,True,9,9,,,,
Genesis,31,54,Genesis 31:54 bible,False,43400,43400,True,9,9,True,9,9,,,,
Genesis,32,1,Genesis 32:1 bible,False,554000,554000,True,8,8,True,8,8,,,,
Genesis,32,2,Genesis 32:2 bible,False,387000,387000,True,9,9,True,9,9,,,,
Genesis,32,3,Genesis 32:3 bible,False,380000,380000,False,0,0,False,0,0,0.0,0.0,0.0,0.0
Genesis,32,4,Genesis 32:4 bible,False,387000,387000,False,0,0,False,0,0,0.0,0.0,0.0,0.0
Genesis,32,5,Genesis 32:5 bible,False,372000,372000,True,8,8,True,8,8,,,,
Genesis,32,6,Genesis 32:6 bible,False,276000,276000,False,0,0,False,0,0,0.0,0.0,0.0,0.0
Genesis,32,7,Genesis 32:7 bible,False,387000,387000,False,0,0,False,0,0,0.0,0.0,0.0,0.0
Genesis,32,8,Genesis 32:8 bible,False,450000,450000,False,0,0,False,0,0,0.0,0.0,0.0,0.0
Genesis,32,9,Genesis 32:9 bible,False,245000,245000,True,8,8,True,8,8,,,,
Genesis,32,10,Genesis 32:10 bible,False,290000,290000,True,8,8,True,8,8,,,,
Genesis,32,11,Genesis 32:11 bible,False,271000,271000,True,8,8,True,8,8,,,,
Genesis,32,12,Genesis 32:12 bible,False,163000,163000,True,8,8,True,8,8,,,,
Genesis,32,13,Genesis 32:13 bible,False,189000,189000,True,8,8,True,8,8,,,,
Genesis,32,14,Genesis 32:14 bible,False,150000,150000,True,8,8,True,8,8,,,,
Genesis,32,15,Genesis 32:15 bible,False,395000,395000,True,8,8,True,8,8,,,,
Genesis,32,16,Genesis 32:16 bible,False,211000,211000,True,8,8,True,8,8,,,,
Genesis,32,17,Genesis 32:17 bible,False,388000,388000,True,8,8,True,8,8,,,,
Genesis,32,18,Genesis 32:18 bible,False,181000,181000,True,8,8,True,8,8,,,,
Genesis,32,19,Genesis 32:19 bible,False,174000,174000,True,7,7,True,7,7,,,,
Genesis,32,20,Genesis 32:20 bible,False,143000,143000,True,9,9,True,9,9,,,,
Genesis,32,21,Genesis 32:21 bible,False,164000,164000,False,0,0,False,0,0,0.0,0.0,0.0,0.0
Genesis,32,22,Genesis 32:22 bible,False,275000,275000,True,8,8,True,8,8,,,,
Genesis,32,23,Genesis 32:23 bible,False,239000,239000,False,0,0,False,0,0,0.0,0.0,0.0,0.0
Genesis,32,24,Genesis 32:24 bible,False,341000,341000,False,0,0,False,0,0,0.0,0.0,0.0,0.0
Genesis,32,25,Genesis 32:25 bible,False,143000,143000,False,0,0,False,0,0,0.0,0.0,0.0,0.0
Genesis,32,26,Genesis 32:26 bible,False,252000,252000,True,7,7,True,7,7,,,,
Genesis,32,27,Genesis 32:27 bible,False,388000,388000,True,7,7,True,7,7,,,,
Genesis,32,28,Genesis 32:28 bible,False,289000,289000,False,0,0,False,0,0,0.0,0.0,0.0,0.0
Genesis,32,29,Genesis 32:29 bible,True,140,126000,False,0,0,False,0,0,0.0,0.0,0.0,0.0
Genesis,32,30,Genesis 32:30 bible,False,292000,292000,True,8,8,True,8,8,,,,
Genesis,32,31,Genesis 32:31 bible,False,295000,295000,True,8,8,True,8,8,,,,
Genesis,32,32,Genesis 32:32 bible,False,253000,253000,True,9,9,True,9,9,,,,
Genesis,32,33,Genesis 32:33 bible,False,850000,850000,True,8,8,True,8,8,,,,
Genesis,33,1,Genesis 33:1 bible,False,422000,422000,True,8,8,True,8,8,,,,
Genesis,33,2,Genesis 33:2 bible,False,388000,388000,True,8,8,True,8,8,,,,
Genesis,33,3,Genesis 33:3 bible,False,645000,645000,True,9,9,True,9,9,,,,
Genesis,33,4,Genesis 33:4 bible,False,388000,388000,True,8,8,True,8,8,,,,
Genesis,33,5,Genesis 33:5 bible,False,262000,262000,True,9,9,True,9,9,,,,
Genesis,33,6,Genesis 33:6 bible,False,394000,394000,True,9,9,True,9,9,,,,
Genesis,33,7,Genesis 33:7 bible,False,384000,384000,True,8,8,True,8,8,,,,
Genesis,33,8,Genesis 33:8 bible,False,248000,248000,True,8,8,True,8,8,,,,
Genesis,33,9,Genesis 33:9 bible,False,270000,270000,True,8,8,True,8,8,,,,
Genesis,33,10,Genesis 33:10 bible,False,246000,246000,True,9,9,True,9,9,,,,
Genesis,33,11,Genesis 33:11 bible,False,389000,389000,True,8,8,True,8,8,,,,
Genesis,33,12,Genesis 33:12 bible,False,440000,440000,True,8,8,True,8,8,,,,
Genesis,33,13,Genesis 33:13 bible,True,134,355000,False,0,0,False,0,0,0.0,0.0,0.0,0.0
Genesis,33,14,Genesis 33:14 bible,True,137,463000,False,0,0,False,0,0,0.0,0.0,0.0,0.0
Genesis,33,15,Genesis 33:15 bible,False,330000,330000,True,8,8,True,8,8,,,,
Genesis,33,16,Genesis 33:16 bible,False,229000,229000,False,0,0,False,0,0,0.0,0.0,0.0,0.0
Genesis,33,17,Genesis 33:17 bible,False,259000,259000,True,9,9,True,9,9,,,,
Genesis,33,18,Genesis 33:18 bible,False,386000,386000,True,9,9,True,9,9,,,,
Genesis,33,19,Genesis 33:19 bible,False,284000,284000,True,9,9,True,9,9,,,,
Genesis,33,20,Genesis 33:20 bible,False,386000,386000,True,8,8,True,8,8,,,,
Genesis,34,1,Genesis 34:1 bible,False,593000,593000,True,8,8,True,8,8,,,,
Genesis,34,2,Genesis 34:2 bible,False,364000,364000,True,9,9,True,9,9,,,,
Genesis,34,3,Genesis 34:3 bible,False,412000,412000,True,8,8,True,8,8,,,,
Genesis,34,4,Genesis 34:4 bible,False,471000,471000,True,8,8,True,8,8,,,,
Genesis,34,5,Genesis 34:5 bible,False,386000,386000,True,8,8,True,8,8,,,,
Genesis,34,6,Genesis 34:6 bible,False,494000,494000,True,9,9,True,9,9,,,,
Genesis,34,7,Genesis 34:7 bible,False,429000,429000,True,9,9,True,9,9,,,,
Genesis,34,8,Genesis 34:8 bible,False,388000,388000,True,8,8,True,8,8,,,,
Genesis,34,9,Genesis 34:9 bible,False,430000,430000,True,9,9,True,9,9,,,,
Genesis,34,10,Genesis 34:10 bible,False,389000,389000,True,8,8,True,8,8,,,,
Genesis,34,11,Genesis 34:11 bible,False,305000,305000,True,9,9,True,9,9,,,,
Genesis,34,12,Genesis 34:12 bible,True,133,0,False,0,0,False,0,0,0.0,0.0,0.0,0.0
Genesis,34,13,Genesis 34:13 bible,False,176000,176000,True,8,8,True,8,8,,,,
Genesis,34,14,Genesis 34:14 bible,False,387000,387000,False,0,0,False,0,0,0.0,0.0,0.0,0.0
Genesis,34,15,Genesis 34:15 bible,False,450000,450000,False,0,0,False,0,0,0.0,0.0,0.0,0.0
Genesis,34,16,Genesis 34:16 bible,False,287000,287000,True,8,8,True,8,8,,,,
Genesis,34,17,Genesis 34:17 bible,False,386000,386000,False,0,0,False,0,0,0.0,0.0,0.0,0.0
Genesis,34,18,Genesis 34:18 bible,True,141,0,False,0,0,False,0,0,0.0,0.0,0.0,0.0
Genesis,34,19,Genesis 34:19 bible,False,389000,389000,True,8,8,True,8,8,,,,
Genesis,34,20,Genesis 34:20 bible,False,222000,222000,True,8,8,True,8,8,,,,
Genesis,34,21,Genesis 34:21 bible,False,262000,262000,True,8,8,True,8,8,,,,
Genesis,34,22,Genesis 34:22 bible,False,172000,172000,True,9,9,True,9,9,,,,
Genesis,34,23,Genesis 34:23 bible,False,217000,217000,True,8,8,True,8,8,,,,
Genesis,34,24,Genesis 34:24 bible,False,112000,112000,False,0,0,False,0,0,0.0,0.0,0.0,0.0
Genesis,34,25,Genesis 34:25 bible,True,135,165000,False,0,0,False,0,0,0.0,0.0,0.0,0.0
Genesis,34,26,Genesis 34:26 bible,False,192000,192000,True,9,9,True,9,9,,,,
Genesis,34,27,Genesis 34:27 bible,True,134,142000,False,0,0,False,0,0,0.0,0.0,0.0,0.0
Genesis,34,28,Genesis 34:28 bible,False,290000,290000,True,8,8,True,8,8,,,,
Genesis,34,29,Genesis 34:29 bible,False,276000,276000,True,8,8,True,8,8,,,,
Genesis,34,30,Genesis 34:30 bible,False,159000,159000,True,8,8,True,8,8,,,,
Genesis,34,31,Genesis 34:31 bible,False,104000,104000,True,8,8,True,8,8,,,,
Genesis,35,1,Genesis 35:1 bible,False,418000,418000,True,8,8,True,8,8,,,,
Genesis,35,2,Genesis 35:2 bible,False,386000,386000,True,9,9,True,9,9,,,,
Genesis,35,3,Genesis 35:3 bible,True,139,272000,False,0,0,False,0,0,0.0,0.0,0.0,0.0
Genesis,35,4,Genesis 35:4 bible,False,345000,345000,True,8,8,True,8,8,,,,
Genesis,35,5,Genesis 35:5 bible,False,304000,304000,True,8,8,True,8,8,,,,
Genesis,35,6,Genesis 35:6 bible,False,365000,365000,False,0,0,False,0,0,0.0,0.0,0.0,0.0
Genesis,35,7,Genesis 35:7 bible,False,142000,142000,True,9,9,True,9,9,,,,
Genesis,35,8,Genesis 35:8 bible,False,235000,235000,False,0,0,False,0,0,0.0,0.0,0.0,0.0
Genesis,35,9,Genesis 35:9 bible,False,191000,191000,True,8,8,True,8,8,,,,
Genesis,35,10,Genesis 35:10 bible,False,299000,299000,True,8,8,True,8,8,,,,
Genesis,35,11,Genesis 35:11 bible,False,201000,201000,True,8,8,True,8,8,,,,
Genesis,35,12,Genesis 35:12 bible,False,146000,146000,True,8,8,True,8,8,,,,
Genesis,35,13,Genesis 35:13 bible,False,180000,180000,True,8,8,True,8,8,,,,
Genesis,35,14,Genesis 35:14 bible,False,84700,84700,True,8,8,True,8,8,,,,
Genesis,35,15,Genesis 35:15 bible,False,145000,145000,True,8,8,True,8,8,,,,
Genesis,35,16,Genesis 35:16 bible,False,107000,107000,True,8,8,True,8,8,,,,
Genesis,35,17,Genesis 35:17 bible,False,114000,114000,True,10,10,True,10,10,,,,
Genesis,35,18,Genesis 35:18 bible,False,184000,184000,True,8,8,True,8,8,,,,
Genesis,35,19,Genesis 35:19 bible,True,124,119000,False,0,0,False,0,0,0.0,0.0,0.0,0.0
Genesis,35,20,Genesis 35:20 bible,False,146000,146000,True,8,8,True,8,8,,,,
Genesis,35,21,Genesis 35:21 bible,False,125000,125000,True,9,9,True,9,9,,,,
Genesis,35,22,Genesis 35:22 bible,False,123000,123000,False,0,0,False,0,0,0.0,0.0,0.0,0.0
Genesis,35,23,Genesis 35:23 bible,False,78500,78500,True,8,8,True,8,8,,,,
Genesis,35,24,Genesis 35:24 bible,False,113000,113000,False,0,0,False,0,0,0.0,0.0,0.0,0.0
Genesis,35,25,Genesis 35:25 bible,False,83200,83200,True,9,9,True,9,9,,,,
Genesis,35,26,Genesis 35:26 bible,False,123000,123000,True,8,8,True,8,8,,,,
Genesis,35,27,Genesis 35:27 bible,False,268000,268000,False,0,0,False,0,0,0.0,0.0,0.0,0.0
Genesis,35,28,Genesis 35:28 bible,False,90800,90800,True,9,9,True,9,9,,,,
Genesis,35,29,Genesis 35:29 bible,False,114000,114000,False,0,0,False,0,0,0.0,0.0,0.0,0.0
Genesis,36,1,Genesis 36:1 bible,False,386000,386000,True,8,8,True,8,8,,,,
Genesis,36,2,Genesis 36:2 bible,False,254000,254000,True,9,9,True,9,9,,,,
Genesis,36,3,Genesis 36:3 bible,False,301000,301000,True,9,9,True,9,9,,,,
Genesis,36,4,Genesis 36:4 bible,False,147000,147000,True,9,9,True,9,9,,,,
Genesis,36,5,Genesis 36:5 bible,False,283000,283000,True,8,8,True,8,8,,,,
Genesis,36,6,Genesis 36:6 bible,False,173000,173000,True,9,9,True,9,9,,,,
Genesis,36,7,Genesis 36:7 bible,False,323000,323000,True,9,9,True,9,9,,,,
Genesis,36,8,Genesis 36:8 bible,False,172000,172000,True,9,9,True,9,9,,,,
Genesis,36,9,Genesis 36:9 bible,False,258000,258000,True,8,8,True,8,8,,,,
Genesis,36,10,Genesis 36:10 bible,False,134000,134000,False,0,0,False,0,0,0.0,0.0,0.0,0.0
Genesis,36,11,Genesis 36:11 bible,False,426000,426000,True,8,8,True,8,8,,,,
Genesis,36,12,Genesis 36:12 bible,False,92200,92200,False,0,0,False,0,0,0.0,0.0,0.0,0.0
Genesis,36,13,Genesis 36:13 bible,False,131000,131000,True,9,9,True,9,9,,,,
Genesis,36,14,Genesis 36:14 bible,False,155000,155000,True,9,9,True,9,9,,,,
Genesis,36,15,Genesis 36:15 bible,False,180000,180000,True,8,8,True,8,8,,,,
Genesis,36,16,Genesis 36:16 bible,False,116000,116000,True,9,9,True,9,9,,,,
Genesis,36,17,Genesis 36:17 bible,False,62700,62700,True,9,9,True,9,9,,,,
Genesis,36,18,Genesis 36:18 bible,False,58100,58100,True,8,8,True,8,8,,,,
Genesis,36,19,Genesis 36:19 bible,False,122000,122000,True,8,8,True,8,8,,,,
Genesis,36,20,Genesis 36:20 bible,False,79500,79500,False,0,0,False,0,0,0.0,0.0,0.0,0.0
Genesis,36,21,Genesis 36:21 bible,False,79500,79500,True,9,9,True,9,9,,,,
Genesis,36,22,Genesis 36:22 bible,False,150000,150000,True,9,9,True,9,9,,,,
Genesis,36,23,Genesis 36:23 bible,False,243000,243000,False,0,0,False,0,0,0.0,0.0,0.0,0.0
Genesis,36,24,Genesis 36:24 bible,False,149000,149000,True,9,9,True,9,9,,,,
Genesis,36,25,Genesis 36:25 bible,True,142,0,False,0,0,False,0,0,0.0,0.0,0.0,0.0
Genesis,36,26,Genesis 36:26 bible,False,448000,448000,True,9,9,True,9,9,,,,
Genesis,36,27,Genesis 36:27 bible,False,256000,256000,True,9,9,True,9,9,,,,
Genesis,36,28,Genesis 36:28 bible,False,51100,51100,True,9,9,True,9,9,,,,
Genesis,36,29,Genesis 36:29 bible,False,83900,83900,True,9,9,True,9,9,,,,
Genesis,36,30,Genesis 36:30 bible,False,92800,92800,True,8,8,True,8,8,,,,
Genesis,36,31,Genesis 36:31 bible,False,110000,110000,False,0,0,False,0,0,0.0,0.0,0.0,0.0
Genesis,36,32,Genesis 36:32 bible,False,82200,82200,True,8,8,True,8,8,,,,
Genesis,36,33,Genesis 36:33 bible,False,64200,64200,True,9,9,True,9,9,,,,
Genesis,36,34,Genesis 36:34 bible,False,82100,82100,False,0,0,False,0,0,0.0,0.0,0.0,0.0
Genesis,36,35,Genesis 36:35 bible,False,137000,137000,True,8,8,True,8,8,,,,
Genesis,36,36,Genesis 36:36 bible,False,171000,171000,True,9,9,True,9,9,,,,
Genesis,36,37,Genesis 36:37 bible,False,681000,681000,True,8,8,True,8,8,,,,
Genesis,36,38,Genesis 36:38 bible,False,397000,397000,True,8,8,True,8,8,,,,
Genesis,36,39,Genesis 36:39 bible,False,385000,385000,True,8,8,True,8,8,,,,
Genesis,36,40,Genesis 36:40 bible,False,417000,417000,True,8,8,True,8,8,,,,
Genesis,36,41,Genesis 36:41 bible,False,203000,203000,False,0,0,False,0,0,0.0,0.0,0.0,0.0
Genesis,36,42,Genesis 36:42 bible,False,171000,171000,True,8,8,True,8,8,,,,
Genesis,36,43,Genesis 36:43 bible,False,219000,219000,True,8,8,True,8,8,,,,
Genesis,37,1,Genesis 37:1 bible,False,615000,615000,True,7,7,True,7,7,,,,
Genesis,37,2,Genesis 37:2 bible,False,329000,329000,True,8,8,True,8,8,,,,
Genesis,37,3,Genesis 37:3 bible,False,388000,388000,False,0,0,False,0,0,0.0,0.0,0.0,0.0
Genesis,37,4,Genesis 37:4 bible,False,445000,445000,True,8,8,True,8,8,,,,
Genesis,37,5,Genesis 37:5 bible,False,408000,408000,True,8,8,True,8,8,,,,
Genesis,37,6,Genesis 37:6 bible,False,187000,187000,True,9,9,True,9,9,,,,
Genesis,37,7,Genesis 37:7 bible,False,363000,363000,True,9,9,True,9,9,,,,
Genesis,37,8,Genesis 37:8 bible,False,257000,257000,True,8,8,True,8,8,,,,
Genesis,37,9,Genesis 37:9 bible,False,274000,274000,True,8,8,True,8,8,,,,
Genesis,37,10,Genesis 37:10 bible,False,191000,191000,True,8,8,True,8,8,,,,
Genesis,37,11,Genesis 37:11 bible,False,198000,198000,False,0,0,False,0,0,0.0,0.0,0.0,0.0
Genesis,37,12,Genesis 37:12 bible,True,143,213000,False,0,0,False,0,0,0.0,0.0,0.0,0.0
Genesis,37,13,Genesis 37:13 bible,False,103000,103000,True,8,8,True,8,8,,,,
Genesis,37,14,Genesis 37:14 bible,False,218000,218000,True,9,9,True,9,9,,,,
Genesis,37,15,Genesis 37:15 bible,True,140,0,False,0,0,False,0,0,0.0,0.0,0.0,0.0
Genesis,37,16,Genesis 37:16 bible,False,307000,307000,False,0,0,False,0,0,0.0,0.0,0.0,0.0
Genesis,37,17,Genesis 37:17 bible,False,103000,103000,True,8,8,True,8,8,,,,
Genesis,37,18,Genesis 37:18 bible,False,181000,181000,True,8,8,True,8,8,,,,
Genesis,37,19,Genesis 37:19 bible,False,160000,160000,False,0,0,False,0,0,0.0,0.0,0.0,0.0
Genesis,37,20,Genesis 37:20 bible,True,141,127000,False,0,0,False,0,0,0.0,0.0,0.0,0.0
Genesis,37,21,Genesis 37:21 bible,True,142,0,False,0,0,False,0,0,0.0,0.0,0.0,0.0
Genesis,37,22,Genesis 37:22 bible,False,151000,151000,True,9,9,True,9,9,,,,
Genesis,37,23,Genesis 37:23 bible,False,390000,390000,True,8,8,True,8,8,,,,
Genesis,37,24,Genesis 37:24 bible,False,199000,199000,True,9,9,True,9,9,,,,
Genesis,37,25,Genesis 37:25 bible,False,323000,323000,True,9,9,True,9,9,,,,
Genesis,37,26,Genesis 37:26 bible,False,154000,154000,True,8,8,True,8,8,,,,
Genesis,37,27,Genesis 37:27 bible,False,108000,108000,True,8,8,True,8,8,,,,
Genesis,37,28,Genesis 37:28 bible,False,174000,174000,False,0,0,False,0,0,0.0,0.0,0.0,0.0
Genesis,37,29,Genesis 37:29 bible,False,130000,130000,True,9,9,True,9,9,,,,
Genesis,37,30,Genesis 37:30 bible,False,123000,123000,True,8,8,True,8,8,,,,
Genesis,37,31,Genesis 37:31 bible,False,119000,119000,True,8,8,True,8,8,,,,
Genesis,37,32,Genesis 37:32 bible,False,90500,90500,False,0,0,False,0,0,0.0,0.0,0.0,0.0
Genesis,37,33,Genesis 37:33 bible,False,69800,69800,True,8,8,True,8,8,,,,
Genesis,37,34,Genesis 37:34 bible,True,142,0,False,0,0,False,0,0,0.0,0.0,0.0,0.0
Genesis,37,35,Genesis 37:35 bible,False,107000,107000,False,0,0,False,0,0,0.0,0.0,0.0,0.0
Genesis,37,36,Genesis 37:36 bible,False,134000,134000,True,9,9,True,9,9,,,,
Genesis,38,1,Genesis 38:1 bible,False,393000,393000,True,8,8,True,8,8,,,,
Genesis,38,2,Genesis 38:2 bible,False,350000,350000,True,8,8,True,8,8,,,,
Genesis,38,3,Genesis 38:3 bible,False,323000,323000,True,8,8,True,8,8,,,,
Genesis,38,4,Genesis 38:4 bible,False,453000,453000,True,8,8,True,8,8,,,,
Genesis,38,5,Genesis 38:5 bible,False,243000,243000,True,8,8,True,8,8,,,,
Genesis,38,6,Genesis 38:6 bible,False,149000,149000,True,8,8,True,8,8,,,,
Genesis,38,7,Genesis 38:7 bible,False,257000,257000,True,9,9,True,9,9,,,,
Genesis,38,8,Genesis 38:8 bible,False,245000,245000,False,0,0,False,0,0,0.0,0.0,0.0,0.0
Genesis,38,9,Genesis 38:9 bible,False,157000,157000,True,9,9,True,9,9,,,,
Genesis,38,10,Genesis 38:10 bible,False,152000,152000,False,0,0,False,0,0,0.0,0.0,0.0,0.0
Genesis,38,11,Genesis 38:11 bible,False,122000,122000,True,9,9,True,9,9,,,,
Genesis,38,12,Genesis 38:12 bible,False,221000,221000,True,8,8,True,8,8,,,,
Genesis,38,13,Genesis 38:13 bible,False,131000,131000,True,10,10,True,10,10,,,,
Genesis,38,14,Genesis 38:14 bible,False,185000,185000,True,9,9,True,9,9,,,,
Genesis,38,15,Genesis 38:15 bible,False,94800,94800,False,0,0,False,0,0,0.0,0.0,0.0,0.0
Genesis,38,16,Genesis 38:16 bible,False,248000,248000,True,8,8,True,8,8,,,,
Genesis,38,17,Genesis 38:17 bible,False,242000,242000,True,10,10,True,10,10,,,,
Genesis,38,18,Genesis 38:18 bible,False,212000,212000,True,9,9,True,9,9,,,,
Genesis,38,19,Genesis 38:19 bible,False,176000,176000,False,0,0,False,0,0,0.0,0.0,0.0,0.0
Genesis,38,20,Genesis 38:20 bible,False,164000,164000,False,0,0,False,0,0,0.0,0.0,0.0,0.0
Genesis,38,21,Genesis 38:21 bible,False,131000,131000,True,9,9,True,9,9,,,,
Genesis,38,22,Genesis 38:22 bible,False,256000,256000,True,8,8,True,8,8,,,,
Genesis,38,23,Genesis 38:23 bible,False,61500,61500,False,0,0,False,0,0,0.0,0.0,0.0,0.0
Genesis,38,24,Genesis 38:24 bible,False,106000,106000,True,8,8,True,8,8,,,,
Genesis,38,25,Genesis 38:25 bible,False,82100,82100,True,8,8,True,8,8,,,,
Genesis,38,26,Genesis 38:26 bible,False,70700,70700,False,0,0,False,0,0,0.0,0.0,0.0,0.0
Genesis,38,27,Genesis 38:27 bible,False,49100,49100,False,0,0,False,0,0,0.0,0.0,0.0,0.0
Genesis,38,28,Genesis 38:28 bible,False,48300,48300,True,8,8,True,8,8,,,,
Genesis,38,29,Genesis 38:29 bible,False,58200,58200,True,9,9,True,9,9,,,,
Genesis,38,30,Genesis 38:30 bible,False,81000,81000,True,8,8,True,8,8,,,,
Genesis,39,1,Genesis 39:1 bible,False,388000,388000,False,0,0,False,0,0,0.0,0.0,0.0,0.0
Genesis,39,2,Genesis 39:2 bible,False,387000,387000,True,8,8,True,8,8,,,,
Genesis,39,3,Genesis 39:3 bible,False,220000,220000,False,0,0,False,0,0,0.0,0.0,0.0,0.0
Genesis,39,4,Genesis 39:4 bible,False,214000,214000,True,9,9,True,9,9,,,,
Genesis,39,5,Genesis 39:5 bible,False,178000,178000,True,9,9,True,9,9,,,,
Genesis,39,6,Genesis 39:6 bible,False,186000,186000,True,9,8,True,9,8,,,,
Genesis,39,7,Genesis 39:7 bible,False,260000,260000,False,0,0,False,0,0,0.0,0.0,0.0,0.0
Genesis,39,8,Genesis 39:8 bible,False,115000,115000,False,0,0,False,0,0,0.0,0.0,0.0,0.0
Genesis,39,9,Genesis 39:9 bible,False,241000,241000,False,0,0,False,0,0,0.0,0.0,0.0,0.0
Genesis,39,10,Genesis 39:10 bible,False,125000,125000,True,8,8,True,8,8,,,,
Genesis,39,11,Genesis 39:11 bible,False,121000,121000,True,9,9,True,9,9,,,,
Genesis,39,12,Genesis 39:12 bible,False,161000,161000,True,8,8,True,8,8,,,,
Genesis,39,13,Genesis 39:13 bible,False,72000,72000,True,9,9,True,9,9,,,,
Genesis,39,14,Genesis 39:14 bible,False,81300,81300,False,0,0,False,0,0,0.0,0.0,0.0,0.0
Genesis,39,15,Genesis 39:15 bible,False,79500,79500,False,0,0,False,0,0,0.0,0.0,0.0,0.0
Genesis,39,16,Genesis 39:16 bible,False,137000,137000,True,9,9,True,9,9,,,,
Genesis,39,17,Genesis 39:17 bible,False,102000,102000,True,8,8,True,8,8,,,,
Genesis,39,18,Genesis 39:18 bible,False,93200,93200,True,8,8,True,8,8,,,,
Genesis,39,19,Genesis 39:19 bible,False,90700,90700,True,8,8,True,8,8,,,,
Genesis,39,20,Genesis 39:20 bible,False,99800,99800,True,9,9,True,9,9,,,,
Genesis,39,21,Genesis 39:21 bible,False,233000,233000,False,0,0,False,0,0,0.0,0.0,0.0,0.0
Genesis,39,22,Genesis 39:22 bible,True,67,0,False,0,0,False,0,0,0.0,0.0,0.0,0.0
Genesis,39,23,Genesis 39:23 bible,False,74500,74500,True,9,9,True,9,9,,,,
Genesis,40,1,Genesis 40:1 bible,False,427000,427000,True,8,8,True,8,8,,,,
Genesis,40,2,Genesis 40:2 bible,False,383000,383000,True,8,8,True,8,8,,,,
Genesis,40,3,Genesis 40:3 bible,False,386000,386000,True,9,9,True,9,9,,,,
Genesis,40,4,Genesis 40:4 bible,False,268000,268000,True,9,9,True,9,9,,,,
Genesis,40,5,Genesis 40:5 bible,False,265000,265000,False,0,0,False,0,0,0.0,0.0,0.0,0.0
Genesis,40,6,Genesis 40:6 bible,False,259000,259000,False,0,0,False,0,0,0.0,0.0,0.0,0.0
Genesis,40,7,Genesis 40:7 bible,False,198000,198000,True,9,9,True,9,9,,,,
Genesis,40,8,Genesis 40:8 bible,False,388000,388000,True,9,9,True,9,9,,,,
Genesis,40,9,Genesis 40:9 bible,True,135,178000,False,0,0,False,0,0,0.0,0.0,0.0,0.0
Genesis,40,10,Genesis 40:10 bible,False,189000,189000,True,9,9,True,9,9,,,,
Genesis,40,11,Genesis 40:11 bible,False,291000,291000,False,0,0,False,0,0,0.0,0.0,0.0,0.0
Genesis,40,12,Genesis 40:12 bible,True,132,182000,False,0,0,False,0,0,0.0,0.0,0.0,0.0
Genesis,40,13,Genesis 40:13 bible,False,175000,175000,True,9,9,True,9,9,,,,
Genesis,40,14,Genesis 40:14 bible,False,137000,137000,True,9,9,True,9,9,,,,
Genesis,40,15,Genesis 40:15 bible,False,139000,139000,True,8,8,True,8,8,,,,
Genesis,40,16,Genesis 40:16 bible,False,107000,107000,True,9,9,True,9,9,,,,
Genesis,40,17,Genesis 40:17 bible,False,163000,163000,True,8,8,True,8,8,,,,
Genesis,40,18,Genesis 40:18 bible,False,85300,85300,True,9,9,True,9,9,,,,
Genesis,40,19,Genesis 40:19 bible,False,67400,67400,True,8,8,True,8,8,,,,
Genesis,40,20,Genesis 40:20 bible,False,98900,98900,True,9,9,True,9,9,,,,
Genesis,40,21,Genesis 40:21 bible,False,96100,96100,True,9,9,True,9,9,,,,
Genesis,40,22,Genesis 40:22 bible,False,175000,175000,True,9,9,True,9,9,,,,
Genesis,40,23,Genesis 40:23 bible,False,82600,82600,False,0,0,False,0,0,0.0,0.0,0.0,0.0
Genesis,41,1,Genesis 41:1 bible,False,387000,387000,True,8,7,True,8,7,,,,
Genesis,41,2,Genesis 41:2 bible,False,228000,228000,True,9,9,True,9,9,,,,
Genesis,41,3,Genesis 41:3 bible,False,244000,244000,True,8,8,True,8,8,,,,
Genesis,41,4,Genesis 41:4 bible,False,334000,334000,True,8,8,True,8,8,,,,
Genesis,41,5,Genesis 41:5 bible,True,133,0,False,0,0,False,0,0,0.0,0.0,0.0,0.0
Genesis,41,6,Genesis 41:6 bible,False,85000,85000,True,9,9,True,9,9,,,,
Genesis,41,7,Genesis 41:7 bible,False,131000,131000,True,8,8,True,8,8,,,,
Genesis,41,8,Genesis 41:8 bible,False,351000,351000,True,9,9,True,9,9,,,,
Genesis,41,9,Genesis 41:9 bible,False,366000,366000,True,9,9,True,9,9,,,,
Genesis,41,10,Genesis 41:10 bible,False,920000,920000,False,0,0,False,0,0,0.0,0.0,0.0,0.0
Genesis,41,11,Genesis 41:11 bible,False,287000,287000,True,9,9,True,9,9,,,,
Genesis,41,12,Genesis 41:12 bible,False,105000,105000,True,9,9,True,9,9,,,,
Genesis,41,13,Genesis 41:13 bible,False,324000,324000,True,8,8,True,8,8,,,,
Genesis,41,14,Genesis 41:14 bible,False,223000,223000,True,9,9,True,9,9,,,,
Genesis,41,15,Genesis 41:15 bible,False,96700,96700,False,0,0,False,0,0,0.0,0.0,0.0,0.0
Genesis,41,16,Genesis 41:16 bible,False,121000,121000,True,8,8,True,8,8,,,,
Genesis,41,17,Genesis 41:17 bible,True,138,137000,False,0,0,False,0,0,0.0,0.0,0.0,0.0
Genesis,41,18,Genesis 41:18 bible,False,193000,193000,True,8,8,True,8,8,,,,
Genesis,41,19,Genesis 41:19 bible,False,44800,44800,True,9,9,True,9,9,,,,
Genesis,41,20,Genesis 41:20 bible,False,79500,79500,True,8,8,True,8,8,,,,
Genesis,41,21,Genesis 41:21 bible,False,140000,140000,True,8,8,True,8,8,,,,
Genesis,41,22,Genesis 41:22 bible,True,138,96000,False,0,0,False,0,0,0.0,0.0,0.0,0.0
Genesis,41,23,Genesis 41:23 bible,False,62600,62600,True,8,8,True,8,8,,,,
Genesis,41,24,Genesis 41:24 bible,False,61600,61600,True,8,8,True,8,8,,,,
Genesis,41,25,Genesis 41:25 bible,False,76900,76900,True,8,8,True,8,8,,,,
Genesis,41,26,Genesis 41:26 bible,False,61700,61700,True,8,8,True,8,8,,,,
Genesis,41,27,Genesis 41:27 bible,False,65900,65900,True,8,8,True,8,8,,,,
Genesis,41,28,Genesis 41:28 bible,False,37300,37300,False,0,0,False,0,0,0.0,0.0,0.0,0.0
Genesis,41,29,Genesis 41:29 bible,False,61300,61300,True,9,9,True,9,9,,,,
Genesis,41,30,Genesis 41:30 bible,False,32500,32500,True,9,9,True,9,9,,,,
Genesis,41,31,Genesis 41:31 bible,False,28500,28500,True,8,8,True,8,8,,,,
Genesis,41,32,Genesis 41:32 bible,False,40400,40400,True,8,8,True,8,8,,,,
Genesis,41,33,Genesis 41:33 bible,False,82300,82300,False,0,0,False,0,0,0.0,0.0,0.0,0.0
Genesis,41,34,Genesis 41:34 bible,False,64400,64400,True,9,9,True,9,9,,,,
Genesis,41,35,Genesis 41:35 bible,False,34100,34100,True,9,9,True,9,9,,,,
Genesis,41,36,Genesis 41:36 bible,True,134,44600,False,0,0,False,0,0,0.0,0.0,0.0,0.0
Genesis,41,37,Genesis 41:37 bible,False,92500,92500,True,9,9,True,9,9,,,,
Genesis,41,38,Genesis 41:38 bible,False,133000,133000,True,8,8,True,8,8,,,,
Genesis,41,39,Genesis 41:39 bible,False,141000,141000,True,9,9,True,9,9,,,,
Genesis,41,40,Genesis 41:40 bible,False,82000,82000,True,8,8,True,8,8,,,,
Genesis,41,41,Genesis 41:41 bible,False,155000,155000,True,8,8,True,8,8,,,,
Genesis,41,42,Genesis 41:42 bible,True,140,0,False,0,0,False,0,0,0.0,0.0,0.0,0.0
Genesis,41,43,Genesis 41:43 bible,False,372000,372000,True,8,8,True,8,8,,,,
Genesis,41,44,Genesis 41:44 bible,True,141,387000,False,0,0,False,0,0,0.0,0.0,0.0,0.0
Genesis,41,45,Genesis 41:45 bible,False,244000,244000,True,9,9,True,9,9,,,,
Genesis,41,46,Genesis 41:46 bible,False,303000,303000,True,8,8,True,8,8,,,,
Genesis,41,47,Genesis 41:47 bible,True,139,239000,False,0,0,False,0,0,0.0,0.0,0.0,0.0
Genesis,41,48,Genesis 41:48 bible,False,142000,142000,False,0,0,False,0,0,0.0,0.0,0.0,0.0
Genesis,41,49,Genesis 41:49 bible,False,70800,70800,True,9,9,True,9,9,,,,
Genesis,41,50,Genesis 41:50 bible,False,123000,123000,False,0,0,False,0,0,0.0,0.0,0.0,0.0
Genesis,41,51,Genesis 41:51 bible,False,131000,131000,True,8,8,True,8,8,,,,
Genesis,41,52,Genesis 41:52 bible,False,144000,144000,True,8,8,True,8,8,,,,
Genesis,41,53,Genesis 41:53 bible,False,77300,77300,True,9,9,True,9,9,,,,
Genesis,41,54,Genesis 41:54 bible,False,81300,81300,True,9,9,True,9,9,,,,
Genesis,41,55,Genesis 41:55 bible,False,71600,71600,True,9,9,True,9,9,,,,
Genesis,41,56,Genesis 41:56 bible,False,56100,56100,False,0,0,False,0,0,0.0,0.0,0.0,0.0
Genesis,41,57,Genesis 41:57 bible,False,56200,56200,True,9,9,True,9,9,,,,
Genesis,42,1,Genesis 42:1 bible,False,478000,478000,True,9,8,True,9,8,,,,
Genesis,42,2,Genesis 42:2 bible,False,456000,456000,True,9,9,True,9,9,,,,
Genesis,42,3,Genesis 42:3 bible,False,217000,217000,True,9,8,True,9,8,,,,
Genesis,42,4,Genesis 42:4 bible,False,148000,148000,True,9,9,True,9,9,,,,
Genesis,42,5,Genesis 42:5 bible,False,386000,386000,True,8,8,True,8,8,,,,
Genesis,42,6,Genesis 42:6 bible,False,438000,438000,True,8,8,True,8,8,,,,
Genesis,42,7,Genesis 42:7 bible,False,229000,229000,True,9,9,True,9,9,,,,
Genesis,42,8,Genesis 42:8 bible,False,386000,386000,True,8,8,True,8,8,,,,
Genesis,42,9,Genesis 42:9 bible,False,148000,148000,True,9,9,True,9,9,,,,
Genesis,42,10,Genesis 42:10 bible,False,378000,378000,True,8,8,True,8,8,,,,
Genesis,42,11,Genesis 42:11 bible,False,257000,257000,True,8,8,True,8,8,,,,
Genesis,42,12,Genesis 42:12 bible,False,271000,271000,False,0,0,False,0,0,0.0,0.0,0.0,0.0
Genesis,42,13,Genesis 42:13 bible,True,126,221000,False,0,0,False,0,0,0.0,0.0,0.0,0.0
Genesis,42,14,Genesis 42:14 bible,False,79500,79500,True,9,9,True,9,9,,,,
Genesis,42,15,Genesis 42:15 bible,False,79400,79400,True,9,9,True,9,9,,,,
Genesis,42,16,Genesis 42:16 bible,False,268000,268000,True,8,8,True,8,8,,,,
Genesis,42,17,Genesis 42:17 bible,False,87700,87700,False,0,0,False,0,0,0.0,0.0,0.0,0.0
Genesis,42,18,Genesis 42:18 bible,False,113000,113000,False,0,0,False,0,0,0.0,0.0,0.0,0.0
Genesis,42,19,Genesis 42:19 bible,False,116000,116000,False,0,0,False,0,0,0.0,0.0,0.0,0.0
Genesis,42,20,Genesis 42:20 bible,False,102000,102000,True,9,9,True,9,9,,,,
Genesis,42,21,Genesis 42:21 bible,False,169000,169000,True,8,8,True,8,8,,,,
Genesis,42,22,Genesis 42:22 bible,False,88400,88400,True,8,8,True,8,8,,,,
Genesis,42,23,Genesis 42:23 bible,False,49900,49900,False,0,0,False,0,0,0.0,0.0,0.0,0.0
Genesis,42,24,Genesis 42:24 bible,False,53300,53300,True,9,9,True,9,9,,,,
Genesis,42,25,Genesis 42:25 bible,False,106000,106000,True,8,8,True,8,8,,,,
Genesis,42,26,Genesis 42:26 bible,True,130,26600,False,0,0,False,0,0,0.0,0.0,0.0,0.0
Genesis,42,27,Genesis 42:27 bible,False,36000,36000,True,8,8,True,8,8,,,,
Genesis,42,28,Genesis 42:28 bible,False,31700,31700,True,9,9,True,9,9,,,,
Genesis,42,29,Genesis 42:29 bible,False,43300,43300,True,9,9,True,9,9,,,,
Genesis,42,30,Genesis 42:30 bible,False,26700,26700,True,9,9,True,9,9,,,,
Genesis,42,31,Genesis 42:31 bible,False,27900,27900,True,8,8,True,8,8,,,,
Genesis,42,32,Genesis 42:32 bible,False,22000,22000,False,0,0,False,0,0,0.0,0.0,0.0,0.0
Genesis,42,33,Genesis 42:33 bible,False,26000,26000,True,9,9,True,9,9,,,,
Genesis,42,34,Genesis 42:34 bible,False,34100,34100,True,8,8,True,8,8,,,,
Genesis,42,35,Genesis 42:35 bible,False,19900,19900,True,9,9,True,9,9,,,,
Genesis,42,36,Genesis 42:36 bible,False,41700,41700,False,0,0,False,0,0,0.0,0.0,0.0,0.0
Genesis,42,37,Genesis 42:37 bible,False,31400,31400,True,9,9,True,9,9,,,,
Genesis,42,38,Genesis 42:38 bible,False,52400,52400,True,9,8,True,9,8,,,,
Genesis,43,1,Genesis 43:1 bible,False,422000,422000,True,8,8,True,8,8,,,,
Genesis,43,2,Genesis 43:2 bible,True,138,0,False,0,0,False,0,0,0.0,0.0,0.0,0.0
Genesis,43,3,Genesis 43:3 bible,False,401000,401000,True,8,8,True,8,8,,,,
Genesis,43,4,Genesis 43:4 bible,False,352000,352000,True,8,8,True,8,8,,,,
Genesis,43,5,Genesis 43:5 bible,False,332000,332000,True,8,8,True,8,8,,,,
Genesis,43,6,Genesis 43:6 bible,False,166000,166000,True,8,8,True,8,8,,,,
Genesis,43,7,Genesis 43:7 bible,False,341000,341000,True,9,9,True,9,9,,,,
Genesis,43,8,Genesis 43:8 bible,False,125000,125000,True,8,8,True,8,8,,,,
Genesis,43,9,Genesis 43:9 bible,False,63300,63300,True,9,9,True,9,9,,,,
Genesis,43,10,Genesis 43:10 bible,False,442000,442000,True,9,9,True,9,9,,,,
Genesis,43,11,Genesis 43:11 bible,True,140,230000,False,0,0,False,0,0,0.0,0.0,0.0,0.0
Genesis,43,12,Genesis 43:12 bible,False,68600,68600,True,8,8,True,8,8,,,,
Genesis,43,13,Genesis 43:13 bible,False,134000,134000,True,9,9,True,9,9,,,,
Genesis,43,14,Genesis 43:14 bible,False,115000,115000,True,8,8,True,8,8,,,,
Genesis,43,15,Genesis 43:15 bible,True,133,137000,False,0,0,False,0,0,0.0,0.0,0.0,0.0
Genesis,43,16,Genesis 43:16 bible,False,148000,148000,True,9,9,True,9,9,,,,
Genesis,43,17,Genesis 43:17 bible,False,70300,70300,True,8,8,True,8,8,,,,
Genesis,43,18,Genesis 43:18 bible,False,392000,392000,True,9,9,True,9,9,,,,
Genesis,43,19,Genesis 43:19 bible,False,447000,447000,True,9,9,True,9,9,,,,
Genesis,43,20,Genesis 43:20 bible,False,102000,102000,True,8,8,True,8,8,,,,
Genesis,43,21,Genesis 43:21 bible,False,157000,157000,True,9,9,True,9,9,,,,
Genesis,43,22,Genesis 43:22 bible,False,59900,59900,True,8,8,True,8,8,,,,
Genesis,43,23,Genesis 43:23 bible,False,56200,56200,False,0,0,False,0,0,0.0,0.0,0.0,0.0
Genesis,43,24,Genesis 43:24 bible,False,87000,87000,True,8,8,True,8,8,,,,
Genesis,43,25,Genesis 43:25 bible,False,313000,313000,True,9,9,True,9,9,,,,
Genesis,43,26,Genesis 43:26 bible,False,106000,106000,True,8,8,True,8,8,,,,
Genesis,43,27,Genesis 43:27 bible,False,83700,83700,True,9,9,True,9,9,,,,
Genesis,43,28,Genesis 43:28 bible,False,45300,45300,True,9,9,True,9,9,,,,
Genesis,43,29,Genesis 43:29 bible,False,43800,43800,True,9,9,True,9,9,,,,
Genesis,43,30,Genesis 43:30 bible,False,54700,54700,True,8,8,True,8,8,,,,
Genesis,43,31,Genesis 43:31 bible,False,25100,25100,True,8,8,True,8,8,,,,
Genesis,43,32,Genesis 43:32 bible,False,36700,36700,True,9,9,True,9,9,,,,
Genesis,43,33,Genesis 43:33 bible,False,42200,42200,True,9,9,True,9,9,,,,
Genesis,43,34,Genesis 43:34 bible,False,34600,34600,True,8,8,True,8,8,,,,
Genesis,44,1,Genesis 44:1 bible,False,306000,306000,False,0,0,False,0,0,0.0,0.0,0.0,0.0
Genesis,44,2,Genesis 44:2 bible,False,213000,213000,False,0,0,False,0,0,0.0,0.0,0.0,0.0
Genesis,44,3,Genesis 44:3 bible,False,348000,348000,True,8,8,True,8,8,,,,
Genesis,44,4,Genesis 44:4 bible,False,152000,152000,True,8,8,True,8,8,,,,
Genesis,44,5,Genesis 44:5 bible,False,171000,171000,True,9,9,True,9,9,,,,
Genesis,44,6,Genesis 44:6 bible,False,348000,348000,True,9,9,True,9,9,,,,
Genesis,44,7,Genesis 44:7 bible,False,108000,108000,True,8,8,True,8,8,,,,
Genesis,44,8,Genesis 44:8 bible,False,171000,171000,False,0,0,False,0,0,0.0,0.0,0.0,0.0
Genesis,44,9,Genesis 44:9 bible,False,120000,120000,True,8,8,True,8,8,,,,
Genesis,44,10,Genesis 44:10 bible,False,134000,134000,False,0,0,False,0,0,0.0,0.0,0.0,0.0
Genesis,44,11,Genesis 44:11 bible,False,126000,126000,True,8,8,True,8,8,,,,
Genesis,44,12,Genesis 44:12 bible,False,58800,58800,True,8,8,True,8,8,,,,
Genesis,44,13,Genesis 44:13 bible,False,48000,48000,True,8,8,True,8,8,,,,
Genesis,44,14,Genesis 44:14 bible,False,83200,83200,True,8,8,True,8,8,,,,
Genesis,44,15,Genesis 44:15 bible,False,87900,87900,True,9,9,True,9,9,,,,
Genesis,44,16,Genesis 44:16 bible,False,83500,83500,True,9,9,True,9,9,,,,
Genesis,44,17,Genesis 44:17 bible,False,133000,133000,True,8,8,True,8,8,,,,
Genesis,44,18,Genesis 44:18 bible,False,84000,84000,True,8,8,True,8,8,,,,
Genesis,44,19,Genesis 44:19 bible,False,54700,54700,False,0,0,False,0,0,0.0,0.0,0.0,0.0
Genesis,44,20,Genesis 44:20 bible,False,176000,176000,True,9,9,True,9,9,,,,
Genesis,44,21,Genesis 44:21 bible,False,109000,109000,True,8,8,True,8,8,,,,
Genesis,44,22,Genesis 44:22 bible,False,225000,225000,False,0,0,False,0,0,0.0,0.0,0.0,0.0
Genesis,44,23,Genesis 44:23 bible,False,188000,188000,False,0,0,False,0,0,0.0,0.0,0.0,0.0
Genesis,44,24,Genesis 44:24 bible,False,256000,256000,True,8,8,True,8,8,,,,
Genesis,44,25,Genesis 44:25 bible,False,135000,135000,False,0,0,False,0,0,0.0,0.0,0.0,0.0
Genesis,44,26,Genesis 44:26 bible,False,107000,107000,True,8,8,True,8,8,,,,
Genesis,44,27,Genesis 44:27 bible,False,88600,88600,True,9,9,True,9,9,,,,
Genesis,44,28,Genesis 44:28 bible,False,133000,133000,False,0,0,False,0,0,0.0,0.0,0.0,0.0
Genesis,44,29,Genesis 44:29 bible,False,34200,34200,True,8,8,True,8,8,,,,
Genesis,44,30,Genesis 44:30 bible,False,44200,44200,True,8,8,True,8,8,,,,
Genesis,44,31,Genesis 44:31 bible,False,39900,39900,True,8,8,True,8,8,,,,
Genesis,44,32,Genesis 44:32 bible,False,36600,36600,True,9,9,True,9,9,,,,
Genesis,44,33,Genesis 44:33 bible,False,31000,31000,True,9,9,True,9,9,,,,
Genesis,44,34,Genesis 44:34 bible,False,21500,21500,True,8,8,True,8,8,,,,
Genesis,45,1,Genesis 45:1 bible,True,137,0,False,0,0,False,0,0,0.0,0.0,0.0,0.0
Genesis,45,2,Genesis 45:2 bible,False,387000,387000,False,0,0,False,0,0,0.0,0.0,0.0,0.0
Genesis,45,3,Genesis 45:3 bible,True,301,0,False,0,0,False,0,0,0.0,0.0,0.0,0.0
Genesis,45,4,Genesis 45:4 bible,False,281000,281000,True,8,8,True,8,8,,,,
Genesis,45,5,Genesis 45:5 bible,False,389000,389000,False,0,0,False,0,0,0.0,0.0,0.0,0.0
Genesis,45,6,Genesis 45:6 bible,False,416000,416000,True,8,8,True,8,8,,,,
Genesis,45,7,Genesis 45:7 bible,False,389000,389000,True,8,8,True,8,8,,,,
Genesis,45,8,Genesis 45:8 bible,False,190000,190000,True,9,9,True,9,9,,,,
Genesis,45,9,Genesis 45:9 bible,False,261000,261000,True,9,8,True,9,8,,,,
Genesis,45,10,Genesis 45:10 bible,False,148000,148000,True,9,9,True,9,9,,,,
Genesis,45,11,Genesis 45:11 bible,False,132000,132000,True,8,8,True,8,8,,,,
Genesis,45,12,Genesis 45:12 bible,True,115,238000,False,0,0,False,0,0,0.0,0.0,0.0,0.0
Genesis,45,13,Genesis 45:13 bible,False,86100,86100,False,0,0,False,0,0,0.0,0.0,0.0,0.0
Genesis,45,14,Genesis 45:14 bible,False,169000,169000,False,0,0,False,0,0,0.0,0.0,0.0,0.0
Genesis,45,15,Genesis 45:15 bible,False,104000,104000,False,0,0,False,0,0,0.0,0.0,0.0,0.0
Genesis,45,16,Genesis 45:16 bible,False,75300,75300,True,8,8,True,8,8,,,,
Genesis,45,17,Genesis 45:17 bible,False,185000,185000,True,9,9,True,9,9,,,,
Genesis,45,18,Genesis 45:18 bible,False,217000,217000,True,9,9,True,9,9,,,,
Genesis,45,19,Genesis 45:19 bible,False,156000,156000,True,8,8,True,8,8,,,,
Genesis,45,20,Genesis 45:20 bible,False,65900,65900,True,8,8,True,8,8,,,,
Genesis,45,21,Genesis 45:21 bible,False,244000,244000,True,9,9,True,9,9,,,,
Genesis,45,22,Genesis 45:22 bible,False,311000,311000,True,9,9,True,9,9,,,,
Genesis,45,23,Genesis 45:23 bible,False,145000,145000,True,8,8,True,8,8,,,,
Genesis,45,24,Genesis 45:24 bible,False,63300,63300,True,8,8,True,8,8,,,,
Genesis,45,25,Genesis 45:25 bible,False,84900,84900,True,9,9,True,9,9,,,,
Genesis,45,26,Genesis 45:26 bible,False,37000,37000,False,0,0,False,0,0,0.0,0.0,0.0,0.0
Genesis,45,27,Genesis 45:27 bible,False,25600,25600,True,9,9,True,9,9,,,,
Genesis,45,28,Genesis 45:28 bible,True,140,47000,False,0,0,False,0,0,0.0,0.0,0.0,0.0
Genesis,46,1,Genesis 46:1 bible,False,670000,670000,True,8,8,True,8,8,,,,
Genesis,46,2,Genesis 46:2 bible,False,378000,378000,False,0,0,False,0,0,0.0,0.0,0.0,0.0
Genesis,46,3,Genesis 46:3 bible,True,136,181000,False,0,0,False,0,0,0.0,0.0,0.0,0.0
Genesis,46,4,Genesis 46:4 bible,False,288000,288000,False,0,0,False,0,0,0.0,0.0,0.0,0.0
Genesis,46,5,Genesis 46:5 bible,False,222000,222000,False,0,0,False,0,0,0.0,0.0,0.0,0.0
Genesis,46,6,Genesis 46:6 bible,False,81000,81000,True,8,8,True,8,8,,,,
Genesis,46,7,Genesis 46:7 bible,False,196000,196000,True,8,8,True,8,8,,,,
Genesis,46,8,Genesis 46:8 bible,False,184000,184000,False,0,0,False,0,0,0.0,0.0,0.0,0.0
Genesis,46,9,Genesis 46:9 bible,False,446000,446000,True,8,8,True,8,8,,,,
Genesis,46,10,Genesis 46:10 bible,False,647000,647000,True,8,8,True,8,8,,,,
Genesis,46,11,Genesis 46:11 bible,False,209000,209000,True,8,8,True,8,8,,,,
Genesis,46,12,Genesis 46:12 bible,False,103000,103000,True,8,8,True,8,8,,,,
Genesis,46,13,Genesis 46:13 bible,False,118000,118000,True,8,8,True,8,8,,,,
Genesis,46,14,Genesis 46:14 bible,False,41400,41400,True,8,8,True,8,8,,,,
Genesis,46,15,Genesis 46:15 bible,False,53200,53200,False,0,0,False,0,0,0.0,0.0,0.0,0.0
Genesis,46,16,Genesis 46:16 bible,False,66900,66900,True,8,8,True,8,8,,,,
Genesis,46,17,Genesis 46:17 bible,True,137,35300,False,0,0,False,0,0,0.0,0.0,0.0,0.0
Genesis,46,18,Genesis 46:18 bible,False,78300,78300,False,0,0,False,0,0,0.0,0.0,0.0,0.0
Genesis,46,19,Genesis 46:19 bible,False,82000,82000,False,0,0,False,0,0,0.0,0.0,0.0,0.0
Genesis,46,20,Genesis 46:20 bible,False,107000,107000,True,8,8,True,8,8,,,,
Genesis,46,21,Genesis 46:21 bible,True,130,60300,False,0,0,False,0,0,0.0,0.0,0.0,0.0
Genesis,46,22,Genesis 46:22 bible,False,42900,42900,True,8,8,True,8,8,,,,
Genesis,46,23,Genesis 46:23 bible,False,48300,48300,False,0,0,False,0,0,0.0,0.0,0.0,0.0
Genesis,46,24,Genesis 46:24 bible,False,51300,51300,True,8,8,True,8,8,,,,
Genesis,46,25,Genesis 46:25 bible,False,48800,48800,True,8,8,True,8,8,,,,
Genesis,46,26,Genesis 46:26 bible,False,75600,75600,False,0,0,False,0,0,0.0,0.0,0.0,0.0
Genesis,46,27,Genesis 46:27 bible,False,112000,112000,True,10,10,True,10,10,,,,
Genesis,46,28,Genesis 46:28 bible,False,98300,98300,True,8,8,True,8,8,,,,
Genesis,46,29,Genesis 46:29 bible,False,52000,52000,True,9,9,True,9,9,,,,
Genesis,46,30,Genesis 46:30 bible,False,30200,30200,True,9,9,True,9,9,,,,
Genesis,46,31,Genesis 46:31 bible,False,38400,38400,True,8,8,True,8,8,,,,
Genesis,46,32,Genesis 46:32 bible,False,33900,33900,False,0,0,False,0,0,0.0,0.0,0.0,0.0
Genesis,46,33,Genesis 46:33 bible,False,36500,36500,True,9,9,True,9,9,,,,
Genesis,46,34,Genesis 46:34 bible,False,47600,47600,True,8,8,True,8,8,,,,
Genesis,47,1,Genesis 47:1 bible,False,351000,351000,True,8,8,True,8,8,,,,
Genesis,47,2,Genesis 47:2 bible,False,311000,311000,True,8,8,True,8,8,,,,
Genesis,47,3,Genesis 47:3 bible,False,115000,115000,True,9,9,True,9,9,,,,
Genesis,47,4,Genesis 47:4 bible,False,233000,233000,True,8,8,True,8,8,,,,
Genesis,47,5,Genesis 47:5 bible,True,81,0,False,0,0,False,0,0,0.0,0.0,0.0,0.0
Genesis,47,6,Genesis 47:6 bible,False,103000,103000,False,0,0,False,0,0,0.0,0.0,0.0,0.0
Genesis,47,7,Genesis 47:7 bible,False,172000,172000,True,8,8,True,8,8,,,,
Genesis,47,8,Genesis 47:8 bible,False,209000,209000,True,9,9,True,9,9,,,,
Genesis,47,9,Genesis 47:9 bible,True,136,123000,False,0,0,False,0,0,0.0,0.0,0.0,0.0
Genesis,47,10,Genesis 47:10 bible,False,129000,129000,True,8,8,True,8,8,,,,
Genesis,47,11,Genesis 47:11 bible,False,72900,72900,True,8,8,True,8,8,,,,
Genesis,47,12,Genesis 47:12 bible,False,143000,143000,True,8,8,True,8,8,,,,
Genesis,47,13,Genesis 47:13 bible,False,88300,88300,True,8,8,True,8,8,,,,
Genesis,47,14,Genesis 47:14 bible,False,105000,105000,False,0,0,False,0,0,0.0,0.0,0.0,0.0
Genesis,47,15,Genesis 47:15 bible,False,91700,91700,False,0,0,False,0,0,0.0,0.0,0.0,0.0
Genesis,47,16,Genesis 47:16 bible,False,56000,56000,False,0,0,False,0,0,0.0,0.0,0.0,0.0
Genesis,47,17,Genesis 47:17 bible,False,30100,30100,True,8,8,True,8,8,,,,
Genesis,47,18,Genesis 47:18 bible,False,55800,55800,True,8,8,True,8,8,,,,
Genesis,47,19,Genesis 47:19 bible,False,51400,51400,True,9,9,True,9,9,,,,
Genesis,47,20,Genesis 47:20 bible,False,92700,92700,True,8,8,True,8,8,,,,
Genesis,47,21,Genesis 47:21 bible,False,28800,28800,False,0,0,False,0,0,0.0,0.0,0.0,0.0
Genesis,47,22,Genesis 47:22 bible,False,57800,57800,True,8,8,True,8,8,,,,
Genesis,47,23,Genesis 47:23 bible,False,25700,25700,True,8,8,True,8,8,,,,
Genesis,47,24,Genesis 47:24 bible,False,40900,40900,False,0,0,False,0,0,0.0,0.0,0.0,0.0
Genesis,47,25,Genesis 47:25 bible,False,28500,28500,True,8,8,True,8,8,,,,
Genesis,47,26,Genesis 47:26 bible,False,20100,20100,True,8,8,True,8,8,,,,
Genesis,47,27,Genesis 47:27 bible,False,55400,55400,False,0,0,False,0,0,0.0,0.0,0.0,0.0
Genesis,47,28,Genesis 47:28 bible,False,54900,54900,True,8,8,True,8,8,,,,
Genesis,47,29,Genesis 47:29 bible,False,41000,41000,True,9,9,True,9,9,,,,
Genesis,47,30,Genesis 47:30 bible,False,64900,64900,True,8,8,True,8,8,,,,
Genesis,47,31,Genesis 47:31 bible,False,39500,39500,True,9,9,True,9,9,,,,
Genesis,48,1,Genesis 48:1 bible,True,134,0,False,0,0,False,0,0,0.0,0.0,0.0,0.0
Genesis,48,2,Genesis 48:2 bible,False,283000,283000,True,8,8,True,8,8,,,,
Genesis,48,3,Genesis 48:3 bible,False,149000,149000,True,9,9,True,9,9,,,,
Genesis,48,4,Genesis 48:4 bible,False,90800,90800,True,8,8,True,8,8,,,,
Genesis,48,5,Genesis 48:5 bible,False,85400,85400,True,8,8,True,8,8,,,,
Genesis,48,6,Genesis 48:6 bible,False,79500,79500,False,0,0,False,0,0,0.0,0.0,0.0,0.0
Genesis,48,7,Genesis 48:7 bible,False,77200,77200,True,9,9,True,9,9,,,,
Genesis,48,8,Genesis 48:8 bible,False,87900,87900,True,9,8,True,9,8,,,,
Genesis,48,9,Genesis 48:9 bible,False,169000,169000,False,0,0,False,0,0,0.0,0.0,0.0,0.0
Genesis,48,10,Genesis 48:10 bible,False,271000,271000,True,8,8,True,8,8,,,,
Genesis,48,11,Genesis 48:11 bible,False,124000,124000,True,9,9,True,9,9,,,,
Genesis,48,12,Genesis 48:12 bible,False,176000,176000,True,8,8,True,8,8,,,,
Genesis,48,13,Genesis 48:13 bible,False,91800,91800,False,0,0,False,0,0,0.0,0.0,0.0,0.0
Genesis,48,14,Genesis 48:14 bible,False,138000,138000,True,9,9,True,9,9,,,,
Genesis,48,15,Genesis 48:15 bible,False,123000,123000,True,9,9,True,9,9,,,,
Genesis,48,16,Genesis 48:16 bible,False,176000,176000,False,0,0,False,0,0,0.0,0.0,0.0,0.0
Genesis,48,17,Genesis 48:17 bible,False,330000,330000,True,9,9,True,9,9,,,,
Genesis,48,18,Genesis 48:18 bible,True,83,0,False,0,0,False,0,0,0.0,0.0,0.0,0.0
Genesis,48,19,Genesis 48:19 bible,True,138,82300,False,0,0,False,0,0,0.0,0.0,0.0,0.0
Genesis,48,20,Genesis 48:20 bible,False,97500,97500,True,8,8,True,8,8,,,,
Genesis,48,21,Genesis 48:21 bible,False,84200,84200,True,8,8,True,8,8,,,,
Genesis,48,22,Genesis 48:22 bible,False,123000,123000,False,0,0,False,0,0,0.0,0.0,0.0,0.0
Genesis,49,1,Genesis 49:1 bible,False,321000,321000,True,8,8,True,8,8,,,,
Genesis,49,2,Genesis 49:2 bible,False,144000,144000,True,8,8,True,8,8,,,,
Genesis,49,3,Genesis 49:3 bible,False,199000,199000,True,9,9,True,9,9,,,,
Genesis,49,4,Genesis 49:4 bible,True,138,0,False,0,0,False,0,0,0.0,0.0,0.0,0.0
Genesis,49,5,Genesis 49:5 bible,False,172000,172000,True,8,8,True,8,8,,,,
Genesis,49,6,Genesis 49:6 bible,False,251000,251000,True,9,9,True,9,9,,,,
Genesis,49,7,Genesis 49:7 bible,False,162000,162000,False,0,0,False,0,0,0.0,0.0,0.0,0.0
Genesis,49,8,Genesis 49:8 bible,False,227000,227000,True,8,8,True,8,8,,,,
Genesis,49,9,Genesis 49:9 bible,False,111000,111000,True,8,8,True,8,8,,,,
Genesis,49,10,Genesis 49:10 bible,False,315000,315000,True,8,8,True,8,8,,,,
Genesis,49,11,Genesis 49:11 bible,False,86400,86400,True,9,9,True,9,9,,,,
Genesis,49,12,Genesis 49:12 bible,False,80400,80400,True,8,8,True,8,8,,,,
Genesis,49,13,Genesis 49:13 bible,False,135000,135000,True,8,8,True,8,8,,,,
Genesis,49,14,Genesis 49:14 bible,False,146000,146000,True,8,8,True,8,8,,,,
Genesis,49,15,Genesis 49:15 bible,False,282000,282000,True,9,9,True,9,9,,,,
Genesis,49,16,Genesis 49:16 bible,False,181000,181000,True,8,8,True,8,8,,,,
Genesis,49,17,Genesis 49:17 bible,False,74100,74100,True,9,9,True,9,9,,,,
Genesis,49,18,Genesis 49:18 bible,False,85600,85600,True,8,8,True,8,8,,,,
Genesis,49,19,Genesis 49:19 bible,False,62400,62400,True,9,9,True,9,9,,,,
Genesis,49,20,Genesis 49:20 bible,False,74500,74500,True,8,8,True,8,8,,,,
Genesis,49,21,Genesis 49:21 bible,False,56300,56300,False,0,0,False,0,0,0.0,0.0,0.0,0.0
Genesis,49,22,Genesis 49:22 bible,True,141,0,False,0,0,False,0,0,0.0,0.0,0.0,0.0
Genesis,49,23,Genesis 49:23 bible,False,115000,115000,True,8,8,True,8,8,,,,
Genesis,49,24,Genesis 49:24 bible,False,256000,256000,True,10,10,True,10,10,,,,
Genesis,49,25,Genesis 49:25 bible,False,291000,291000,True,9,9,True,9,9,,,,
Genesis,49,26,Genesis 49:26 bible,False,104000,104000,False,0,0,False,0,0,0.0,0.0,0.0,0.0
Genesis,49,27,Genesis 49:27 bible,False,45600,45600,True,8,8,True,8,8,,,,
Genesis,49,28,Genesis 49:28 bible,False,48300,48300,True,9,9,True,9,9,,,,
Genesis,49,29,Genesis 49:29 bible,False,68800,68800,False,0,0,False,0,0,0.0,0.0,0.0,0.0
Genesis,49,30,Genesis 49:30 bible,False,54700,54700,True,9,9,True,9,9,,,,
Genesis,49,31,Genesis 49:31 bible,False,35300,35300,True,9,9,True,9,9,,,,
Genesis,49,32,Genesis 49:32 bible,False,31600,31600,True,8,8,True,8,8,,,,
Genesis,49,33,Genesis 49:33 bible,True,134,39300,False,0,0,False,0,0,0.0,0.0,0.0,0.0
Genesis,50,1,Genesis 50:1 bible,False,269000,269000,False,0,0,False,0,0,0.0,0.0,0.0,0.0
Genesis,50,2,Genesis 50:2 bible,False,352000,352000,True,9,9,True,9,9,,,,
Genesis,50,3,Genesis 50:3 bible,False,221000,221000,True,8,8,True,8,8,,,,
Genesis,50,4,Genesis 50:4 bible,False,306000,306000,True,8,8,True,8,8,,,,
Genesis,50,5,Genesis 50:5 bible,False,273000,273000,True,9,9,True,9,9,,,,
Genesis,50,6,Genesis 50:6 bible,False,178000,178000,True,8,8,True,8,8,,,,
Genesis,50,7,Genesis 50:7 bible,False,244000,244000,True,8,8,True,8,8,,,,
Genesis,50,8,Genesis 50:8 bible,False,86800,86800,True,8,8,True,8,8,,,,
Genesis,50,9,Genesis 50:9 bible,False,125000,125000,False,0,0,False,0,0,0.0,0.0,0.0,0.0
Genesis,50,10,Genesis 50:10 bible,False,228000,228000,True,9,9,True,9,9,,,,
Genesis,50,11,Genesis 50:11 bible,False,69300,69300,False,0,0,False,0,0,0.0,0.0,0.0,0.0
Genesis,50,12,Genesis 50:12 bible,False,81800,81800,True,8,8,True,8,8,,,,
Genesis,50,13,Genesis 50:13 bible,False,99000,99000,True,9,9,True,9,9,,,,
Genesis,50,14,Genesis 50:14 bible,False,182000,182000,True,8,8,True,8,8,,,,
Genesis,50,15,Genesis 50:15 bible,False,381000,381000,True,8,8,True,8,8,,,,
Genesis,50,16,Genesis 50:16 bible,True,137,0,False,0,0,False,0,0,0.0,0.0,0.0,0.0
Genesis,50,17,Genesis 50:17 bible,True,138,79700,False,0,0,False,0,0,0.0,0.0,0.0,0.0
Genesis,50,18,Genesis 50:18 bible,False,61500,61500,True,8,8,True,8,8,,,,
Genesis,50,19,Genesis 50:19 bible,False,129000,129000,True,9,9,True,9,9,,,,
Genesis,50,20,Genesis 50:20 bible,False,504000,504000,True,7,7,True,7,7,,,,
Genesis,50,21,Genesis 50:21 bible,False,98100,98100,True,9,9,True,9,9,,,,
Genesis,50,22,Genesis 50:22 bible,False,69800,69800,True,8,8,True,8,8,,,,
Genesis,50,23,Genesis 50:23 bible,False,151000,151000,True,8,8,True,8,8,,,,
Genesis,50,24,Genesis 50:24 bible,False,99800,99800,True,8,8,True,8,8,,,,
Genesis,50,25,Genesis 50:25 bible,False,81000,81000,True,9,9,True,9,9,,,,
Genesis,50,26,Genesis 50:26 bible,False,75700,75700,True,9,9,True,9,9,,,,
