book,chapter,verse,query,retry_applied,raw_hit_count_initial,raw_hit_count_final,has_result_initial,items_count_initial,organic_items_count_initial,has_result_final,items_count_final,organic_items_count_final,log10_raw_hit_count,z_log10_raw_hit_count,minmax_log10_raw_hit_count,fusion_score
Isaiah,1,1,Isaiah 1:1 bible,False,6440000,6440000,True,9,9,True,9,9,,,,
Isaiah,1,2,Isaiah 1:2 bible,False,11200000,11200000,True,8,8,True,8,8,,,,
Isaiah,1,3,Isaiah 1:3 bible,True,40,0,False,0,0,False,0,0,0.0,0.0,0.0,0.0
Isaiah,1,4,Isaiah 1:4 bible,False,6080000,6080000,True,8,8,True,8,8,,,,
Isaiah,1,5,Isaiah 1:5 bible,False,5840000,5840000,True,8,8,True,8,8,,,,
Isaiah,1,6,Isaiah 1:6 bible,False,5410000,5410000,True,8,8,True,8,8,,,,
Isaiah,1,7,Isaiah 1:7 bible,True,40,0,False,0,0,False,0,0,0.0,0.0,0.0,0.0
Isaiah,1,8,Isaiah 1:8 bible,False,5160000,5160000,False,0,0,False,0,0,0.0,0.0,0.0,0.0
Isaiah,1,9,Isaiah 1:9 bible,False,5110000,5110000,True,8,8,True,8,8,,,,
Isaiah,1,10,Isaiah 1:10 bible,False,4130000,4130000,True,8,8,True,8,8,,,,
Isaiah,1,11,Isaiah 1:11 bible,True,20,3850000,False,0,0,False,0,0,0.0,0.0,0.0,0.0
Isaiah,1,12,Isaiah 1:12 bible,False,4050000,4050000,True,9,8,True,9,8,,,,
Isaiah,1,13,Isaiah 1:13 bible,True,0,3340000,False,0,0,False,0,0,0.0,0.0,0.0,0.0
Isaiah,1,14,Isaiah 1:14 bible,True,42,0,False,0,0,False,0,0,0.0,0.0,0.0,0.0
Isaiah,1,15,Isaiah 1:15 bible,False,3430000,3430000,True,8,8,True,8,8,,,,
Isaiah,1,16,Isaiah 1:16 bible,False,3470000,3470000,True,9,9,True,9,9,,,,
Isaiah,1,17,Isaiah 1:17 bible,True,0,0,False,0,0,False,0,0,0.0,0.0,0.0,0.0
Isaiah,1,18,Isaiah 1:18 bible,True,0,0,False,0,0,False,0,0,0.0,0.0,0.0,0.0
Isaiah,1,19,Isaiah 1:19 bible,False,2530000,2530000,True,7,7,True,7,7,,,,
Isaiah,1,20,Isaiah 1:20 bible,True,0,0,False,0,0,False,0,0,0.0,0.0,0.0,0.0
Isaiah,1,21,Isaiah 1:21 bible,False,2740000,2740000,True,9,9,True,9,9,,,,
Isaiah,1,22,Isaiah 1:22 bible,False,1810000,1810000,True,9,9,True,9,9,,,,
Isaiah,1,23,Isaiah 1:23 bible,False,1470000,1470000,True,8,8,True,8,8,,,,
Isaiah,1,24,Isaiah 1:24 bible,False,1130000,1130000,True,9,9,True,9,9,,,,
Isaiah,1,25,Isaiah 1:25 bible,False,945000,945000,True,9,9,True,9,9,,,,
Isaiah,1,26,Isaiah 1:26 bible,False,2060000,2060000,True,9,9,True,9,9,,,,
Isaiah,1,27,Isaiah 1:27 bible,False,1670000,1670000,True,8,8,True,8,8,,,,
Isaiah,1,28,Isaiah 1:28 bible,True,0,0,False,0,0,False,0,0,0.0,0.0,0.0,0.0
Isaiah,1,29,Isaiah 1:29 bible,False,1220000,1220000,True,9,9,True,9,9,,,,
Isaiah,1,30,Isaiah 1:30 bible,False,1010000,1010000,True,9,9,True,9,9,,,,
Isaiah,1,31,Isaiah 1:31 bible,True,0,0,False,0,0,False,0,0,0.0,0.0,0.0,0.0
Isaiah,2,1,Isaiah 2:1 bible,True,0,0,False,0,0,False,0,0,0.0,0.0,0.0,0.0
Isaiah,2,2,Isaiah 2:2 bible,True,0,0,False,0,0,False,0,0,0.0,0.0,0.0,0.0
Isaiah,2,3,Isaiah 2:3 bible,False,7170000,7170000,True,8,8,True,8,8,,,,
Isaiah,2,4,Isaiah 2:4 bible,True,0,0,False,0,0,False,0,0,0.0,0.0,0.0,0.0
Isaiah,2,5,Isaiah 2:5 bible,True,0,0,False,0,0,False,0,0,0.0,0.0,0.0,0.0
Isaiah,2,6,Isaiah 2:6 bible,True,0,0,False,0,0,False,0,0,0.0,0.0,0.0,0.0
Isaiah,2,7,Isaiah 2:7 bible,True,0,0,False,0,0,False,0,0,0.0,0.0,0.0,0.0
Isaiah,2,8,Isaiah 2:8 bible,False,3700000,3700000,True,9,9,True,9,9,,,,
Isaiah,2,9,Isaiah 2:9 bible,False,3540000,3540000,True,8,8,True,8,8,,,,
Isaiah,2,10,Isaiah 2:10 bible,False,3310000,3310000,True,8,8,True,8,8,,,,
Isaiah,2,11,Isaiah 2:11 bible,False,2670000,2670000,True,8,8,True,8,8,,,,
Isaiah,2,12,Isaiah 2:12 bible,False,2230000,2230000,True,8,8,True,8,8,,,,
Isaiah,2,13,Isaiah 2:13 bible,True,0,0,False,0,0,False,0,0,0.0,0.0,0.0,0.0
Isaiah,2,14,Isaiah 2:14 bible,True,0,0,False,0,0,False,0,0,0.0,0.0,0.0,0.0
Isaiah,2,15,Isaiah 2:15 bible,False,2630000,2630000,True,9,9,True,9,9,,,,
Isaiah,2,16,Isaiah 2:16 bible,False,1570000,1570000,True,9,9,True,9,9,,,,
Isaiah,2,17,Isaiah 2:17 bible,False,1560000,1560000,True,8,8,True,8,8,,,,
Isaiah,2,18,Isaiah 2:18 bible,True,0,0,False,0,0,False,0,0,0.0,0.0,0.0,0.0
Isaiah,2,19,Isaiah 2:19 bible,False,1380000,1380000,True,8,8,True,8,8,,,,
Isaiah,2,20,Isaiah 2:20 bible,True,0,0,False,0,0,False,0,0,0.0,0.0,0.0,0.0
Isaiah,2,21,Isaiah 2:21 bible,False,1110000,1110000,True,9,9,True,9,9,,,,
Isaiah,2,22,Isaiah 2:22 bible,True,0,0,False,0,0,False,0,0,0.0,0.0,0.0,0.0
Isaiah,3,1,Isaiah 3:1 bible,False,4970000,4970000,True,8,8,True,8,8,,,,
Isaiah,3,2,Isaiah 3:2 bible,True,0,0,False,0,0,False,0,0,0.0,0.0,0.0,0.0
Isaiah,3,3,Isaiah 3:3 bible,True,0,0,False,0,0,False,0,0,0.0,0.0,0.0,0.0
Isaiah,3,4,Isaiah 3:4 bible,False,6850000,6850000,True,8,8,True,8,8,,,,
Isaiah,3,5,Isaiah 3:5 bible,True,0,0,False,0,0,False,0,0,0.0,0.0,0.0,0.0
Isaiah,3,6,Isaiah 3:6 bible,False,3650000,3650000,True,8,8,True,8,8,,,,
Isaiah,3,7,Isaiah 3:7 bible,True,0,0,False,0,0,False,0,0,0.0,0.0,0.0,0.0
Isaiah,3,8,Isaiah 3:8 bible,False,3440000,3440000,True,9,9,True,9,9,,,,
Isaiah,3,9,Isaiah 3:9 bible,True,0,0,False,0,0,False,0,0,0.0,0.0,0.0,0.0
Isaiah,3,10,Isaiah 3:10 bible,True,0,0,False,0,0,False,0,0,0.0,0.0,0.0,0.0
Isaiah,3,11,Isaiah 3:11 bible,False,2390000,2390000,True,9,9,True,9,9,,,,
Isaiah,3,12,Isaiah 3:12 bible,True,0,0,False,0,0,False,0,0,0.0,0.0,0.0,0.0
Isaiah,3,13,Isaiah 3:13 bible,False,2990000,2990000,True,9,9,True,9,9,,,,
Isaiah,3,14,Isaiah 3:14 bible,False,2620000,2620000,True,9,9,True,9,9,,,,
Isaiah,3,15,Isaiah 3:15 bible,False,3230000,3230000,True,9,9,True,9,9,,,,
Isaiah,3,16,Isaiah 3:16 bible,False,5600000,5600000,True,8,8,True,8,8,,,,
Isaiah,3,17,Isaiah 3:17 bible,False,3080000,3080000,True,9,9,True,9,9,,,,
Isaiah,3,18,Isaiah 3:18 bible,False,2420000,2420000,True,9,9,True,9,9,,,,
Isaiah,3,19,Isaiah 3:19 bible,False,1680000,1680000,True,9,9,True,9,9,,,,
Isaiah,3,20,Isaiah 3:20 bible,False,2350000,2350000,True,9,9,True,9,9,,,,
Isaiah,3,21,Isaiah 3:21 bible,False,1210000,1210000,True,9,9,True,9,9,,,,
Isaiah,3,22,Isaiah 3:22 bible,False,1780000,1780000,True,9,9,True,9,9,,,,
Isaiah,3,23,Isaiah 3:23 bible,True,0,0,False,0,0,False,0,0,0.0,0.0,0.0,0.0
Isaiah,3,24,Isaiah 3:24 bible,False,816000,816000,True,9,9,True,9,9,,,,
Isaiah,3,25,Isaiah 3:25 bible,False,727000,727000,True,9,9,True,9,9,,,,
Isaiah,3,26,Isaiah 3:26 bible,False,677000,677000,True,9,9,True,9,9,,,,
Isaiah,4,1,Isaiah 4:1 bible,False,4130000,4130000,True,9,9,True,9,9,,,,
Isaiah,4,2,Isaiah 4:2 bible,True,131,2500000,False,0,0,False,0,0,0.0,0.0,0.0,0.0
Isaiah,4,3,Isaiah 4:3 bible,False,2390000,2390000,True,8,8,True,8,8,,,,
Isaiah,4,4,Isaiah 4:4 bible,False,3620000,3620000,True,8,8,True,8,8,,,,
Isaiah,4,5,Isaiah 4:5 bible,False,5710000,5710000,True,8,8,True,8,8,,,,
Isaiah,4,6,Isaiah 4:6 bible,False,5420000,5420000,True,8,8,True,8,8,,,,
Isaiah,5,1,Isaiah 5:1 bible,False,3960000,3960000,True,8,8,True,8,8,,,,
Isaiah,5,2,Isaiah 5:2 bible,False,1890000,1890000,False,0,0,False,0,0,0.0,0.0,0.0,0.0
Isaiah,5,3,Isaiah 5:3 bible,True,0,0,False,0,0,False,0,0,0.0,0.0,0.0,0.0
Isaiah,5,4,Isaiah 5:4 bible,False,1600000,1600000,True,8,8,True,8,8,,,,
Isaiah,5,5,Isaiah 5:5 bible,True,20,0,False,0,0,False,0,0,0.0,0.0,0.0,0.0
Isaiah,5,6,Isaiah 5:6 bible,True,0,6360000,False,0,0,False,0,0,0.0,0.0,0.0,0.0
Isaiah,5,7,Isaiah 5:7 bible,False,4410000,4410000,True,8,8,True,8,8,,,,
Isaiah,5,8,Isaiah 5:8 bible,False,4040000,4040000,False,0,0,False,0,0,0.0,0.0,0.0,0.0
Isaiah,5,9,Isaiah 5:9 bible,False,2490000,2490000,True,8,8,True,8,8,,,,
Isaiah,5,10,Isaiah 5:10 bible,False,2820000,2820000,True,9,9,True,9,9,,,,
Isaiah,5,11,Isaiah 5:11 bible,False,2310000,2310000,True,9,9,True,9,9,,,,
Isaiah,5,12,Isaiah 5:12 bible,False,2340000,2340000,True,9,9,True,9,9,,,,
Isaiah,5,13,Isaiah 5:13 bible,False,1760000,1760000,True,8,8,True,8,8,,,,
Isaiah,5,14,Isaiah 5:14 bible,False,2260000,2260000,False,0,0,False,0,0,0.0,0.0,0.0,0.0
Isaiah,5,15,Isaiah 5:15 bible,False,1210000,1210000,True,9,9,True,9,9,,,,
Isaiah,5,16,Isaiah 5:16 bible,False,2510000,2510000,False,0,0,False,0,0,0.0,0.0,0.0,0.0
Isaiah,5,17,Isaiah 5:17 bible,False,3300000,3300000,True,9,9,True,9,9,,,,
Isaiah,5,18,Isaiah 5:18 bible,False,1770000,1770000,True,9,9,True,9,9,,,,
Isaiah,5,19,Isaiah 5:19 bible,False,1310000,1310000,False,0,0,False,0,0,0.0,0.0,0.0,0.0
Isaiah,5,20,Isaiah 5:20 bible,False,1260000,1260000,True,8,8,True,8,8,,,,
Isaiah,5,21,Isaiah 5:21 bible,False,1610000,1610000,True,9,9,True,9,9,,,,
Isaiah,5,22,Isaiah 5:22 bible,False,1730000,1730000,True,9,9,True,9,9,,,,
Isaiah,5,23,Isaiah 5:23 bible,True,40,736000,False,0,0,False,0,0,0.0,0.0,0.0,0.0
Isaiah,5,24,Isaiah 5:24 bible,True,0,857000,False,0,0,False,0,0,0.0,0.0,0.0,0.0
Isaiah,5,25,Isaiah 5:25 bible,False,891000,891000,True,9,9,True,9,9,,,,
Isaiah,5,26,Isaiah 5:26 bible,False,607000,607000,True,9,9,True,9,9,,,,
Isaiah,5,27,Isaiah 5:27 bible,False,605000,605000,True,9,9,True,9,9,,,,
Isaiah,5,28,Isaiah 5:28 bible,False,574000,574000,False,0,0,False,0,0,0.0,0.0,0.0,0.0
Isaiah,5,29,Isaiah 5:29 bible,True,41,0,False,0,0,False,0,0,0.0,0.0,0.0,0.0
Isaiah,5,30,Isaiah 5:30 bible,True,38,0,False,0,0,False,0,0,0.0,0.0,0.0,0.0
Isaiah,6,1,Isaiah 6:1 bible,True,132,3390000,False,0,0,False,0,0,0.0,0.0,0.0,0.0
Isaiah,6,2,Isaiah 6:2 bible,False,1980000,1980000,False,0,0,False,0,0,0.0,0.0,0.0,0.0
Isaiah,6,3,Isaiah 6:3 bible,False,1620000,1620000,True,8,8,True,8,8,,,,
Isaiah,6,4,Isaiah 6:4 bible,False,1790000,1790000,True,8,8,True,8,8,,,,
Isaiah,6,5,Isaiah 6:5 bible,False,1550000,1550000,True,8,8,True,8,8,,,,
Isaiah,6,6,Isaiah 6:6 bible,False,1910000,1910000,True,7,7,True,7,7,,,,
Isaiah,6,7,Isaiah 6:7 bible,False,6130000,6130000,False,0,0,False,0,0,0.0,0.0,0.0,0.0
Isaiah,6,8,Isaiah 6:8 bible,True,125,3910000,False,0,0,False,0,0,0.0,0.0,0.0,0.0
Isaiah,6,9,Isaiah 6:9 bible,False,3580000,3580000,False,0,0,False,0,0,0.0,0.0,0.0,0.0
Isaiah,6,10,Isaiah 6:10 bible,False,3150000,3150000,True,8,8,True,8,8,,,,
Isaiah,6,11,Isaiah 6:11 bible,False,2050000,2050000,True,8,8,True,8,8,,,,
Isaiah,6,12,Isaiah 6:12 bible,True,41,2500000,False,0,0,False,0,0,0.0,0.0,0.0,0.0
Isaiah,6,13,Isaiah 6:13 bible,False,1270000,1270000,True,9,9,True,9,9,,,,
Isaiah,7,1,Isaiah 7:1 bible,False,2640000,2640000,True,7,7,True,7,7,,,,
Isaiah,7,2,Isaiah 7:2 bible,False,1060000,1060000,True,8,8,True,8,8,,,,
Isaiah,7,3,Isaiah 7:3 bible,True,138,759000,False,0,0,False,0,0,0.0,0.0,0.0,0.0
Isaiah,7,4,Isaiah 7:4 bible,False,784000,784000,True,8,8,True,8,8,,,,
Isaiah,7,5,Isaiah 7:5 bible,False,766000,766000,True,8,8,True,8,8,,,,
Isaiah,7,6,Isaiah 7:6 bible,False,916000,916000,True,8,8,True,8,8,,,,
Isaiah,7,7,Isaiah 7:7 bible,True,41,1390000,False,0,0,False,0,0,0.0,0.0,0.0,0.0
Isaiah,7,8,Isaiah 7:8 bible,False,5180000,5180000,False,0,0,False,0,0,0.0,0.0,0.0,0.0
Isaiah,7,9,Isaiah 7:9 bible,False,3470000,3470000,True,8,8,True,8,8,,,,
Isaiah,7,10,Isaiah 7:10 bible,False,2430000,2430000,True,8,8,True,8,8,,,,
Isaiah,7,11,Isaiah 7:11 bible,False,1630000,1630000,True,8,8,True,8,8,,,,
Isaiah,7,12,Isaiah 7:12 bible,False,1470000,1470000,True,8,8,True,8,8,,,,
Isaiah,7,13,Isaiah 7:13 bible,False,1360000,1360000,True,9,9,True,9,9,,,,
Isaiah,7,14,Isaiah 7:14 bible,True,20,2610000,False,0,0,False,0,0,0.0,0.0,0.0,0.0
Isaiah,7,15,Isaiah 7:15 bible,True,39,0,False,0,0,False,0,0,0.0,0.0,0.0,0.0
Isaiah,7,16,Isaiah 7:16 bible,True,135,736000,False,0,0,False,0,0,0.0,0.0,0.0,0.0
Isaiah,7,17,Isaiah 7:17 bible,False,662000,662000,False,0,0,False,0,0,0.0,0.0,0.0,0.0
Isaiah,7,18,Isaiah 7:18 bible,True,139,660000,False,0,0,False,0,0,0.0,0.0,0.0,0.0
Isaiah,7,19,Isaiah 7:19 bible,False,587000,587000,False,0,0,False,0,0,0.0,0.0,0.0,0.0
Isaiah,7,20,Isaiah 7:20 bible,False,603000,603000,False,0,0,False,0,0,0.0,0.0,0.0,0.0
Isaiah,7,21,Isaiah 7:21 bible,False,854000,854000,False,0,0,False,0,0,0.0,0.0,0.0,0.0
Isaiah,7,22,Isaiah 7:22 bible,False,613000,613000,False,0,0,False,0,0,0.0,0.0,0.0,0.0
Isaiah,7,23,Isaiah 7:23 bible,True,41,588000,False,0,0,False,0,0,0.0,0.0,0.0,0.0
Isaiah,7,24,Isaiah 7:24 bible,False,705000,705000,False,0,0,False,0,0,0.0,0.0,0.0,0.0
Isaiah,7,25,Isaiah 7:25 bible,True,0,0,False,0,0,False,0,0,0.0,0.0,0.0,0.0
Isaiah,8,1,Isaiah 8:1 bible,True,0,0,False,0,0,False,0,0,0.0,0.0,0.0,0.0
Isaiah,8,2,Isaiah 8:2 bible,False,1230000,1230000,False,0,0,False,0,0,0.0,0.0,0.0,0.0
Isaiah,8,3,Isaiah 8:3 bible,False,990000,990000,True,9,9,True,9,9,,,,
Isaiah,8,4,Isaiah 8:4 bible,True,142,0,False,0,0,False,0,0,0.0,0.0,0.0,0.0
Isaiah,8,5,Isaiah 8:5 bible,False,847000,847000,False,0,0,False,0,0,0.0,0.0,0.0,0.0
Isaiah,8,6,Isaiah 8:6 bible,False,995000,995000,True,9,9,True,9,9,,,,
Isaiah,8,7,Isaiah 8:7 bible,False,898000,898000,True,9,9,True,9,9,,,,
Isaiah,8,8,Isaiah 8:8 bible,True,0,772000,False,0,0,False,0,0,0.0,0.0,0.0,0.0
Isaiah,8,9,Isaiah 8:9 bible,False,5190000,5190000,False,0,0,False,0,0,0.0,0.0,0.0,0.0
Isaiah,8,10,Isaiah 8:10 bible,False,3430000,3430000,True,8,8,True,8,8,,,,
Isaiah,8,11,Isaiah 8:11 bible,False,2370000,2370000,True,8,8,True,8,8,,,,
Isaiah,8,12,Isaiah 8:12 bible,False,2230000,2230000,True,9,9,True,9,9,,,,
Isaiah,8,13,Isaiah 8:13 bible,False,1110000,1110000,True,9,9,True,9,9,,,,
Isaiah,8,14,Isaiah 8:14 bible,False,1070000,1070000,False,0,0,False,0,0,0.0,0.0,0.0,0.0
Isaiah,8,15,Isaiah 8:15 bible,False,944000,944000,True,9,9,True,9,9,,,,
Isaiah,8,16,Isaiah 8:16 bible,False,868000,868000,False,0,0,False,0,0,0.0,0.0,0.0,0.0
Isaiah,8,17,Isaiah 8:17 bible,False,953000,953000,True,9,9,True,9,9,,,,
Isaiah,8,18,Isaiah 8:18 bible,False,1110000,1110000,True,8,8,True,8,8,,,,
Isaiah,8,19,Isaiah 8:19 bible,False,687000,687000,True,8,8,True,8,8,,,,
Isaiah,8,20,Isaiah 8:20 bible,False,677000,677000,False,0,0,False,0,0,0.0,0.0,0.0,0.0
Isaiah,8,21,Isaiah 8:21 bible,False,638000,638000,True,9,9,True,9,9,,,,
Isaiah,8,22,Isaiah 8:22 bible,True,37,678000,False,0,0,False,0,0,0.0,0.0,0.0,0.0
Isaiah,9,1,Isaiah 9:1 bible,True,39,3490000,False,0,0,False,0,0,0.0,0.0,0.0,0.0
Isaiah,9,2,Isaiah 9:2 bible,False,2250000,2250000,False,0,0,False,0,0,0.0,0.0,0.0,0.0
Isaiah,9,3,Isaiah 9:3 bible,False,1130000,1130000,False,0,0,False,0,0,0.0,0.0,0.0,0.0
Isaiah,9,4,Isaiah 9:4 bible,False,1520000,1520000,False,0,0,False,0,0,0.0,0.0,0.0,0.0
Isaiah,9,5,Isaiah 9:5 bible,False,1530000,1530000,False,0,0,False,0,0,0.0,0.0,0.0,0.0
Isaiah,9,6,Isaiah 9:6 bible,False,3570000,3570000,True,7,7,True,7,7,,,,
Isaiah,9,7,Isaiah 9:7 bible,False,1370000,1370000,True,8,8,True,8,8,,,,
Isaiah,9,8,Isaiah 9:8 bible,True,139,0,False,0,0,False,0,0,0.0,0.0,0.0,0.0
Isaiah,9,9,Isaiah 9:9 bible,True,41,1630000,False,0,0,False,0,0,0.0,0.0,0.0,0.0
Isaiah,9,10,Isaiah 9:10 bible,True,19,0,False,0,0,False,0,0,0.0,0.0,0.0,0.0
Isaiah,9,11,Isaiah 9:11 bible,True,38,3520000,False,0,0,False,0,0,0.0,0.0,0.0,0.0
Isaiah,9,12,Isaiah 9:12 bible,True,34,0,False,0,0,False,0,0,0.0,0.0,0.0,0.0
Isaiah,9,13,Isaiah 9:13 bible,False,1430000,1430000,False,0,0,False,0,0,0.0,0.0,0.0,0.0
Isaiah,9,14,Isaiah 9:14 bible,False,1170000,1170000,True,9,9,True,9,9,,,,
Isaiah,9,15,Isaiah 9:15 bible,False,972000,972000,False,0,0,False,0,0,0.0,0.0,0.0,0.0
Isaiah,9,16,Isaiah 9:16 bible,False,823000,823000,True,9,9,True,9,9,,,,
Isaiah,9,17,Isaiah 9:17 bible,True,37,0,False,0,0,False,0,0,0.0,0.0,0.0,0.0
Isaiah,9,18,Isaiah 9:18 bible,False,691000,691000,True,9,9,True,9,9,,,,
Isaiah,9,19,Isaiah 9:19 bible,False,430000,430000,False,0,0,False,0,0,0.0,0.0,0.0,0.0
Isaiah,9,20,Isaiah 9:20 bible,False,743000,743000,True,9,9,True,9,9,,,,
Isaiah,9,21,Isaiah 9:21 bible,False,484000,484000,True,9,9,True,9,9,,,,
Isaiah,10,1,Isaiah 10:1 bible,False,2470000,2470000,True,9,9,True,9,9,,,,
Isaiah,10,2,Isaiah 10:2 bible,False,961000,961000,False,0,0,False,0,0,0.0,0.0,0.0,0.0
Isaiah,10,3,Isaiah 10:3 bible,False,892000,892000,True,9,9,True,9,9,,,,
Isaiah,10,4,Isaiah 10:4 bible,False,1100000,1100000,True,8,8,True,8,8,,,,
Isaiah,10,5,Isaiah 10:5 bible,False,916000,916000,False,0,0,False,0,0,0.0,0.0,0.0,0.0
Isaiah,10,6,Isaiah 10:6 bible,True,136,659000,False,0,0,False,0,0,0.0,0.0,0.0,0.0
Isaiah,10,7,Isaiah 10:7 bible,False,762000,762000,True,9,9,True,9,9,,,,
Isaiah,10,8,Isaiah 10:8 bible,False,788000,788000,True,9,9,True,9,9,,,,
Isaiah,10,9,Isaiah 10:9 bible,False,1700000,1700000,True,9,9,True,9,9,,,,
Isaiah,10,10,Isaiah 10:10 bible,False,2440000,2440000,True,8,8,True,8,8,,,,
Isaiah,10,11,Isaiah 10:11 bible,False,4890000,4890000,True,8,8,True,8,8,,,,
Isaiah,10,12,Isaiah 10:12 bible,False,3440000,3440000,True,8,8,True,8,8,,,,
Isaiah,10,13,Isaiah 10:13 bible,False,2530000,2530000,False,0,0,False,0,0,0.0,0.0,0.0,0.0
Isaiah,10,14,Isaiah 10:14 bible,False,1660000,1660000,True,9,9,True,9,9,,,,
Isaiah,10,15,Isaiah 10:15 bible,False,1240000,1240000,True,8,8,True,8,8,,,,
Isaiah,10,16,Isaiah 10:16 bible,False,1070000,1070000,True,9,9,True,9,9,,,,
Isaiah,10,17,Isaiah 10:17 bible,False,1740000,1740000,True,9,9,True,9,9,,,,
Isaiah,10,18,Isaiah 10:18 bible,False,903000,903000,False,0,0,False,0,0,0.0,0.0,0.0,0.0
Isaiah,10,19,Isaiah 10:19 bible,False,1040000,1040000,False,0,0,False,0,0,0.0,0.0,0.0,0.0
Isaiah,10,20,Isaiah 10:20 bible,False,860000,860000,True,8,8,True,8,8,,,,
Isaiah,10,21,Isaiah 10:21 bible,False,618000,618000,False,0,0,False,0,0,0.0,0.0,0.0,0.0
Isaiah,10,22,Isaiah 10:22 bible,False,759000,759000,False,0,0,False,0,0,0.0,0.0,0.0,0.0
Isaiah,10,23,Isaiah 10:23 bible,False,778000,778000,True,8,8,True,8,8,,,,
Isaiah,10,24,Isaiah 10:24 bible,False,777000,777000,True,8,8,True,8,8,,,,
Isaiah,10,25,Isaiah 10:25 bible,False,789000,789000,True,9,9,True,9,9,,,,
Isaiah,10,26,Isaiah 10:26 bible,False,565000,565000,False,0,0,False,0,0,0.0,0.0,0.0,0.0
Isaiah,10,27,Isaiah 10:27 bible,False,981000,981000,False,0,0,False,0,0,0.0,0.0,0.0,0.0
Isaiah,10,28,Isaiah 10:28 bible,False,732000,732000,True,9,9,True,9,9,,,,
Isaiah,10,29,Isaiah 10:29 bible,False,500000,500000,True,9,9,True,9,9,,,,
Isaiah,10,30,Isaiah 10:30 bible,False,1300000,1300000,True,9,9,True,9,9,,,,
Isaiah,10,31,Isaiah 10:31 bible,True,38,0,False,0,0,False,0,0,0.0,0.0,0.0,0.0
Isaiah,10,32,Isaiah 10:32 bible,False,411000,411000,True,9,9,True,9,9,,,,
Isaiah,10,33,Isaiah 10:33 bible,True,141,0,False,0,0,False,0,0,0.0,0.0,0.0,0.0
Isaiah,10,34,Isaiah 10:34 bible,True,140,583000,False,0,0,False,0,0,0.0,0.0,0.0,0.0
Isaiah,11,1,Isaiah 11:1 bible,False,3360000,3360000,True,8,8,True,8,8,,,,
Isaiah,11,2,Isaiah 11:2 bible,False,1330000,1330000,True,8,8,True,8,8,,,,
Isaiah,11,3,Isaiah 11:3 bible,False,962000,962000,True,8,8,True,8,8,,,,
Isaiah,11,4,Isaiah 11:4 bible,False,782000,782000,False,0,0,False,0,0,0.0,0.0,0.0,0.0
Isaiah,11,5,Isaiah 11:5 bible,False,763000,763000,True,8,8,True,8,8,,,,
Isaiah,11,6,Isaiah 11:6 bible,True,20,1120000,False,0,0,False,0,0,0.0,0.0,0.0,0.0
Isaiah,11,7,Isaiah 11:7 bible,False,713000,713000,True,9,9,True,9,9,,,,
Isaiah,11,8,Isaiah 11:8 bible,False,607000,607000,False,0,0,False,0,0,0.0,0.0,0.0,0.0
Isaiah,11,9,Isaiah 11:9 bible,True,39,651000,False,0,0,False,0,0,0.0,0.0,0.0,0.0
Isaiah,11,10,Isaiah 11:10 bible,False,733000,733000,True,8,8,True,8,8,,,,
Isaiah,11,11,Isaiah 11:11 bible,False,833000,833000,False,0,0,False,0,0,0.0,0.0,0.0,0.0
Isaiah,11,12,Isaiah 11:12 bible,True,20,0,False,0,0,False,0,0,0.0,0.0,0.0,0.0
Isaiah,11,13,Isaiah 11:13 bible,False,2450000,2450000,False,0,0,False,0,0,0.0,0.0,0.0,0.0
Isaiah,11,14,Isaiah 11:14 bible,False,1860000,1860000,True,8,8,True,8,8,,,,
Isaiah,11,15,Isaiah 11:15 bible,False,1310000,1310000,False,0,0,False,0,0,0.0,0.0,0.0,0.0
Isaiah,11,16,Isaiah 11:16 bible,False,987000,987000,True,8,8,True,8,8,,,,
Isaiah,12,1,Isaiah 12:1 bible,True,139,0,False,0,0,False,0,0,0.0,0.0,0.0,0.0
Isaiah,12,2,Isaiah 12:2 bible,False,3360000,3360000,True,8,8,True,8,8,,,,
Isaiah,12,3,Isaiah 12:3 bible,False,1460000,1460000,True,8,8,True,8,8,,,,
Isaiah,12,4,Isaiah 12:4 bible,False,932000,932000,True,8,8,True,8,8,,,,
Isaiah,12,5,Isaiah 12:5 bible,False,817000,817000,True,9,9,True,9,9,,,,
Isaiah,12,6,Isaiah 12:6 bible,False,911000,911000,True,8,8,True,8,8,,,,
Isaiah,13,1,Isaiah 13:1 bible,False,2500000,2500000,True,8,8,True,8,8,,,,
Isaiah,13,2,Isaiah 13:2 bible,True,137,945000,False,0,0,False,0,0,0.0,0.0,0.0,0.0
Isaiah,13,3,Isaiah 13:3 bible,False,844000,844000,True,9,9,True,9,9,,,,
Isaiah,13,4,Isaiah 13:4 bible,True,137,0,False,0,0,False,0,0,0.0,0.0,0.0,0.0
Isaiah,13,5,Isaiah 13:5 bible,False,1320000,1320000,True,9,9,True,9,9,,,,
Isaiah,13,6,Isaiah 13:6 bible,True,39,640000,False,0,0,False,0,0,0.0,0.0,0.0,0.0
Isaiah,13,7,Isaiah 13:7 bible,False,1380000,1380000,False,0,0,False,0,0,0.0,0.0,0.0,0.0
Isaiah,13,8,Isaiah 13:8 bible,False,1210000,1210000,True,9,9,True,9,9,,,,
Isaiah,13,9,Isaiah 13:9 bible,False,593000,593000,False,0,0,False,0,0,0.0,0.0,0.0,0.0
Isaiah,13,10,Isaiah 13:10 bible,True,136,667000,False,0,0,False,0,0,0.0,0.0,0.0,0.0
Isaiah,13,11,Isaiah 13:11 bible,False,714000,714000,False,0,0,False,0,0,0.0,0.0,0.0,0.0
Isaiah,13,12,Isaiah 13:12 bible,False,682000,682000,False,0,0,False,0,0,0.0,0.0,0.0,0.0
Isaiah,13,13,Isaiah 13:13 bible,False,874000,874000,True,8,8,True,8,8,,,,
Isaiah,13,14,Isaiah 13:14 bible,False,4780000,4780000,True,8,8,True,8,8,,,,
Isaiah,13,15,Isaiah 13:15 bible,True,39,2360000,False,0,0,False,0,0,0.0,0.0,0.0,0.0
Isaiah,13,16,Isaiah 13:16 bible,False,1460000,1460000,False,0,0,False,0,0,0.0,0.0,0.0,0.0
Isaiah,13,17,Isaiah 13:17 bible,False,1170000,1170000,True,8,8,True,8,8,,,,
Isaiah,13,18,Isaiah 13:18 bible,False,848000,848000,False,0,0,False,0,0,0.0,0.0,0.0,0.0
Isaiah,13,19,Isaiah 13:19 bible,True,44,0,False,0,0,False,0,0,0.0,0.0,0.0,0.0
Isaiah,13,20,Isaiah 13:20 bible,False,792000,792000,True,8,8,True,8,8,,,,
Isaiah,13,21,Isaiah 13:21 bible,False,670000,670000,False,0,0,False,0,0,0.0,0.0,0.0,0.0
Isaiah,13,22,Isaiah 13:22 bible,False,602000,602000,False,0,0,False,0,0,0.0,0.0,0.0,0.0
Isaiah,14,1,Isaiah 14:1 bible,False,2380000,2380000,True,8,8,True,8,8,,,,
Isaiah,14,2,Isaiah 14:2 bible,False,922000,922000,False,0,0,False,0,0,0.0,0.0,0.0,0.0
Isaiah,14,3,Isaiah 14:3 bible,False,759000,759000,True,8,8,True,8,8,,,,
Isaiah,14,4,Isaiah 14:4 bible,False,634000,634000,False,0,0,False,0,0,0.0,0.0,0.0,0.0
Isaiah,14,5,Isaiah 14:5 bible,False,614000,614000,True,9,9,True,9,9,,,,
Isaiah,14,6,Isaiah 14:6 bible,False,2180000,2180000,True,9,9,True,9,9,,,,
Isaiah,14,7,Isaiah 14:7 bible,True,0,619000,False,0,0,False,0,0,0.0,0.0,0.0,0.0
Isaiah,14,8,Isaiah 14:8 bible,False,607000,607000,False,0,0,False,0,0,0.0,0.0,0.0,0.0
Isaiah,14,9,Isaiah 14:9 bible,True,142,0,False,0,0,False,0,0,0.0,0.0,0.0,0.0
Isaiah,14,10,Isaiah 14:10 bible,False,601000,601000,False,0,0,False,0,0,0.0,0.0,0.0,0.0
Isaiah,14,11,Isaiah 14:11 bible,False,628000,628000,True,9,9,True,9,9,,,,
Isaiah,14,12,Isaiah 14:12 bible,False,1240000,1240000,True,7,7,True,7,7,,,,
Isaiah,14,13,Isaiah 14:13 bible,False,986000,986000,True,8,8,True,8,8,,,,
Isaiah,14,14,Isaiah 14:14 bible,False,1200000,1200000,True,8,8,True,8,8,,,,
Isaiah,14,15,Isaiah 14:15 bible,False,4510000,4510000,True,8,8,True,8,8,,,,
Isaiah,14,16,Isaiah 14:16 bible,False,2570000,2570000,False,0,0,False,0,0,0.0,0.0,0.0,0.0
Isaiah,14,17,Isaiah 14:17 bible,False,1330000,1330000,False,0,0,False,0,0,0.0,0.0,0.0,0.0
Isaiah,14,18,Isaiah 14:18 bible,False,980000,980000,True,9,9,True,9,9,,,,
Isaiah,14,19,Isaiah 14:19 bible,False,712000,712000,False,0,0,False,0,0,0.0,0.0,0.0,0.0
Isaiah,14,20,Isaiah 14:20 bible,False,715000,715000,True,8,8,True,8,8,,,,
Isaiah,14,21,Isaiah 14:21 bible,False,858000,858000,False,0,0,False,0,0,0.0,0.0,0.0,0.0
Isaiah,14,22,Isaiah 14:22 bible,False,667000,667000,False,0,0,False,0,0,0.0,0.0,0.0,0.0
Isaiah,14,23,Isaiah 14:23 bible,False,775000,775000,True,8,8,True,8,8,,,,
Isaiah,14,24,Isaiah 14:24 bible,False,461000,461000,True,9,9,True,9,9,,,,
Isaiah,14,25,Isaiah 14:25 bible,False,442000,442000,True,9,9,True,9,9,,,,
Isaiah,14,26,Isaiah 14:26 bible,False,831000,831000,False,0,0,False,0,0,0.0,0.0,0.0,0.0
Isaiah,14,27,Isaiah 14:27 bible,False,1050000,1050000,True,8,8,True,8,8,,,,
Isaiah,14,28,Isaiah 14:28 bible,False,470000,470000,True,8,8,True,8,8,,,,
Isaiah,14,29,Isaiah 14:29 bible,False,393000,393000,False,0,0,False,0,0,0.0,0.0,0.0,0.0
Isaiah,14,30,Isaiah 14:30 bible,False,528000,528000,False,0,0,False,0,0,0.0,0.0,0.0,0.0
Isaiah,14,31,Isaiah 14:31 bible,False,387000,387000,False,0,0,False,0,0,0.0,0.0,0.0,0.0
Isaiah,14,32,Isaiah 14:32 bible,False,366000,366000,True,8,8,True,8,8,,,,
Isaiah,15,1,Isaiah 15:1 bible,False,2340000,2340000,True,8,8,True,8,8,,,,
Isaiah,15,2,Isaiah 15:2 bible,False,908000,908000,True,9,9,True,9,9,,,,
Isaiah,15,3,Isaiah 15:3 bible,False,1010000,1010000,True,9,9,True,9,9,,,,
Isaiah,15,4,Isaiah 15:4 bible,False,962000,962000,True,8,8,True,8,8,,,,
Isaiah,15,5,Isaiah 15:5 bible,False,874000,874000,False,0,0,False,0,0,0.0,0.0,0.0,0.0
Isaiah,15,6,Isaiah 15:6 bible,True,38,0,False,0,0,False,0,0,0.0,0.0,0.0,0.0
Isaiah,15,7,Isaiah 15:7 bible,True,0,750000,False,0,0,False,0,0,0.0,0.0,0.0,0.0
Isaiah,15,8,Isaiah 15:8 bible,True,40,617000,False,0,0,False,0,0,0.0,0.0,0.0,0.0
Isaiah,15,9,Isaiah 15:9 bible,True,38,0,False,0,0,False,0,0,0.0,0.0,0.0,0.0
Isaiah,16,1,Isaiah 16:1 bible,False,1360000,1360000,True,7,7,True,7,7,,,,
Isaiah,16,2,Isaiah 16:2 bible,False,738000,738000,False,0,0,False,0,0,0.0,0.0,0.0,0.0
Isaiah,16,3,Isaiah 16:3 bible,False,909000,909000,True,8,8,True,8,8,,,,
Isaiah,16,4,Isaiah 16:4 bible,False,630000,630000,True,8,8,True,8,8,,,,
Isaiah,16,5,Isaiah 16:5 bible,False,576000,576000,False,0,0,False,0,0,0.0,0.0,0.0,0.0
Isaiah,16,6,Isaiah 16:6 bible,False,642000,642000,True,9,9,True,9,9,,,,
Isaiah,16,7,Isaiah 16:7 bible,True,40,0,False,0,0,False,0,0,0.0,0.0,0.0,0.0
Isaiah,16,8,Isaiah 16:8 bible,False,730000,730000,True,9,9,True,9,9,,,,
Isaiah,16,9,Isaiah 16:9 bible,True,132,0,False,0,0,False,0,0,0.0,0.0,0.0,0.0
Isaiah,16,10,Isaiah 16:10 bible,False,679000,679000,True,9,9,True,9,9,,,,
Isaiah,16,11,Isaiah 16:11 bible,False,821000,821000,True,9,9,True,9,9,,,,
Isaiah,16,12,Isaiah 16:12 bible,False,608000,608000,True,9,9,True,9,9,,,,
Isaiah,16,13,Isaiah 16:13 bible,True,130,1110000,False,0,0,False,0,0,0.0,0.0,0.0,0.0
Isaiah,16,14,Isaiah 16:14 bible,False,683000,683000,False,0,0,False,0,0,0.0,0.0,0.0,0.0
Isaiah,17,1,Isaiah 17:1 bible,False,1370000,1370000,True,8,8,True,8,8,,,,
Isaiah,17,2,Isaiah 17:2 bible,False,790000,790000,True,8,8,True,8,8,,,,
Isaiah,17,3,Isaiah 17:3 bible,False,883000,883000,True,8,8,True,8,8,,,,
Isaiah,17,4,Isaiah 17:4 bible,False,620000,620000,True,8,8,True,8,8,,,,
Isaiah,17,5,Isaiah 17:5 bible,True,37,0,False,0,0,False,0,0,0.0,0.0,0.0,0.0
Isaiah,17,6,Isaiah 17:6 bible,False,671000,671000,True,9,9,True,9,9,,,,
Isaiah,17,7,Isaiah 17:7 bible,False,713000,713000,True,8,8,True,8,8,,,,
Isaiah,17,8,Isaiah 17:8 bible,False,622000,622000,True,8,8,True,8,8,,,,
Isaiah,17,9,Isaiah 17:9 bible,False,687000,687000,True,9,9,True,9,9,,,,
Isaiah,17,10,Isaiah 17:10 bible,False,554000,554000,False,0,0,False,0,0,0.0,0.0,0.0,0.0
Isaiah,17,11,Isaiah 17:11 bible,False,711000,711000,False,0,0,False,0,0,0.0,0.0,0.0,0.0
Isaiah,17,12,Isaiah 17:12 bible,False,462000,462000,True,9,9,True,9,9,,,,
Isaiah,17,13,Isaiah 17:13 bible,False,390000,390000,True,9,9,True,9,9,,,,
Isaiah,17,14,Isaiah 17:14 bible,False,646000,646000,False,0,0,False,0,0,0.0,0.0,0.0,0.0
Isaiah,18,1,Isaiah 18:1 bible,False,1600000,1600000,True,8,8,True,8,8,,,,
Isaiah,18,2,Isaiah 18:2 bible,False,919000,919000,True,9,9,True,9,9,,,,
Isaiah,18,3,Isaiah 18:3 bible,False,660000,660000,True,9,9,True,9,9,,,,
Isaiah,18,4,Isaiah 18:4 bible,False,656000,656000,False,0,0,False,0,0,0.0,0.0,0.0,0.0
Isaiah,18,5,Isaiah 18:5 bible,True,39,398000,False,0,0,False,0,0,0.0,0.0,0.0,0.0
Isaiah,18,6,Isaiah 18:6 bible,False,521000,521000,False,0,0,False,0,0,0.0,0.0,0.0,0.0
Isaiah,18,7,Isaiah 18:7 bible,True,136,416000,False,0,0,False,0,0,0.0,0.0,0.0,0.0
Isaiah,19,1,Isaiah 19:1 bible,False,1280000,1280000,False,0,0,False,0,0,0.0,0.0,0.0,0.0
Isaiah,19,2,Isaiah 19:2 bible,True,44,673000,False,0,0,False,0,0,0.0,0.0,0.0,0.0
Isaiah,19,3,Isaiah 19:3 bible,True,33,499000,False,0,0,False,0,0,0.0,0.0,0.0,0.0
Isaiah,19,4,Isaiah 19:4 bible,True,0,0,False,0,0,False,0,0,0.0,0.0,0.0,0.0
Isaiah,19,5,Isaiah 19:5 bible,False,589000,589000,False,0,0,False,0,0,0.0,0.0,0.0,0.0
Isaiah,19,6,Isaiah 19:6 bible,False,542000,542000,False,0,0,False,0,0,0.0,0.0,0.0,0.0
Isaiah,19,7,Isaiah 19:7 bible,False,599000,599000,False,0,0,False,0,0,0.0,0.0,0.0,0.0
Isaiah,19,8,Isaiah 19:8 bible,True,41,482000,False,0,0,False,0,0,0.0,0.0,0.0,0.0
Isaiah,19,9,Isaiah 19:9 bible,False,494000,494000,False,0,0,False,0,0,0.0,0.0,0.0,0.0
Isaiah,19,10,Isaiah 19:10 bible,True,136,0,False,0,0,False,0,0,0.0,0.0,0.0,0.0
Isaiah,19,11,Isaiah 19:11 bible,False,716000,716000,False,0,0,False,0,0,0.0,0.0,0.0,0.0
Isaiah,19,12,Isaiah 19:12 bible,False,429000,429000,False,0,0,False,0,0,0.0,0.0,0.0,0.0
Isaiah,19,13,Isaiah 19:13 bible,True,41,444000,False,0,0,False,0,0,0.0,0.0,0.0,0.0
Isaiah,19,14,Isaiah 19:14 bible,True,39,0,False,0,0,False,0,0,0.0,0.0,0.0,0.0
Isaiah,19,15,Isaiah 19:15 bible,False,410000,410000,False,0,0,False,0,0,0.0,0.0,0.0,0.0
Isaiah,19,16,Isaiah 19:16 bible,True,34,0,False,0,0,False,0,0,0.0,0.0,0.0,0.0
Isaiah,19,17,Isaiah 19:17 bible,True,38,0,False,0,0,False,0,0,0.0,0.0,0.0,0.0
Isaiah,19,18,Isaiah 19:18 bible,False,562000,562000,False,0,0,False,0,0,0.0,0.0,0.0,0.0
Isaiah,19,19,Isaiah 19:19 bible,False,505000,505000,False,0,0,False,0,0,0.0,0.0,0.0,0.0
Isaiah,19,20,Isaiah 19:20 bible,True,40,3830000,False,0,0,False,0,0,0.0,0.0,0.0,0.0
Isaiah,19,21,Isaiah 19:21 bible,True,0,1780000,False,0,0,False,0,0,0.0,0.0,0.0,0.0
Isaiah,19,22,Isaiah 19:22 bible,False,719000,719000,False,0,0,False,0,0,0.0,0.0,0.0,0.0
Isaiah,19,23,Isaiah 19:23 bible,False,680000,680000,False,0,0,False,0,0,0.0,0.0,0.0,0.0
Isaiah,19,24,Isaiah 19:24 bible,False,469000,469000,False,0,0,False,0,0,0.0,0.0,0.0,0.0
Isaiah,19,25,Isaiah 19:25 bible,False,573000,573000,False,0,0,False,0,0,0.0,0.0,0.0,0.0
Isaiah,20,1,Isaiah 20:1 bible,True,0,0,False,0,0,False,0,0,0.0,0.0,0.0,0.0
Isaiah,20,2,Isaiah 20:2 bible,True,42,0,False,0,0,False,0,0,0.0,0.0,0.0,0.0
Isaiah,20,3,Isaiah 20:3 bible,False,632000,632000,False,0,0,False,0,0,0.0,0.0,0.0,0.0
Isaiah,20,4,Isaiah 20:4 bible,True,42,697000,False,0,0,False,0,0,0.0,0.0,0.0,0.0
Isaiah,20,5,Isaiah 20:5 bible,False,541000,541000,False,0,0,False,0,0,0.0,0.0,0.0,0.0
Isaiah,20,6,Isaiah 20:6 bible,False,569000,569000,False,0,0,False,0,0,0.0,0.0,0.0,0.0
Isaiah,21,1,Isaiah 21:1 bible,False,1270000,1270000,False,0,0,False,0,0,0.0,0.0,0.0,0.0
Isaiah,21,2,Isaiah 21:2 bible,False,658000,658000,False,0,0,False,0,0,0.0,0.0,0.0,0.0
Isaiah,21,3,Isaiah 21:3 bible,False,584000,584000,False,0,0,False,0,0,0.0,0.0,0.0,0.0
Isaiah,21,4,Isaiah 21:4 bible,True,34,739000,False,0,0,False,0,0,0.0,0.0,0.0,0.0
Isaiah,21,5,Isaiah 21:5 bible,False,610000,610000,False,0,0,False,0,0,0.0,0.0,0.0,0.0
Isaiah,21,6,Isaiah 21:6 bible,False,488000,488000,False,0,0,False,0,0,0.0,0.0,0.0,0.0
Isaiah,21,7,Isaiah 21:7 bible,True,39,0,False,0,0,False,0,0,0.0,0.0,0.0,0.0
Isaiah,21,8,Isaiah 21:8 bible,False,616000,616000,False,0,0,False,0,0,0.0,0.0,0.0,0.0
Isaiah,21,9,Isaiah 21:9 bible,False,444000,444000,True,9,9,True,9,9,,,,
Isaiah,21,10,Isaiah 21:10 bible,False,390000,390000,True,10,10,True,10,10,,,,
Isaiah,21,11,Isaiah 21:11 bible,True,140,0,False,0,0,False,0,0,0.0,0.0,0.0,0.0
Isaiah,21,12,Isaiah 21:12 bible,True,42,0,False,0,0,False,0,0,0.0,0.0,0.0,0.0
Isaiah,21,13,Isaiah 21:13 bible,False,389000,389000,False,0,0,False,0,0,0.0,0.0,0.0,0.0
Isaiah,21,14,Isaiah 21:14 bible,True,136,0,False,0,0,False,0,0,0.0,0.0,0.0,0.0
Isaiah,21,15,Isaiah 21:15 bible,False,440000,440000,False,0,0,False,0,0,0.0,0.0,0.0,0.0
Isaiah,21,16,Isaiah 21:16 bible,False,388000,388000,False,0,0,False,0,0,0.0,0.0,0.0,0.0
Isaiah,21,17,Isaiah 21:17 bible,False,392000,392000,False,0,0,False,0,0,0.0,0.0,0.0,0.0
Isaiah,22,1,Isaiah 22:1 bible,False,1020000,1020000,True,8,8,True,8,8,,,,
Isaiah,22,2,Isaiah 22:2 bible,False,688000,688000,True,8,8,True,8,8,,,,
Isaiah,22,3,Isaiah 22:3 bible,False,620000,620000,False,0,0,False,0,0,0.0,0.0,0.0,0.0
Isaiah,22,4,Isaiah 22:4 bible,False,415000,415000,False,0,0,False,0,0,0.0,0.0,0.0,0.0
Isaiah,22,5,Isaiah 22:5 bible,False,442000,442000,True,9,9,True,9,9,,,,
Isaiah,22,6,Isaiah 22:6 bible,False,714000,714000,True,9,9,True,9,9,,,,
Isaiah,22,7,Isaiah 22:7 bible,False,437000,437000,False,0,0,False,0,0,0.0,0.0,0.0,0.0
Isaiah,22,8,Isaiah 22:8 bible,False,391000,391000,False,0,0,False,0,0,0.0,0.0,0.0,0.0
Isaiah,22,9,Isaiah 22:9 bible,False,389000,389000,False,0,0,False,0,0,0.0,0.0,0.0,0.0
Isaiah,22,10,Isaiah 22:10 bible,False,387000,387000,True,9,9,True,9,9,,,,
Isaiah,22,11,Isaiah 22:11 bible,False,389000,389000,False,0,0,False,0,0,0.0,0.0,0.0,0.0
Isaiah,22,12,Isaiah 22:12 bible,False,571000,571000,True,9,9,True,9,9,,,,
Isaiah,22,13,Isaiah 22:13 bible,False,434000,434000,True,9,9,True,9,9,,,,
Isaiah,22,14,Isaiah 22:14 bible,False,628000,628000,True,9,9,True,9,9,,,,
Isaiah,22,15,Isaiah 22:15 bible,False,394000,394000,True,9,9,True,9,9,,,,
Isaiah,22,16,Isaiah 22:16 bible,False,619000,619000,True,9,9,True,9,9,,,,
Isaiah,22,17,Isaiah 22:17 bible,False,518000,518000,False,0,0,False,0,0,0.0,0.0,0.0,0.0
Isaiah,22,18,Isaiah 22:18 bible,False,535000,535000,True,9,9,True,9,9,,,,
Isaiah,22,19,Isaiah 22:19 bible,False,438000,438000,False,0,0,False,0,0,0.0,0.0,0.0,0.0
Isaiah,22,20,Isaiah 22:20 bible,False,441000,441000,False,0,0,False,0,0,0.0,0.0,0.0,0.0
Isaiah,22,21,Isaiah 22:21 bible,False,432000,432000,False,0,0,False,0,0,0.0,0.0,0.0,0.0
Isaiah,22,22,Isaiah 22:22 bible,True,127,0,False,0,0,False,0,0,0.0,0.0,0.0,0.0
Isaiah,22,23,Isaiah 22:23 bible,True,139,0,False,0,0,False,0,0,0.0,0.0,0.0,0.0
Isaiah,22,24,Isaiah 22:24 bible,False,1160000,1160000,False,0,0,False,0,0,0.0,0.0,0.0,0.0
Isaiah,22,25,Isaiah 22:25 bible,False,732000,732000,True,8,8,True,8,8,,,,
Isaiah,23,1,Isaiah 23:1 bible,True,40,0,False,0,0,False,0,0,0.0,0.0,0.0,0.0
Isaiah,23,2,Isaiah 23:2 bible,False,650000,650000,False,0,0,False,0,0,0.0,0.0,0.0,0.0
Isaiah,23,3,Isaiah 23:3 bible,False,612000,612000,False,0,0,False,0,0,0.0,0.0,0.0,0.0
Isaiah,23,4,Isaiah 23:4 bible,False,792000,792000,False,0,0,False,0,0,0.0,0.0,0.0,0.0
Isaiah,23,5,Isaiah 23:5 bible,False,679000,679000,True,9,9,True,9,9,,,,
Isaiah,23,6,Isaiah 23:6 bible,True,40,0,False,0,0,False,0,0,0.0,0.0,0.0,0.0
Isaiah,23,7,Isaiah 23:7 bible,False,399000,399000,True,8,8,True,8,8,,,,
Isaiah,23,8,Isaiah 23:8 bible,False,388000,388000,True,9,9,True,9,9,,,,
Isaiah,23,9,Isaiah 23:9 bible,False,386000,386000,False,0,0,False,0,0,0.0,0.0,0.0,0.0
Isaiah,23,10,Isaiah 23:10 bible,False,394000,394000,True,9,9,True,9,9,,,,
Isaiah,23,11,Isaiah 23:11 bible,False,388000,388000,False,0,0,False,0,0,0.0,0.0,0.0,0.0
Isaiah,23,12,Isaiah 23:12 bible,False,390000,390000,True,9,9,True,9,9,,,,
Isaiah,23,13,Isaiah 23:13 bible,False,389000,389000,False,0,0,False,0,0,0.0,0.0,0.0,0.0
Isaiah,23,14,Isaiah 23:14 bible,False,387000,387000,False,0,0,False,0,0,0.0,0.0,0.0,0.0
Isaiah,23,15,Isaiah 23:15 bible,False,387000,387000,True,9,9,True,9,9,,,,
Isaiah,23,16,Isaiah 23:16 bible,True,38,0,False,0,0,False,0,0,0.0,0.0,0.0,0.0
Isaiah,23,17,Isaiah 23:17 bible,False,352000,352000,True,8,8,True,8,8,,,,
Isaiah,23,18,Isaiah 23:18 bible,False,385000,385000,True,8,8,True,8,8,,,,
Isaiah,24,1,Isaiah 24:1 bible,False,910000,910000,False,0,0,False,0,0,0.0,0.0,0.0,0.0
Isaiah,24,2,Isaiah 24:2 bible,True,39,524000,False,0,0,False,0,0,0.0,0.0,0.0,0.0
Isaiah,24,3,Isaiah 24:3 bible,False,637000,637000,True,9,9,True,9,9,,,,
Isaiah,24,4,Isaiah 24:4 bible,True,141,427000,False,0,0,False,0,0,0.0,0.0,0.0,0.0
Isaiah,24,5,Isaiah 24:5 bible,False,411000,411000,True,8,8,True,8,8,,,,
Isaiah,24,6,Isaiah 24:6 bible,False,462000,462000,True,9,9,True,9,9,,,,
Isaiah,24,7,Isaiah 24:7 bible,False,1230000,1230000,True,9,9,True,9,9,,,,
Isaiah,24,8,Isaiah 24:8 bible,False,389000,389000,True,9,9,True,9,9,,,,
Isaiah,24,9,Isaiah 24:9 bible,True,136,388000,False,0,0,False,0,0,0.0,0.0,0.0,0.0
Isaiah,24,10,Isaiah 24:10 bible,False,396000,396000,False,0,0,False,0,0,0.0,0.0,0.0,0.0
Isaiah,24,11,Isaiah 24:11 bible,False,387000,387000,False,0,0,False,0,0,0.0,0.0,0.0,0.0
Isaiah,24,12,Isaiah 24:12 bible,False,391000,391000,True,9,9,True,9,9,,,,
Isaiah,24,13,Isaiah 24:13 bible,False,420000,420000,False,0,0,False,0,0,0.0,0.0,0.0,0.0
Isaiah,24,14,Isaiah 24:14 bible,False,610000,610000,True,8,8,True,8,8,,,,
Isaiah,24,15,Isaiah 24:15 bible,False,772000,772000,True,9,9,True,9,9,,,,
Isaiah,24,16,Isaiah 24:16 bible,False,435000,435000,True,9,9,True,9,9,,,,
Isaiah,24,17,Isaiah 24:17 bible,False,387000,387000,True,9,9,True,9,9,,,,
Isaiah,24,18,Isaiah 24:18 bible,False,261000,261000,True,9,9,True,9,9,,,,
Isaiah,24,19,Isaiah 24:19 bible,False,386000,386000,False,0,0,False,0,0,0.0,0.0,0.0,0.0
Isaiah,24,20,Isaiah 24:20 bible,True,44,361000,False,0,0,False,0,0,0.0,0.0,0.0,0.0
Isaiah,24,21,Isaiah 24:21 bible,False,388000,388000,False,0,0,False,0,0,0.0,0.0,0.0,0.0
Isaiah,24,22,Isaiah 24:22 bible,False,387000,387000,True,9,8,True,9,8,,,,
Isaiah,24,23,Isaiah 24:23 bible,False,388000,388000,True,9,9,True,9,9,,,,
Isaiah,25,1,Isaiah 25:1 bible,True,20,786000,False,0,0,False,0,0,0.0,0.0,0.0,0.0
Isaiah,25,2,Isaiah 25:2 bible,False,551000,551000,True,9,9,True,9,9,,,,
Isaiah,25,3,Isaiah 25:3 bible,False,387000,387000,False,0,0,False,0,0,0.0,0.0,0.0,0.0
Isaiah,25,4,Isaiah 25:4 bible,False,423000,423000,False,0,0,False,0,0,0.0,0.0,0.0,0.0
Isaiah,25,5,Isaiah 25:5 bible,True,136,0,False,0,0,False,0,0,0.0,0.0,0.0,0.0
Isaiah,25,6,Isaiah 25:6 bible,True,138,391000,False,0,0,False,0,0,0.0,0.0,0.0,0.0
Isaiah,25,7,Isaiah 25:7 bible,True,43,0,False,0,0,False,0,0,0.0,0.0,0.0,0.0
Isaiah,25,8,Isaiah 25:8 bible,False,496000,496000,False,0,0,False,0,0,0.0,0.0,0.0,0.0
Isaiah,25,9,Isaiah 25:9 bible,False,390000,390000,False,0,0,False,0,0,0.0,0.0,0.0,0.0
Isaiah,25,10,Isaiah 25:10 bible,False,387000,387000,False,0,0,False,0,0,0.0,0.0,0.0,0.0
Isaiah,25,11,Isaiah 25:11 bible,True,38,387000,False,0,0,False,0,0,0.0,0.0,0.0,0.0
Isaiah,25,12,Isaiah 25:12 bible,False,386000,386000,False,0,0,False,0,0,0.0,0.0,0.0,0.0
Isaiah,26,1,Isaiah 26:1 bible,True,38,0,False,0,0,False,0,0,0.0,0.0,0.0,0.0
Isaiah,26,2,Isaiah 26:2 bible,True,41,0,False,0,0,False,0,0,0.0,0.0,0.0,0.0
Isaiah,26,3,Isaiah 26:3 bible,True,134,0,False,0,0,False,0,0,0.0,0.0,0.0,0.0
Isaiah,26,4,Isaiah 26:4 bible,True,20,0,False,0,0,False,0,0,0.0,0.0,0.0,0.0
Isaiah,26,5,Isaiah 26:5 bible,False,387000,387000,False,0,0,False,0,0,0.0,0.0,0.0,0.0
Isaiah,26,6,Isaiah 26:6 bible,False,387000,387000,False,0,0,False,0,0,0.0,0.0,0.0,0.0
Isaiah,26,7,Isaiah 26:7 bible,True,43,387000,False,0,0,False,0,0,0.0,0.0,0.0,0.0
Isaiah,26,8,Isaiah 26:8 bible,False,345000,345000,False,0,0,False,0,0,0.0,0.0,0.0,0.0
Isaiah,26,9,Isaiah 26:9 bible,False,386000,386000,False,0,0,False,0,0,0.0,0.0,0.0,0.0
Isaiah,26,10,Isaiah 26:10 bible,False,349000,349000,False,0,0,False,0,0,0.0,0.0,0.0,0.0
Isaiah,26,11,Isaiah 26:11 bible,False,377000,377000,False,0,0,False,0,0,0.0,0.0,0.0,0.0
Isaiah,26,12,Isaiah 26:12 bible,True,138,394000,False,0,0,False,0,0,0.0,0.0,0.0,0.0
Isaiah,26,13,Isaiah 26:13 bible,True,142,386000,False,0,0,False,0,0,0.0,0.0,0.0,0.0
Isaiah,26,14,Isaiah 26:14 bible,False,387000,387000,False,0,0,False,0,0,0.0,0.0,0.0,0.0
Isaiah,26,15,Isaiah 26:15 bible,False,386000,386000,False,0,0,False,0,0,0.0,0.0,0.0,0.0
Isaiah,26,16,Isaiah 26:16 bible,False,388000,388000,False,0,0,False,0,0,0.0,0.0,0.0,0.0
Isaiah,26,17,Isaiah 26:17 bible,False,372000,372000,False,0,0,False,0,0,0.0,0.0,0.0,0.0
Isaiah,26,18,Isaiah 26:18 bible,False,388000,388000,False,0,0,False,0,0,0.0,0.0,0.0,0.0
Isaiah,26,19,Isaiah 26:19 bible,False,386000,386000,False,0,0,False,0,0,0.0,0.0,0.0,0.0
Isaiah,26,20,Isaiah 26:20 bible,False,387000,387000,False,0,0,False,0,0,0.0,0.0,0.0,0.0
Isaiah,26,21,Isaiah 26:21 bible,True,40,0,False,0,0,False,0,0,0.0,0.0,0.0,0.0
Isaiah,27,1,Isaiah 27:1 bible,True,131,0,False,0,0,False,0,0,0.0,0.0,0.0,0.0
Isaiah,27,2,Isaiah 27:2 bible,False,435000,435000,False,0,0,False,0,0,0.0,0.0,0.0,0.0
Isaiah,27,3,Isaiah 27:3 bible,True,0,0,False,0,0,False,0,0,0.0,0.0,0.0,0.0
Isaiah,27,4,Isaiah 27:4 bible,True,38,396000,False,0,0,False,0,0,0.0,0.0,0.0,0.0
Isaiah,27,5,Isaiah 27:5 bible,False,389000,389000,True,9,9,True,9,9,,,,
Isaiah,27,6,Isaiah 27:6 bible,False,388000,388000,True,8,8,True,8,8,,,,
Isaiah,27,7,Isaiah 27:7 bible,True,42,0,False,0,0,False,0,0,0.0,0.0,0.0,0.0
Isaiah,27,8,Isaiah 27:8 bible,False,384000,384000,True,9,9,True,9,9,,,,
Isaiah,27,9,Isaiah 27:9 bible,False,387000,387000,True,8,8,True,8,8,,,,
Isaiah,27,10,Isaiah 27:10 bible,False,387000,387000,True,10,10,True,10,10,,,,
Isaiah,27,11,Isaiah 27:11 bible,True,38,0,False,0,0,False,0,0,0.0,0.0,0.0,0.0
Isaiah,27,12,Isaiah 27:12 bible,False,386000,386000,True,9,9,True,9,9,,,,
Isaiah,27,13,Isaiah 27:13 bible,False,389000,389000,True,9,9,True,9,9,,,,
Isaiah,28,1,Isaiah 28:1 bible,False,847000,847000,False,0,0,False,0,0,0.0,0.0,0.0,0.0
Isaiah,28,2,Isaiah 28:2 bible,False,573000,573000,False,0,0,False,0,0,0.0,0.0,0.0,0.0
Isaiah,28,3,Isaiah 28:3 bible,True,140,393000,False,0,0,False,0,0,0.0,0.0,0.0,0.0
Isaiah,28,4,Isaiah 28:4 bible,False,386000,386000,True,9,9,True,9,9,,,,
Isaiah,28,5,Isaiah 28:5 bible,True,39,389000,False,0,0,False,0,0,0.0,0.0,0.0,0.0
Isaiah,28,6,Isaiah 28:6 bible,False,534000,534000,False,0,0,False,0,0,0.0,0.0,0.0,0.0
Isaiah,28,7,Isaiah 28:7 bible,False,619000,619000,False,0,0,False,0,0,0.0,0.0,0.0,0.0
Isaiah,28,8,Isaiah 28:8 bible,False,388000,388000,False,0,0,False,0,0,0.0,0.0,0.0,0.0
Isaiah,28,9,Isaiah 28:9 bible,False,423000,423000,True,9,9,True,9,9,,,,
Isaiah,28,10,Isaiah 28:10 bible,False,388000,388000,False,0,0,False,0,0,0.0,0.0,0.0,0.0
Isaiah,28,11,Isaiah 28:11 bible,True,140,0,False,0,0,False,0,0,0.0,0.0,0.0,0.0
Isaiah,28,12,Isaiah 28:12 bible,False,449000,449000,True,9,9,True,9,9,,,,
Isaiah,28,13,Isaiah 28:13 bible,False,591000,591000,False,0,0,False,0,0,0.0,0.0,0.0,0.0
Isaiah,28,14,Isaiah 28:14 bible,False,380000,380000,True,9,9,True,9,9,,,,
Isaiah,28,15,Isaiah 28:15 bible,False,394000,394000,False,0,0,False,0,0,0.0,0.0,0.0,0.0
Isaiah,28,16,Isaiah 28:16 bible,False,480000,480000,True,8,8,True,8,8,,,,
Isaiah,28,17,Isaiah 28:17 bible,False,386000,386000,False,0,0,False,0,0,0.0,0.0,0.0,0.0
Isaiah,28,18,Isaiah 28:18 bible,False,719000,719000,False,0,0,False,0,0,0.0,0.0,0.0,0.0
Isaiah,28,19,Isaiah 28:19 bible,False,1030000,1030000,True,9,9,True,9,9,,,,
Isaiah,28,20,Isaiah 28:20 bible,False,749000,749000,True,9,9,True,9,9,,,,
Isaiah,28,21,Isaiah 28:21 bible,False,210000,210000,True,9,9,True,9,9,,,,
Isaiah,28,22,Isaiah 28:22 bible,False,230000,230000,True,9,9,True,9,9,,,,
Isaiah,28,23,Isaiah 28:23 bible,False,270000,270000,False,0,0,False,0,0,0.0,0.0,0.0,0.0
Isaiah,28,24,Isaiah 28:24 bible,False,204000,204000,False,0,0,False,0,0,0.0,0.0,0.0,0.0
Isaiah,28,25,Isaiah 28:25 bible,True,39,0,False,0,0,False,0,0,0.0,0.0,0.0,0.0
Isaiah,28,26,Isaiah 28:26 bible,False,386000,386000,True,8,8,True,8,8,,,,
Isaiah,28,27,Isaiah 28:27 bible,True,41,343000,False,0,0,False,0,0,0.0,0.0,0.0,0.0
Isaiah,28,28,Isaiah 28:28 bible,False,388000,388000,True,8,8,True,8,8,,,,
Isaiah,28,29,Isaiah 28:29 bible,False,1800000,1800000,False,0,0,False,0,0,0.0,0.0,0.0,0.0
Isaiah,29,1,Isaiah 29:1 bible,False,511000,511000,False,0,0,False,0,0,0.0,0.0,0.0,0.0
Isaiah,29,2,Isaiah 29:2 bible,False,408000,408000,False,0,0,False,0,0,0.0,0.0,0.0,0.0
Isaiah,29,3,Isaiah 29:3 bible,False,386000,386000,True,8,8,True,8,8,,,,
Isaiah,29,4,Isaiah 29:4 bible,False,386000,386000,True,9,9,True,9,9,,,,
Isaiah,29,5,Isaiah 29:5 bible,False,282000,282000,True,8,8,True,8,8,,,,
Isaiah,29,6,Isaiah 29:6 bible,False,300000,300000,False,0,0,False,0,0,0.0,0.0,0.0,0.0
Isaiah,29,7,Isaiah 29:7 bible,False,353000,353000,True,9,9,True,9,9,,,,
Isaiah,29,8,Isaiah 29:8 bible,False,209000,209000,True,9,9,True,9,9,,,,
Isaiah,29,9,Isaiah 29:9 bible,True,39,298000,False,0,0,False,0,0,0.0,0.0,0.0,0.0
Isaiah,29,10,Isaiah 29:10 bible,False,387000,387000,True,8,8,True,8,8,,,,
Isaiah,29,11,Isaiah 29:11 bible,False,2380000,2380000,True,8,8,True,8,8,,,,
Isaiah,29,12,Isaiah 29:12 bible,False,389000,389000,True,8,8,True,8,8,,,,
Isaiah,29,13,Isaiah 29:13 bible,False,564000,564000,False,0,0,False,0,0,0.0,0.0,0.0,0.0
Isaiah,29,14,Isaiah 29:14 bible,False,284000,284000,True,8,8,True,8,8,,,,
Isaiah,29,15,Isaiah 29:15 bible,False,286000,286000,True,8,8,True,8,8,,,,
Isaiah,29,16,Isaiah 29:16 bible,False,197000,197000,True,8,8,True,8,8,,,,
Isaiah,29,17,Isaiah 29:17 bible,False,241000,241000,False,0,0,False,0,0,0.0,0.0,0.0,0.0
Isaiah,29,18,Isaiah 29:18 bible,False,388000,388000,True,8,8,True,8,8,,,,
Isaiah,29,19,Isaiah 29:19 bible,True,138,0,False,0,0,False,0,0,0.0,0.0,0.0,0.0
Isaiah,29,20,Isaiah 29:20 bible,True,137,229000,False,0,0,False,0,0,0.0,0.0,0.0,0.0
Isaiah,29,21,Isaiah 29:21 bible,False,149000,149000,False,0,0,False,0,0,0.0,0.0,0.0,0.0
Isaiah,29,22,Isaiah 29:22 bible,False,204000,204000,False,0,0,False,0,0,0.0,0.0,0.0,0.0
Isaiah,29,23,Isaiah 29:23 bible,False,291000,291000,True,9,9,True,9,9,,,,
Isaiah,29,24,Isaiah 29:24 bible,False,169000,169000,True,9,9,True,9,9,,,,
Isaiah,30,1,Isaiah 30:1 bible,False,609000,609000,True,8,8,True,8,8,,,,
Isaiah,30,2,Isaiah 30:2 bible,False,424000,424000,False,0,0,False,0,0,0.0,0.0,0.0,0.0
Isaiah,30,3,Isaiah 30:3 bible,False,387000,387000,False,0,0,False,0,0,0.0,0.0,0.0,0.0
Isaiah,30,4,Isaiah 30:4 bible,False,388000,388000,False,0,0,False,0,0,0.0,0.0,0.0,0.0
Isaiah,30,5,Isaiah 30:5 bible,False,652000,652000,False,0,0,False,0,0,0.0,0.0,0.0,0.0
Isaiah,30,6,Isaiah 30:6 bible,False,396000,396000,False,0,0,False,0,0,0.0,0.0,0.0,0.0
Isaiah,30,7,Isaiah 30:7 bible,False,388000,388000,True,9,9,True,9,9,,,,
Isaiah,30,8,Isaiah 30:8 bible,False,397000,397000,True,9,9,True,9,9,,,,
Isaiah,30,9,Isaiah 30:9 bible,False,387000,387000,True,9,9,True,9,9,,,,
Isaiah,30,10,Isaiah 30:10 bible,True,41,387000,False,0,0,False,0,0,0.0,0.0,0.0,0.0
Isaiah,30,11,Isaiah 30:11 bible,False,391000,391000,True,8,8,True,8,8,,,,
Isaiah,30,12,Isaiah 30:12 bible,True,138,348000,False,0,0,False,0,0,0.0,0.0,0.0,0.0
Isaiah,30,13,Isaiah 30:13 bible,True,40,159000,False,0,0,False,0,0,0.0,0.0,0.0,0.0
Isaiah,30,14,Isaiah 30:14 bible,False,232000,232000,True,9,9,True,9,9,,,,
Isaiah,30,15,Isaiah 30:15 bible,False,391000,391000,False,0,0,False,0,0,0.0,0.0,0.0,0.0
Isaiah,30,16,Isaiah 30:16 bible,False,270000,270000,True,9,9,True,9,9,,,,
Isaiah,30,17,Isaiah 30:17 bible,False,408000,408000,True,9,9,True,9,9,,,,
Isaiah,30,18,Isaiah 30:18 bible,True,43,392000,False,0,0,False,0,0,0.0,0.0,0.0,0.0
Isaiah,30,19,Isaiah 30:19 bible,False,400000,400000,False,0,0,False,0,0,0.0,0.0,0.0,0.0
Isaiah,30,20,Isaiah 30:20 bible,False,347000,347000,False,0,0,False,0,0,0.0,0.0,0.0,0.0
Isaiah,30,21,Isaiah 30:21 bible,False,416000,416000,True,6,6,True,6,6,,,,
Isaiah,30,22,Isaiah 30:22 bible,False,266000,266000,True,9,9,True,9,9,,,,
Isaiah,30,23,Isaiah 30:23 bible,False,197000,197000,True,9,9,True,9,9,,,,
Isaiah,30,24,Isaiah 30:24 bible,False,178000,178000,True,9,9,True,9,9,,,,
Isaiah,30,25,Isaiah 30:25 bible,False,194000,194000,True,9,9,True,9,9,,,,
Isaiah,30,26,Isaiah 30:26 bible,False,208000,208000,True,9,9,True,9,9,,,,
Isaiah,30,27,Isaiah 30:27 bible,False,186000,186000,True,9,9,True,9,9,,,,
Isaiah,30,28,Isaiah 30:28 bible,False,211000,211000,True,8,8,True,8,8,,,,
Isaiah,30,29,Isaiah 30:29 bible,False,175000,175000,False,0,0,False,0,0,0.0,0.0,0.0,0.0
Isaiah,30,30,Isaiah 30:30 bible,False,359000,359000,True,8,8,True,8,8,,,,
Isaiah,30,31,Isaiah 30:31 bible,False,1200000,1200000,True,8,8,True,8,8,,,,
Isaiah,30,32,Isaiah 30:32 bible,True,41,402000,False,0,0,False,0,0,0.0,0.0,0.0,0.0
Isaiah,30,33,Isaiah 30:33 bible,False,390000,390000,True,8,8,True,8,8,,,,
Isaiah,31,1,Isaiah 31:1 bible,False,585000,585000,True,7,7,True,7,7,,,,
Isaiah,31,2,Isaiah 31:2 bible,False,393000,393000,True,8,8,True,8,8,,,,
Isaiah,31,3,Isaiah 31:3 bible,False,572000,572000,False,0,0,False,0,0,0.0,0.0,0.0,0.0
Isaiah,31,4,Isaiah 31:4 bible,False,344000,344000,True,9,9,True,9,9,,,,
Isaiah,31,5,Isaiah 31:5 bible,False,373000,373000,False,0,0,False,0,0,0.0,0.0,0.0,0.0
Isaiah,31,6,Isaiah 31:6 bible,False,680000,680000,True,10,10,True,10,10,,,,
Isaiah,31,7,Isaiah 31:7 bible,True,41,322000,False,0,0,False,0,0,0.0,0.0,0.0,0.0
Isaiah,31,8,Isaiah 31:8 bible,False,571000,571000,False,0,0,False,0,0,0.0,0.0,0.0,0.0
Isaiah,31,9,Isaiah 31:9 bible,True,43,384000,False,0,0,False,0,0,0.0,0.0,0.0,0.0
Isaiah,32,1,Isaiah 32:1 bible,False,505000,505000,True,8,8,True,8,8,,,,
Isaiah,32,2,Isaiah 32:2 bible,False,387000,387000,False,0,0,False,0,0,0.0,0.0,0.0,0.0
Isaiah,32,3,Isaiah 32:3 bible,True,136,385000,False,0,0,False,0,0,0.0,0.0,0.0,0.0
Isaiah,32,4,Isaiah 32:4 bible,False,387000,387000,True,9,9,True,9,9,,,,
Isaiah,32,5,Isaiah 32:5 bible,False,384000,384000,True,8,8,True,8,8,,,,
Isaiah,32,6,Isaiah 32:6 bible,False,301000,301000,False,0,0,False,0,0,0.0,0.0,0.0,0.0
Isaiah,32,7,Isaiah 32:7 bible,False,389000,389000,True,9,9,True,9,9,,,,
Isaiah,32,8,Isaiah 32:8 bible,False,579000,579000,True,8,8,True,8,8,,,,
Isaiah,32,9,Isaiah 32:9 bible,False,256000,256000,False,0,0,False,0,0,0.0,0.0,0.0,0.0
Isaiah,32,10,Isaiah 32:10 bible,False,319000,319000,True,9,9,True,9,9,,,,
Isaiah,32,11,Isaiah 32:11 bible,False,295000,295000,True,9,9,True,9,9,,,,
Isaiah,32,12,Isaiah 32:12 bible,False,157000,157000,False,0,0,False,0,0,0.0,0.0,0.0,0.0
Isaiah,32,13,Isaiah 32:13 bible,False,188000,188000,True,9,9,True,9,9,,,,
Isaiah,32,14,Isaiah 32:14 bible,False,152000,152000,False,0,0,False,0,0,0.0,0.0,0.0,0.0
Isaiah,32,15,Isaiah 32:15 bible,False,298000,298000,True,8,8,True,8,8,,,,
Isaiah,32,16,Isaiah 32:16 bible,False,139000,139000,True,9,9,True,9,9,,,,
Isaiah,32,17,Isaiah 32:17 bible,False,391000,391000,True,8,8,True,8,8,,,,
Isaiah,32,18,Isaiah 32:18 bible,True,20,245000,False,0,0,False,0,0,0.0,0.0,0.0,0.0
Isaiah,32,19,Isaiah 32:19 bible,False,174000,174000,False,0,0,False,0,0,0.0,0.0,0.0,0.0
Isaiah,32,20,Isaiah 32:20 bible,False,148000,148000,True,8,8,True,8,8,,,,
Isaiah,33,1,Isaiah 33:1 bible,False,393000,393000,False,0,0,False,0,0,0.0,0.0,0.0,0.0
Isaiah,33,2,Isaiah 33:2 bible,False,390000,390000,True,8,8,True,8,8,,,,
Isaiah,33,3,Isaiah 33:3 bible,False,679000,679000,True,9,9,True,9,9,,,,
Isaiah,33,4,Isaiah 33:4 bible,True,131,0,False,0,0,False,0,0,0.0,0.0,0.0,0.0
Isaiah,33,5,Isaiah 33:5 bible,True,44,284000,False,0,0,False,0,0,0.0,0.0,0.0,0.0
Isaiah,33,6,Isaiah 33:6 bible,False,399000,399000,False,0,0,False,0,0,0.0,0.0,0.0,0.0
Isaiah,33,7,Isaiah 33:7 bible,False,278000,278000,True,9,9,True,9,9,,,,
Isaiah,33,8,Isaiah 33:8 bible,False,263000,263000,True,9,9,True,9,9,,,,
Isaiah,33,9,Isaiah 33:9 bible,True,40,295000,False,0,0,False,0,0,0.0,0.0,0.0,0.0
Isaiah,33,10,Isaiah 33:10 bible,False,279000,279000,True,8,8,True,8,8,,,,
Isaiah,33,11,Isaiah 33:11 bible,False,393000,393000,True,9,9,True,9,9,,,,
Isaiah,33,12,Isaiah 33:12 bible,False,389000,389000,False,0,0,False,0,0,0.0,0.0,0.0,0.0
Isaiah,33,13,Isaiah 33:13 bible,False,308000,308000,False,0,0,False,0,0,0.0,0.0,0.0,0.0
Isaiah,33,14,Isaiah 33:14 bible,False,394000,394000,True,9,9,True,9,9,,,,
Isaiah,33,15,Isaiah 33:15 bible,True,137,0,False,0,0,False,0,0,0.0,0.0,0.0,0.0
Isaiah,33,16,Isaiah 33:16 bible,False,271000,271000,True,9,9,True,9,9,,,,
Isaiah,33,17,Isaiah 33:17 bible,False,295000,295000,True,8,8,True,8,8,,,,
Isaiah,33,18,Isaiah 33:18 bible,False,387000,387000,True,9,9,True,9,9,,,,
Isaiah,33,19,Isaiah 33:19 bible,True,40,327000,False,0,0,False,0,0,0.0,0.0,0.0,0.0
Isaiah,33,20,Isaiah 33:20 bible,False,387000,387000,True,9,9,True,9,9,,,,
Isaiah,33,21,Isaiah 33:21 bible,False,185000,185000,True,10,10,True,10,10,,,,
Isaiah,33,22,Isaiah 33:22 bible,False,339000,339000,True,9,9,True,9,9,,,,
Isaiah,33,23,Isaiah 33:23 bible,False,177000,177000,True,9,9,True,9,9,,,,
Isaiah,33,24,Isaiah 33:24 bible,False,235000,235000,False,0,0,False,0,0,0.0,0.0,0.0,0.0
Isaiah,34,1,Isaiah 34:1 bible,False,596000,596000,True,8,8,True,8,8,,,,
Isaiah,34,2,Isaiah 34:2 bible,False,386000,386000,False,0,0,False,0,0,0.0,0.0,0.0,0.0
Isaiah,34,3,Isaiah 34:3 bible,False,275000,275000,True,9,9,True,9,9,,,,
Isaiah,34,4,Isaiah 34:4 bible,False,393000,393000,True,9,9,True,9,9,,,,
Isaiah,34,5,Isaiah 34:5 bible,False,387000,387000,False,0,0,False,0,0,0.0,0.0,0.0,0.0
Isaiah,34,6,Isaiah 34:6 bible,False,389000,389000,True,8,8,True,8,8,,,,
Isaiah,34,7,Isaiah 34:7 bible,True,141,0,False,0,0,False,0,0,0.0,0.0,0.0,0.0
Isaiah,34,8,Isaiah 34:8 bible,False,399000,399000,False,0,0,False,0,0,0.0,0.0,0.0,0.0
Isaiah,34,9,Isaiah 34:9 bible,False,307000,307000,False,0,0,False,0,0,0.0,0.0,0.0,0.0
Isaiah,34,10,Isaiah 34:10 bible,False,388000,388000,True,9,9,True,9,9,,,,
Isaiah,34,11,Isaiah 34:11 bible,False,359000,359000,False,0,0,False,0,0,0.0,0.0,0.0,0.0
Isaiah,34,12,Isaiah 34:12 bible,False,225000,225000,True,9,9,True,9,9,,,,
Isaiah,34,13,Isaiah 34:13 bible,False,214000,214000,True,9,9,True,9,9,,,,
Isaiah,34,14,Isaiah 34:14 bible,False,388000,388000,False,0,0,False,0,0,0.0,0.0,0.0,0.0
Isaiah,34,15,Isaiah 34:15 bible,True,38,0,False,0,0,False,0,0,0.0,0.0,0.0,0.0
Isaiah,34,16,Isaiah 34:16 bible,False,355000,355000,True,8,8,True,8,8,,,,
Isaiah,34,17,Isaiah 34:17 bible,True,39,386000,False,0,0,False,0,0,0.0,0.0,0.0,0.0
Isaiah,35,1,Isaiah 35:1 bible,False,411000,411000,True,8,8,True,8,8,,,,
Isaiah,35,2,Isaiah 35:2 bible,False,387000,387000,True,9,9,True,9,9,,,,
Isaiah,35,3,Isaiah 35:3 bible,False,286000,286000,True,8,8,True,8,8,,,,
Isaiah,35,4,Isaiah 35:4 bible,True,40,387000,False,0,0,False,0,0,0.0,0.0,0.0,0.0
Isaiah,35,5,Isaiah 35:5 bible,False,351000,351000,False,0,0,False,0,0,0.0,0.0,0.0,0.0
Isaiah,35,6,Isaiah 35:6 bible,True,40,0,False,0,0,False,0,0,0.0,0.0,0.0,0.0
Isaiah,35,7,Isaiah 35:7 bible,False,145000,145000,True,9,9,True,9,9,,,,
Isaiah,35,8,Isaiah 35:8 bible,False,292000,292000,True,8,8,True,8,8,,,,
Isaiah,35,9,Isaiah 35:9 bible,False,206000,206000,True,9,9,True,9,9,,,,
Isaiah,35,10,Isaiah 35:10 bible,False,366000,366000,True,8,8,True,8,8,,,,
Isaiah,36,1,Isaiah 36:1 bible,False,386000,386000,False,0,0,False,0,0,0.0,0.0,0.0,0.0
Isaiah,36,2,Isaiah 36:2 bible,False,260000,260000,True,9,9,True,9,9,,,,
Isaiah,36,3,Isaiah 36:3 bible,False,169000,169000,True,9,9,True,9,9,,,,
Isaiah,36,4,Isaiah 36:4 bible,False,141000,141000,True,8,8,True,8,8,,,,
Isaiah,36,5,Isaiah 36:5 bible,False,342000,342000,False,0,0,False,0,0,0.0,0.0,0.0,0.0
Isaiah,36,6,Isaiah 36:6 bible,False,174000,174000,True,9,9,True,9,9,,,,
Isaiah,36,7,Isaiah 36:7 bible,False,256000,256000,True,8,8,True,8,8,,,,
Isaiah,36,8,Isaiah 36:8 bible,False,177000,177000,True,8,8,True,8,8,,,,
Isaiah,36,9,Isaiah 36:9 bible,False,288000,288000,True,9,9,True,9,9,,,,
Isaiah,36,10,Isaiah 36:10 bible,False,133000,133000,True,9,9,True,9,9,,,,
Isaiah,36,11,Isaiah 36:11 bible,True,40,0,False,0,0,False,0,0,0.0,0.0,0.0,0.0
Isaiah,36,12,Isaiah 36:12 bible,False,91000,91000,False,0,0,False,0,0,0.0,0.0,0.0,0.0
Isaiah,36,13,Isaiah 36:13 bible,True,0,76400,False,0,0,False,0,0,0.0,0.0,0.0,0.0
Isaiah,36,14,Isaiah 36:14 bible,False,98200,98200,True,8,8,True,8,8,,,,
Isaiah,36,15,Isaiah 36:15 bible,False,117000,117000,True,8,8,True,8,8,,,,
Isaiah,36,16,Isaiah 36:16 bible,False,135000,135000,True,9,9,True,9,9,,,,
Isaiah,36,17,Isaiah 36:17 bible,False,101000,101000,False,0,0,False,0,0,0.0,0.0,0.0,0.0
Isaiah,36,18,Isaiah 36:18 bible,False,58700,58700,True,8,8,True,8,8,,,,
Isaiah,36,19,Isaiah 36:19 bible,False,118000,118000,True,8,8,True,8,8,,,,
Isaiah,36,20,Isaiah 36:20 bible,False,82900,82900,True,9,9,True,9,9,,,,
Isaiah,36,21,Isaiah 36:21 bible,False,78700,78700,True,8,8,True,8,8,,,,
Isaiah,36,22,Isaiah 36:22 bible,False,178000,178000,True,9,9,True,9,9,,,,
Isaiah,37,1,Isaiah 37:1 bible,False,403000,403000,False,0,0,False,0,0,0.0,0.0,0.0,0.0
Isaiah,37,2,Isaiah 37:2 bible,False,295000,295000,False,0,0,False,0,0,0.0,0.0,0.0,0.0
Isaiah,37,3,Isaiah 37:3 bible,False,389000,389000,True,8,8,True,8,8,,,,
Isaiah,37,4,Isaiah 37:4 bible,True,0,571000,False,0,0,False,0,0,0.0,0.0,0.0,0.0
Isaiah,37,5,Isaiah 37:5 bible,False,469000,469000,True,8,8,True,8,8,,,,
Isaiah,37,6,Isaiah 37:6 bible,False,196000,196000,False,0,0,False,0,0,0.0,0.0,0.0,0.0
Isaiah,37,7,Isaiah 37:7 bible,False,388000,388000,True,8,8,True,8,8,,,,
Isaiah,37,8,Isaiah 37:8 bible,True,0,205000,False,0,0,False,0,0,0.0,0.0,0.0,0.0
Isaiah,37,9,Isaiah 37:9 bible,False,284000,284000,True,9,9,True,9,9,,,,
Isaiah,37,10,Isaiah 37:10 bible,False,195000,195000,True,9,9,True,9,9,,,,
Isaiah,37,11,Isaiah 37:11 bible,True,140,216000,False,0,0,False,0,0,0.0,0.0,0.0,0.0
Isaiah,37,12,Isaiah 37:12 bible,False,282000,282000,True,9,9,True,9,9,,,,
Isaiah,37,13,Isaiah 37:13 bible,False,103000,103000,False,0,0,False,0,0,0.0,0.0,0.0,0.0
Isaiah,37,14,Isaiah 37:14 bible,False,167000,167000,False,0,0,False,0,0,0.0,0.0,0.0,0.0
Isaiah,37,15,Isaiah 37:15 bible,False,140000,140000,True,9,9,True,9,9,,,,
Isaiah,37,16,Isaiah 37:16 bible,False,192000,192000,True,9,9,True,9,9,,,,
Isaiah,37,17,Isaiah 37:17 bible,False,178000,178000,True,8,8,True,8,8,,,,
Isaiah,37,18,Isaiah 37:18 bible,True,143,178000,False,0,0,False,0,0,0.0,0.0,0.0,0.0
Isaiah,37,19,Isaiah 37:19 bible,False,217000,217000,True,8,8,True,8,8,,,,
Isaiah,37,20,Isaiah 37:20 bible,False,121000,121000,True,8,8,True,8,8,,,,
Isaiah,37,21,Isaiah 37:21 bible,False,178000,178000,True,8,8,True,8,8,,,,
Isaiah,37,22,Isaiah 37:22 bible,False,162000,162000,True,9,9,True,9,9,,,,
Isaiah,37,23,Isaiah 37:23 bible,False,416000,416000,True,8,8,True,8,8,,,,
Isaiah,37,24,Isaiah 37:24 bible,True,134,257000,False,0,0,False,0,0,0.0,0.0,0.0,0.0
Isaiah,37,25,Isaiah 37:25 bible,True,38,359000,False,0,0,False,0,0,0.0,0.0,0.0,0.0
Isaiah,37,26,Isaiah 37:26 bible,False,158000,158000,True,8,8,True,8,8,,,,
Isaiah,37,27,Isaiah 37:27 bible,False,193000,193000,True,8,8,True,8,8,,,,
Isaiah,37,28,Isaiah 37:28 bible,False,168000,168000,True,8,8,True,8,8,,,,
Isaiah,37,29,Isaiah 37:29 bible,False,135000,135000,True,8,8,True,8,8,,,,
Isaiah,37,30,Isaiah 37:30 bible,False,122000,122000,False,0,0,False,0,0,0.0,0.0,0.0,0.0
Isaiah,37,31,Isaiah 37:31 bible,False,125000,125000,False,0,0,False,0,0,0.0,0.0,0.0,0.0
Isaiah,37,32,Isaiah 37:32 bible,False,65800,65800,False,0,0,False,0,0,0.0,0.0,0.0,0.0
Isaiah,37,33,Isaiah 37:33 bible,False,65200,65200,True,9,9,True,9,9,,,,
Isaiah,37,34,Isaiah 37:34 bible,False,121000,121000,True,8,8,True,8,8,,,,
Isaiah,37,35,Isaiah 37:35 bible,False,107000,107000,True,8,8,True,8,8,,,,
Isaiah,37,36,Isaiah 37:36 bible,True,130,0,False,0,0,False,0,0,0.0,0.0,0.0,0.0
Isaiah,37,37,Isaiah 37:37 bible,False,190000,190000,False,0,0,False,0,0,0.0,0.0,0.0,0.0
Isaiah,37,38,Isaiah 37:38 bible,False,743000,743000,True,9,9,True,9,9,,,,
Isaiah,38,1,Isaiah 38:1 bible,True,135,0,False,0,0,False,0,0,0.0,0.0,0.0,0.0
Isaiah,38,2,Isaiah 38:2 bible,True,40,310000,False,0,0,False,0,0,0.0,0.0,0.0,0.0
Isaiah,38,3,Isaiah 38:3 bible,False,229000,229000,True,8,8,True,8,8,,,,
Isaiah,38,4,Isaiah 38:4 bible,False,324000,324000,True,8,8,True,8,8,,,,
Isaiah,38,5,Isaiah 38:5 bible,True,41,0,False,0,0,False,0,0,0.0,0.0,0.0,0.0
Isaiah,38,6,Isaiah 38:6 bible,False,143000,143000,True,8,8,True,8,8,,,,
Isaiah,38,7,Isaiah 38:7 bible,False,247000,247000,True,9,9,True,9,9,,,,
Isaiah,38,8,Isaiah 38:8 bible,False,233000,233000,True,8,8,True,8,8,,,,
Isaiah,38,9,Isaiah 38:9 bible,False,155000,155000,True,8,8,True,8,8,,,,
Isaiah,38,10,Isaiah 38:10 bible,False,199000,199000,True,8,8,True,8,8,,,,
Isaiah,38,11,Isaiah 38:11 bible,False,117000,117000,False,0,0,False,0,0,0.0,0.0,0.0,0.0
Isaiah,38,12,Isaiah 38:12 bible,False,251000,251000,True,9,9,True,9,9,,,,
Isaiah,38,13,Isaiah 38:13 bible,False,93700,93700,False,0,0,False,0,0,0.0,0.0,0.0,0.0
Isaiah,38,14,Isaiah 38:14 bible,False,125000,125000,True,9,9,True,9,9,,,,
Isaiah,38,15,Isaiah 38:15 bible,False,99800,99800,True,9,9,True,9,9,,,,
Isaiah,38,16,Isaiah 38:16 bible,False,169000,169000,True,8,8,True,8,8,,,,
Isaiah,38,17,Isaiah 38:17 bible,True,44,0,False,0,0,False,0,0,0.0,0.0,0.0,0.0
Isaiah,38,18,Isaiah 38:18 bible,False,182000,182000,True,9,9,True,9,9,,,,
Isaiah,38,19,Isaiah 38:19 bible,False,113000,113000,True,8,8,True,8,8,,,,
Isaiah,38,20,Isaiah 38:20 bible,False,95600,95600,True,9,9,True,9,9,,,,
Isaiah,38,21,Isaiah 38:21 bible,False,79500,79500,False,0,0,False,0,0,0.0,0.0,0.0,0.0
Isaiah,38,22,Isaiah 38:22 bible,False,204000,204000,True,9,9,True,9,9,,,,
Isaiah,39,1,Isaiah 39:1 bible,False,387000,387000,True,8,8,True,8,8,,,,
Isaiah,39,2,Isaiah 39:2 bible,True,35,0,False,0,0,False,0,0,0.0,0.0,0.0,0.0
Isaiah,39,3,Isaiah 39:3 bible,True,0,207000,False,0,0,False,0,0,0.0,0.0,0.0,0.0
Isaiah,39,4,Isaiah 39:4 bible,False,304000,304000,True,8,8,True,8,8,,,,
Isaiah,39,5,Isaiah 39:5 bible,False,164000,164000,False,0,0,False,0,0,0.0,0.0,0.0,0.0
Isaiah,39,6,Isaiah 39:6 bible,False,166000,166000,False,0,0,False,0,0,0.0,0.0,0.0,0.0
Isaiah,39,7,Isaiah 39:7 bible,True,41,278000,False,0,0,False,0,0,0.0,0.0,0.0,0.0
Isaiah,39,8,Isaiah 39:8 bible,False,128000,128000,True,8,8,True,8,8,,,,
Isaiah,40,1,Isaiah 40:1 bible,False,498000,498000,False,0,0,False,0,0,0.0,0.0,0.0,0.0
Isaiah,40,2,Isaiah 40:2 bible,False,388000,388000,True,8,8,True,8,8,,,,
Isaiah,40,3,Isaiah 40:3 bible,False,390000,390000,True,8,8,True,8,8,,,,
Isaiah,40,4,Isaiah 40:4 bible,False,333000,333000,True,8,8,True,8,8,,,,
Isaiah,40,5,Isaiah 40:5 bible,False,316000,316000,False,0,0,False,0,0,0.0,0.0,0.0,0.0
Isaiah,40,6,Isaiah 40:6 bible,False,294000,294000,False,0,0,False,0,0,0.0,0.0,0.0,0.0
Isaiah,40,7,Isaiah 40:7 bible,True,38,213000,False,0,0,False,0,0,0.0,0.0,0.0,0.0
Isaiah,40,8,Isaiah 40:8 bible,False,463000,463000,False,0,0,False,0,0,0.0,0.0,0.0,0.0
Isaiah,40,9,Isaiah 40:9 bible,False,235000,235000,True,8,8,True,8,8,,,,
Isaiah,40,10,Isaiah 40:10 bible,True,20,0,False,0,0,False,0,0,0.0,0.0,0.0,0.0
Isaiah,40,11,Isaiah 40:11 bible,False,373000,373000,True,6,6,True,6,6,,,,
Isaiah,40,12,Isaiah 40:12 bible,True,41,0,False,0,0,False,0,0,0.0,0.0,0.0,0.0
Isaiah,40,13,Isaiah 40:13 bible,False,226000,226000,False,0,0,False,0,0,0.0,0.0,0.0,0.0
Isaiah,40,14,Isaiah 40:14 bible,True,139,125000,False,0,0,False,0,0,0.0,0.0,0.0,0.0
Isaiah,40,15,Isaiah 40:15 bible,False,134000,134000,True,8,8,True,8,8,,,,
Isaiah,40,16,Isaiah 40:16 bible,False,114000,114000,True,10,10,True,10,10,,,,
Isaiah,40,17,Isaiah 40:17 bible,False,148000,148000,False,0,0,False,0,0,0.0,0.0,0.0,0.0
Isaiah,40,18,Isaiah 40:18 bible,True,26,0,False,0,0,False,0,0,0.0,0.0,0.0,0.0
Isaiah,40,19,Isaiah 40:19 bible,True,194,70200,False,0,0,False,0,0,0.0,0.0,0.0,0.0
Isaiah,40,20,Isaiah 40:20 bible,True,38,91100,False,0,0,False,0,0,0.0,0.0,0.0,0.0
Isaiah,40,21,Isaiah 40:21 bible,False,108000,108000,True,8,8,True,8,8,,,,
Isaiah,40,22,Isaiah 40:22 bible,False,192000,192000,False,0,0,False,0,0,0.0,0.0,0.0,0.0
Isaiah,40,23,Isaiah 40:23 bible,False,69700,69700,False,0,0,False,0,0,0.0,0.0,0.0,0.0
Isaiah,40,24,Isaiah 40:24 bible,False,43400,43400,True,9,9,True,9,9,,,,
Isaiah,40,25,Isaiah 40:25 bible,False,135000,135000,True,8,8,True,8,8,,,,
Isaiah,40,26,Isaiah 40:26 bible,False,163000,163000,False,0,0,False,0,0,0.0,0.0,0.0,0.0
Isaiah,40,27,Isaiah 40:27 bible,False,92300,92300,True,9,9,True,9,9,,,,
Isaiah,40,28,Isaiah 40:28 bible,False,391000,391000,True,8,8,True,8,8,,,,
Isaiah,40,29,Isaiah 40:29 bible,False,426000,426000,True,8,8,True,8,8,,,,
Isaiah,40,30,Isaiah 40:30 bible,False,273000,273000,True,9,9,True,9,9,,,,
Isaiah,40,31,Isaiah 40:31 bible,False,1600000,1600000,True,7,7,True,7,7,,,,
Isaiah,41,1,Isaiah 41:1 bible,False,388000,388000,True,8,8,True,8,8,,,,
Isaiah,41,2,Isaiah 41:2 bible,True,40,243000,False,0,0,False,0,0,0.0,0.0,0.0,0.0
Isaiah,41,3,Isaiah 41:3 bible,True,0,203000,False,0,0,False,0,0,0.0,0.0,0.0,0.0
Isaiah,41,4,Isaiah 41:4 bible,True,43,253000,False,0,0,False,0,0,0.0,0.0,0.0,0.0
Isaiah,41,5,Isaiah 41:5 bible,False,104000,104000,True,9,9,True,9,9,,,,
Isaiah,41,6,Isaiah 41:6 bible,False,91800,91800,False,0,0,False,0,0,0.0,0.0,0.0,0.0
Isaiah,41,7,Isaiah 41:7 bible,False,72300,72300,True,9,9,True,9,9,,,,
Isaiah,41,8,Isaiah 41:8 bible,True,40,272000,False,0,0,False,0,0,0.0,0.0,0.0,0.0
Isaiah,41,9,Isaiah 41:9 bible,False,319000,319000,True,8,8,True,8,8,,,,
Isaiah,41,10,Isaiah 41:10 bible,False,2760000,2760000,False,0,0,False,0,0,0.0,0.0,0.0,0.0
Isaiah,41,11,Isaiah 41:11 bible,False,249000,249000,True,9,9,True,9,9,,,,
Isaiah,41,12,Isaiah 41:12 bible,False,104000,104000,True,9,9,True,9,9,,,,
Isaiah,41,13,Isaiah 41:13 bible,True,0,0,False,0,0,False,0,0,0.0,0.0,0.0,0.0
Isaiah,41,14,Isaiah 41:14 bible,True,135,0,False,0,0,False,0,0,0.0,0.0,0.0,0.0
Isaiah,41,15,Isaiah 41:15 bible,False,115000,115000,False,0,0,False,0,0,0.0,0.0,0.0,0.0
Isaiah,41,16,Isaiah 41:16 bible,False,116000,116000,True,9,9,True,9,9,,,,
Isaiah,41,17,Isaiah 41:17 bible,False,143000,143000,True,8,8,True,8,8,,,,
Isaiah,41,18,Isaiah 41:18 bible,False,123000,123000,True,9,8,True,9,8,,,,
Isaiah,41,19,Isaiah 41:19 bible,True,39,61300,False,0,0,False,0,0,0.0,0.0,0.0,0.0
Isaiah,41,20,Isaiah 41:20 bible,False,63400,63400,True,8,8,True,8,8,,,,
Isaiah,41,21,Isaiah 41:21 bible,False,97000,97000,True,8,8,True,8,8,,,,
Isaiah,41,22,Isaiah 41:22 bible,True,40,0,False,0,0,False,0,0,0.0,0.0,0.0,0.0
Isaiah,41,23,Isaiah 41:23 bible,False,37100,37100,True,9,9,True,9,9,,,,
Isaiah,41,24,Isaiah 41:24 bible,False,36900,36900,True,9,9,True,9,9,,,,
Isaiah,41,25,Isaiah 41:25 bible,False,75200,75200,False,0,0,False,0,0,0.0,0.0,0.0,0.0
Isaiah,41,26,Isaiah 41:26 bible,True,39,36200,False,0,0,False,0,0,0.0,0.0,0.0,0.0
Isaiah,41,27,Isaiah 41:27 bible,False,25300,25300,True,8,8,True,8,8,,,,
Isaiah,41,28,Isaiah 41:28 bible,False,38400,38400,True,9,9,True,9,9,,,,
Isaiah,41,29,Isaiah 41:29 bible,False,37700,37700,True,9,9,True,9,9,,,,
Isaiah,42,1,Isaiah 42:1 bible,False,622000,622000,True,8,8,True,8,8,,,,
Isaiah,42,2,Isaiah 42:2 bible,False,387000,387000,True,8,8,True,8,8,,,,
Isaiah,42,3,Isaiah 42:3 bible,False,254000,254000,True,9,9,True,9,9,,,,
Isaiah,42,4,Isaiah 42:4 bible,False,163000,163000,False,0,0,False,0,0,0.0,0.0,0.0,0.0
Isaiah,42,5,Isaiah 42:5 bible,False,388000,388000,True,9,9,True,9,9,,,,
Isaiah,42,6,Isaiah 42:6 bible,True,43,378000,False,0,0,False,0,0,0.0,0.0,0.0,0.0
Isaiah,42,7,Isaiah 42:7 bible,True,140,258000,False,0,0,False,0,0,0.0,0.0,0.0,0.0
Isaiah,42,8,Isaiah 42:8 bible,False,393000,393000,True,8,8,True,8,8,,,,
Isaiah,42,9,Isaiah 42:9 bible,False,175000,175000,True,9,8,True,9,8,,,,
Isaiah,42,10,Isaiah 42:10 bible,False,387000,387000,True,8,8,True,8,8,,,,
Isaiah,42,11,Isaiah 42:11 bible,False,337000,337000,True,8,8,True,8,8,,,,
Isaiah,42,12,Isaiah 42:12 bible,False,231000,231000,False,0,0,False,0,0,0.0,0.0,0.0,0.0
Isaiah,42,13,Isaiah 42:13 bible,False,172000,172000,False,0,0,False,0,0,0.0,0.0,0.0,0.0
Isaiah,42,14,Isaiah 42:14 bible,False,94200,94200,False,0,0,False,0,0,0.0,0.0,0.0,0.0
Isaiah,42,15,Isaiah 42:15 bible,False,55400,55400,False,0,0,False,0,0,0.0,0.0,0.0,0.0
Isaiah,42,16,Isaiah 42:16 bible,False,270000,270000,True,8,8,True,8,8,,,,
Isaiah,42,17,Isaiah 42:17 bible,False,89800,89800,True,8,8,True,8,8,,,,
Isaiah,42,18,Isaiah 42:18 bible,False,105000,105000,False,0,0,False,0,0,0.0,0.0,0.0,0.0
Isaiah,42,19,Isaiah 42:19 bible,False,64200,64200,False,0,0,False,0,0,0.0,0.0,0.0,0.0
Isaiah,42,20,Isaiah 42:20 bible,False,64900,64900,True,9,9,True,9,9,,,,
Isaiah,42,21,Isaiah 42:21 bible,False,113000,113000,False,0,0,False,0,0,0.0,0.0,0.0,0.0
Isaiah,42,22,Isaiah 42:22 bible,False,90600,90600,True,9,9,True,9,9,,,,
Isaiah,42,23,Isaiah 42:23 bible,False,45900,45900,True,8,8,True,8,8,,,,
Isaiah,42,24,Isaiah 42:24 bible,False,47300,47300,False,0,0,False,0,0,0.0,0.0,0.0,0.0
Isaiah,42,25,Isaiah 42:25 bible,False,69300,69300,True,8,8,True,8,8,,,,
Isaiah,43,1,Isaiah 43:1 bible,False,734000,734000,True,7,7,True,7,7,,,,
Isaiah,43,2,Isaiah 43:2 bible,False,850000,850000,True,7,7,True,7,7,,,,
Isaiah,43,3,Isaiah 43:3 bible,False,351000,351000,True,8,8,True,8,8,,,,
Isaiah,43,4,Isaiah 43:4 bible,True,51,383000,False,0,0,False,0,0,0.0,0.0,0.0,0.0
Isaiah,43,5,Isaiah 43:5 bible,False,318000,318000,True,8,8,True,8,8,,,,
Isaiah,43,6,Isaiah 43:6 bible,True,142,114000,False,0,0,False,0,0,0.0,0.0,0.0,0.0
Isaiah,43,7,Isaiah 43:7 bible,False,299000,299000,True,9,9,True,9,9,,,,
Isaiah,43,8,Isaiah 43:8 bible,False,81700,81700,False,0,0,False,0,0,0.0,0.0,0.0,0.0
Isaiah,43,9,Isaiah 43:9 bible,False,74700,74700,False,0,0,False,0,0,0.0,0.0,0.0,0.0
Isaiah,43,10,Isaiah 43:10 bible,False,386000,386000,False,0,0,False,0,0,0.0,0.0,0.0,0.0
Isaiah,43,11,Isaiah 43:11 bible,False,283000,283000,False,0,0,False,0,0,0.0,0.0,0.0,0.0
Isaiah,43,12,Isaiah 43:12 bible,True,41,0,False,0,0,False,0,0,0.0,0.0,0.0,0.0
Isaiah,43,13,Isaiah 43:13 bible,True,41,0,False,0,0,False,0,0,0.0,0.0,0.0,0.0
Isaiah,43,14,Isaiah 43:14 bible,False,92800,92800,False,0,0,False,0,0,0.0,0.0,0.0,0.0
Isaiah,43,15,Isaiah 43:15 bible,True,0,0,False,0,0,False,0,0,0.0,0.0,0.0,0.0
Isaiah,43,16,Isaiah 43:16 bible,True,0,176000,False,0,0,False,0,0,0.0,0.0,0.0,0.0
Isaiah,43,17,Isaiah 43:17 bible,True,0,0,False,0,0,False,0,0,0.0,0.0,0.0,0.0
Isaiah,43,18,Isaiah 43:18 bible,False,611000,611000,False,0,0,False,0,0,0.0,0.0,0.0,0.0
Isaiah,43,19,Isaiah 43:19 bible,False,727000,727000,False,0,0,False,0,0,0.0,0.0,0.0,0.0
Isaiah,43,20,Isaiah 43:20 bible,False,79300,79300,False,0,0,False,0,0,0.0,0.0,0.0,0.0
Isaiah,43,21,Isaiah 43:21 bible,True,36,154000,False,0,0,False,0,0,0.0,0.0,0.0,0.0
Isaiah,43,22,Isaiah 43:22 bible,False,42300,42300,False,0,0,False,0,0,0.0,0.0,0.0,0.0
Isaiah,43,23,Isaiah 43:23 bible,False,49600,49600,False,0,0,False,0,0,0.0,0.0,0.0,0.0
Isaiah,43,24,Isaiah 43:24 bible,False,49700,49700,False,0,0,False,0,0,0.0,0.0,0.0,0.0
Isaiah,43,25,Isaiah 43:25 bible,False,341000,341000,False,0,0,False,0,0,0.0,0.0,0.0,0.0
Isaiah,43,26,Isaiah 43:26 bible,True,41,0,False,0,0,False,0,0,0.0,0.0,0.0,0.0
Isaiah,43,27,Isaiah 43:27 bible,True,40,53200,False,0,0,False,0,0,0.0,0.0,0.0,0.0
Isaiah,43,28,Isaiah 43:28 bible,True,142,39600,False,0,0,False,0,0,0.0,0.0,0.0,0.0
Isaiah,44,1,Isaiah 44:1 bible,False,309000,309000,False,0,0,False,0,0,0.0,0.0,0.0,0.0
Isaiah,44,2,Isaiah 44:2 bible,True,43,0,False,0,0,False,0,0,0.0,0.0,0.0,0.0
Isaiah,44,3,Isaiah 44:3 bible,True,42,387000,False,0,0,False,0,0,0.0,0.0,0.0,0.0
Isaiah,44,4,Isaiah 44:4 bible,False,170000,170000,False,0,0,False,0,0,0.0,0.0,0.0,0.0
Isaiah,44,5,Isaiah 44:5 bible,True,41,0,False,0,0,False,0,0,0.0,0.0,0.0,0.0
Isaiah,44,6,Isaiah 44:6 bible,True,42,0,False,0,0,False,0,0,0.0,0.0,0.0,0.0
Isaiah,44,7,Isaiah 44:7 bible,True,41,112000,False,0,0,False,0,0,0.0,0.0,0.0,0.0
Isaiah,44,8,Isaiah 44:8 bible,False,198000,198000,False,0,0,False,0,0,0.0,0.0,0.0,0.0
Isaiah,44,9,Isaiah 44:9 bible,False,142000,142000,False,0,0,False,0,0,0.0,0.0,0.0,0.0
Isaiah,44,10,Isaiah 44:10 bible,True,0,0,False,0,0,False,0,0,0.0,0.0,0.0,0.0
Isaiah,44,11,Isaiah 44:11 bible,True,0,0,False,0,0,False,0,0,0.0,0.0,0.0,0.0
Isaiah,44,12,Isaiah 44:12 bible,True,139,64500,False,0,0,False,0,0,0.0,0.0,0.0,0.0
Isaiah,44,13,Isaiah 44:13 bible,True,38,0,False,0,0,False,0,0,0.0,0.0,0.0,0.0
Isaiah,44,14,Isaiah 44:14 bible,False,76300,76300,True,9,9,True,9,9,,,,
Isaiah,44,15,Isaiah 44:15 bible,False,85800,85800,True,9,9,True,9,9,,,,
Isaiah,44,16,Isaiah 44:16 bible,False,70300,70300,True,9,9,True,9,9,,,,
Isaiah,44,17,Isaiah 44:17 bible,False,96000,96000,False,0,0,False,0,0,0.0,0.0,0.0,0.0
Isaiah,44,18,Isaiah 44:18 bible,False,82800,82800,True,8,8,True,8,8,,,,
Isaiah,44,19,Isaiah 44:19 bible,False,61400,61400,False,0,0,False,0,0,0.0,0.0,0.0,0.0
Isaiah,44,20,Isaiah 44:20 bible,True,139,79500,False,0,0,False,0,0,0.0,0.0,0.0,0.0
Isaiah,44,21,Isaiah 44:21 bible,True,41,0,False,0,0,False,0,0,0.0,0.0,0.0,0.0
Isaiah,44,22,Isaiah 44:22 bible,True,0,212000,False,0,0,False,0,0,0.0,0.0,0.0,0.0
Isaiah,44,23,Isaiah 44:23 bible,True,36,160000,False,0,0,False,0,0,0.0,0.0,0.0,0.0
Isaiah,44,24,Isaiah 44:24 bible,False,263000,263000,True,9,9,True,9,9,,,,
Isaiah,44,25,Isaiah 44:25 bible,False,162000,162000,False,0,0,False,0,0,0.0,0.0,0.0,0.0
Isaiah,44,26,Isaiah 44:26 bible,False,130000,130000,False,0,0,False,0,0,0.0,0.0,0.0,0.0
Isaiah,44,27,Isaiah 44:27 bible,False,36800,36800,False,0,0,False,0,0,0.0,0.0,0.0,0.0
Isaiah,44,28,Isaiah 44:28 bible,False,128000,128000,True,9,9,True,9,9,,,,
Isaiah,45,1,Isaiah 45:1 bible,False,390000,390000,True,9,9,True,9,9,,,,
Isaiah,45,2,Isaiah 45:2 bible,False,395000,395000,False,0,0,False,0,0,0.0,0.0,0.0,0.0
Isaiah,45,3,Isaiah 45:3 bible,False,363000,363000,False,0,0,False,0,0,0.0,0.0,0.0,0.0
Isaiah,45,4,Isaiah 45:4 bible,False,220000,220000,True,8,8,True,8,8,,,,
Isaiah,45,5,Isaiah 45:5 bible,False,386000,386000,True,9,9,True,9,9,,,,
Isaiah,45,6,Isaiah 45:6 bible,False,308000,308000,True,9,9,True,9,9,,,,
Isaiah,45,7,Isaiah 45:7 bible,False,386000,386000,True,8,8,True,8,8,,,,
Isaiah,45,8,Isaiah 45:8 bible,True,0,0,False,0,0,False,0,0,0.0,0.0,0.0,0.0
Isaiah,45,9,Isaiah 45:9 bible,False,190000,190000,True,9,9,True,9,9,,,,
Isaiah,45,10,Isaiah 45:10 bible,False,94100,94100,True,9,9,True,9,9,,,,
Isaiah,45,11,Isaiah 45:11 bible,False,147000,147000,False,0,0,False,0,0,0.0,0.0,0.0,0.0
Isaiah,45,12,Isaiah 45:12 bible,False,172000,172000,True,9,9,True,9,9,,,,
Isaiah,45,13,Isaiah 45:13 bible,False,97700,97700,False,0,0,False,0,0,0.0,0.0,0.0,0.0
Isaiah,45,14,Isaiah 45:14 bible,True,40,112000,False,0,0,False,0,0,0.0,0.0,0.0,0.0
Isaiah,45,15,Isaiah 45:15 bible,False,115000,115000,False,0,0,False,0,0,0.0,0.0,0.0,0.0
Isaiah,45,16,Isaiah 45:16 bible,False,68800,68800,True,8,8,True,8,8,,,,
Isaiah,45,17,Isaiah 45:17 bible,False,143000,143000,False,0,0,False,0,0,0.0,0.0,0.0,0.0
Isaiah,45,18,Isaiah 45:18 bible,False,237000,237000,False,0,0,False,0,0,0.0,0.0,0.0,0.0
Isaiah,45,19,Isaiah 45:19 bible,True,45,0,False,0,0,False,0,0,0.0,0.0,0.0,0.0
Isaiah,45,20,Isaiah 45:20 bible,False,78200,78200,True,8,8,True,8,8,,,,
Isaiah,45,21,Isaiah 45:21 bible,False,200000,200000,True,8,8,True,8,8,,,,
Isaiah,45,22,Isaiah 45:22 bible,False,305000,305000,True,8,8,True,8,8,,,,
Isaiah,45,23,Isaiah 45:23 bible,True,138,187000,False,0,0,False,0,0,0.0,0.0,0.0,0.0
Isaiah,45,24,Isaiah 45:24 bible,False,85400,85400,False,0,0,False,0,0,0.0,0.0,0.0,0.0
Isaiah,45,25,Isaiah 45:25 bible,False,56600,56600,False,0,0,False,0,0,0.0,0.0,0.0,0.0
Isaiah,46,1,Isaiah 46:1 bible,True,0,0,False,0,0,False,0,0,0.0,0.0,0.0,0.0
Isaiah,46,2,Isaiah 46:2 bible,True,0,0,False,0,0,False,0,0,0.0,0.0,0.0,0.0
Isaiah,46,3,Isaiah 46:3 bible,False,205000,205000,True,8,8,True,8,8,,,,
Isaiah,46,4,Isaiah 46:4 bible,False,391000,391000,True,8,8,True,8,8,,,,
Isaiah,46,5,Isaiah 46:5 bible,False,372000,372000,True,8,8,True,8,8,,,,
Isaiah,46,6,Isaiah 46:6 bible,True,0,0,False,0,0,False,0,0,0.0,0.0,0.0,0.0
Isaiah,46,7,Isaiah 46:7 bible,True,0,0,False,0,0,False,0,0,0.0,0.0,0.0,0.0
Isaiah,46,8,Isaiah 46:8 bible,True,0,0,False,0,0,False,0,0,0.0,0.0,0.0,0.0
Isaiah,46,9,Isaiah 46:9 bible,False,388000,388000,True,8,8,True,8,8,,,,
Isaiah,46,10,Isaiah 46:10 bible,True,0,0,False,0,0,False,0,0,0.0,0.0,0.0,0.0
Isaiah,46,11,Isaiah 46:11 bible,False,154000,154000,True,8,8,True,8,8,,,,
Isaiah,46,12,Isaiah 46:12 bible,True,0,0,False,0,0,False,0,0,0.0,0.0,0.0,0.0
Isaiah,46,13,Isaiah 46:13 bible,True,0,0,False,0,0,False,0,0,0.0,0.0,0.0,0.0
Isaiah,47,1,Isaiah 47:1 bible,True,0,0,False,0,0,False,0,0,0.0,0.0,0.0,0.0
Isaiah,47,2,Isaiah 47:2 bible,True,0,0,False,0,0,False,0,0,0.0,0.0,0.0,0.0
Isaiah,47,3,Isaiah 47:3 bible,True,0,101000,False,0,0,False,0,0,0.0,0.0,0.0,0.0
Isaiah,47,4,Isaiah 47:4 bible,True,41,143000,False,0,0,False,0,0,0.0,0.0,0.0,0.0
Isaiah,47,5,Isaiah 47:5 bible,False,104000,104000,True,8,8,True,8,8,,,,
Isaiah,47,6,Isaiah 47:6 bible,False,110000,110000,True,9,9,True,9,9,,,,
Isaiah,47,7,Isaiah 47:7 bible,True,39,116000,False,0,0,False,0,0,0.0,0.0,0.0,0.0
Isaiah,47,8,Isaiah 47:8 bible,False,137000,137000,True,9,9,True,9,9,,,,
Isaiah,47,9,Isaiah 47:9 bible,False,115000,115000,False,0,0,False,0,0,0.0,0.0,0.0,0.0
Isaiah,47,10,Isaiah 47:10 bible,True,39,87000,False,0,0,False,0,0,0.0,0.0,0.0,0.0
Isaiah,47,11,Isaiah 47:11 bible,False,85700,85700,True,9,9,True,9,9,,,,
Isaiah,47,12,Isaiah 47:12 bible,False,105000,105000,False,0,0,False,0,0,0.0,0.0,0.0,0.0
Isaiah,47,13,Isaiah 47:13 bible,False,86700,86700,True,9,9,True,9,9,,,,
Isaiah,47,14,Isaiah 47:14 bible,False,67200,67200,True,8,8,True,8,8,,,,
Isaiah,47,15,Isaiah 47:15 bible,False,83700,83700,True,8,8,True,8,8,,,,
Isaiah,48,1,Isaiah 48:1 bible,False,314000,314000,True,8,8,True,8,8,,,,
Isaiah,48,2,Isaiah 48:2 bible,False,204000,204000,True,8,8,True,8,8,,,,
Isaiah,48,3,Isaiah 48:3 bible,False,145000,145000,True,7,7,True,7,7,,,,
Isaiah,48,4,Isaiah 48:4 bible,False,79400,79400,True,8,8,True,8,8,,,,
Isaiah,48,5,Isaiah 48:5 bible,True,0,0,False,0,0,False,0,0,0.0,0.0,0.0,0.0
Isaiah,48,6,Isaiah 48:6 bible,False,90000,90000,False,0,0,False,0,0,0.0,0.0,0.0,0.0
Isaiah,48,7,Isaiah 48:7 bible,False,61200,61200,True,9,9,True,9,9,,,,
Isaiah,48,8,Isaiah 48:8 bible,False,85700,85700,False,0,0,False,0,0,0.0,0.0,0.0,0.0
Isaiah,48,9,Isaiah 48:9 bible,False,119000,119000,False,0,0,False,0,0,0.0,0.0,0.0,0.0
Isaiah,48,10,Isaiah 48:10 bible,True,44,0,False,0,0,False,0,0,0.0,0.0,0.0,0.0
Isaiah,48,11,Isaiah 48:11 bible,True,40,0,False,0,0,False,0,0,0.0,0.0,0.0,0.0
Isaiah,48,12,Isaiah 48:12 bible,True,0,0,False,0,0,False,0,0,0.0,0.0,0.0,0.0
Isaiah,48,13,Isaiah 48:13 bible,True,0,0,False,0,0,False,0,0,0.0,0.0,0.0,0.0
Isaiah,48,14,Isaiah 48:14 bible,False,180000,180000,True,9,9,True,9,9,,,,
Isaiah,48,15,Isaiah 48:15 bible,True,0,0,False,0,0,False,0,0,0.0,0.0,0.0,0.0
Isaiah,48,16,Isaiah 48:16 bible,True,0,0,False,0,0,False,0,0,0.0,0.0,0.0,0.0
Isaiah,48,17,Isaiah 48:17 bible,True,0,0,False,0,0,False,0,0,0.0,0.0,0.0,0.0
Isaiah,48,18,Isaiah 48:18 bible,False,110000,110000,True,8,8,True,8,8,,,,
Isaiah,48,19,Isaiah 48:19 bible,True,0,0,False,0,0,False,0,0,0.0,0.0,0.0,0.0
Isaiah,48,20,Isaiah 48:20 bible,True,0,0,False,0,0,False,0,0,0.0,0.0,0.0,0.0
Isaiah,48,21,Isaiah 48:21 bible,False,78200,78200,True,8,8,True,8,8,,,,
Isaiah,48,22,Isaiah 48:22 bible,False,165000,165000,True,8,8,True,8,8,,,,
Isaiah,49,1,Isaiah 49:1 bible,True,0,0,False,0,0,False,0,0,0.0,0.0,0.0,0.0
Isaiah,49,2,Isaiah 49:2 bible,False,154000,154000,True,8,8,True,8,8,,,,
Isaiah,49,3,Isaiah 49:3 bible,True,0,0,False,0,0,False,0,0,0.0,0.0,0.0,0.0
Isaiah,49,4,Isaiah 49:4 bible,False,127000,127000,True,8,8,True,8,8,,,,
Isaiah,49,5,Isaiah 49:5 bible,False,176000,176000,True,8,8,True,8,8,,,,
Isaiah,49,6,Isaiah 49:6 bible,False,313000,313000,True,9,9,True,9,9,,,,
Isaiah,49,7,Isaiah 49:7 bible,False,180000,180000,False,0,0,False,0,0,0.0,0.0,0.0,0.0
Isaiah,49,8,Isaiah 49:8 bible,False,267000,267000,True,8,8,True,8,8,,,,
Isaiah,49,9,Isaiah 49:9 bible,False,117000,117000,True,9,9,True,9,9,,,,
Isaiah,49,10,Isaiah 49:10 bible,False,334000,334000,True,8,8,True,8,8,,,,
Isaiah,49,11,Isaiah 49:11 bible,False,95400,95400,False,0,0,False,0,0,0.0,0.0,0.0,0.0
Isaiah,49,12,Isaiah 49:12 bible,False,99700,99700,True,9,9,True,9,9,,,,
Isaiah,49,13,Isaiah 49:13 bible,False,163000,163000,False,0,0,False,0,0,0.0,0.0,0.0,0.0
Isaiah,49,14,Isaiah 49:14 bible,False,181000,181000,False,0,0,False,0,0,0.0,0.0,0.0,0.0
Isaiah,49,15,Isaiah 49:15 bible,False,386000,386000,True,7,7,True,7,7,,,,
Isaiah,49,16,Isaiah 49:16 bible,True,0,0,False,0,0,False,0,0,0.0,0.0,0.0,0.0
Isaiah,49,17,Isaiah 49:17 bible,False,72800,72800,True,8,8,True,8,8,,,,
Isaiah,49,18,Isaiah 49:18 bible,False,93900,93900,True,8,8,True,8,8,,,,
Isaiah,49,19,Isaiah 49:19 bible,True,0,60600,False,0,0,False,0,0,0.0,0.0,0.0,0.0
Isaiah,49,20,Isaiah 49:20 bible,True,42,76500,False,0,0,False,0,0,0.0,0.0,0.0,0.0
Isaiah,49,21,Isaiah 49:21 bible,True,200,58400,False,0,0,False,0,0,0.0,0.0,0.0,0.0
Isaiah,49,22,Isaiah 49:22 bible,False,161000,161000,True,8,8,True,8,8,,,,
Isaiah,49,23,Isaiah 49:23 bible,False,162000,162000,True,9,9,True,9,9,,,,
Isaiah,49,24,Isaiah 49:24 bible,True,43,0,False,0,0,False,0,0,0.0,0.0,0.0,0.0
Isaiah,49,25,Isaiah 49:25 bible,True,135,342000,False,0,0,False,0,0,0.0,0.0,0.0,0.0
Isaiah,49,26,Isaiah 49:26 bible,False,126000,126000,True,8,8,True,8,8,,,,
Isaiah,50,1,Isaiah 50:1 bible,False,261000,261000,False,0,0,False,0,0,0.0,0.0,0.0,0.0
Isaiah,50,2,Isaiah 50:2 bible,False,201000,201000,True,9,9,True,9,9,,,,
Isaiah,50,3,Isaiah 50:3 bible,True,38,0,False,0,0,False,0,0,0.0,0.0,0.0,0.0
Isaiah,50,4,Isaiah 50:4 bible,False,387000,387000,True,8,8,True,8,8,,,,
Isaiah,50,5,Isaiah 50:5 bible,False,173000,173000,True,8,8,True,8,8,,,,
Isaiah,50,6,Isaiah 50:6 bible,False,206000,206000,True,9,9,True,9,9,,,,
Isaiah,50,7,Isaiah 50:7 bible,True,54,0,False,0,0,False,0,0,0.0,0.0,0.0,0.0
Isaiah,50,8,Isaiah 50:8 bible,False,120000,120000,True,9,9,True,9,9,,,,
Isaiah,50,9,Isaiah 50:9 bible,False,77600,77600,True,9,9,True,9,9,,,,
Isaiah,50,10,Isaiah 50:10 bible,False,260000,260000,True,8,8,True,8,8,,,,
Isaiah,50,11,Isaiah 50:11 bible,False,70400,70400,True,8,8,True,8,8,,,,
Isaiah,51,1,Isaiah 51:1 bible,False,390000,390000,True,8,8,True,8,8,,,,
Isaiah,51,2,Isaiah 51:2 bible,True,0,0,False,0,0,False,0,0,0.0,0.0,0.0,0.0
Isaiah,51,3,Isaiah 51:3 bible,False,315000,315000,True,8,8,True,8,8,,,,
Isaiah,51,4,Isaiah 51:4 bible,False,203000,203000,True,9,9,True,9,9,,,,
Isaiah,51,5,Isaiah 51:5 bible,True,0,0,False,0,0,False,0,0,0.0,0.0,0.0,0.0
Isaiah,51,6,Isaiah 51:6 bible,True,0,0,False,0,0,False,0,0,0.0,0.0,0.0,0.0
Isaiah,51,7,Isaiah 51:7 bible,False,266000,266000,True,8,8,True,8,8,,,,
Isaiah,51,8,Isaiah 51:8 bible,False,125000,125000,True,9,9,True,9,9,,,,
Isaiah,51,9,Isaiah 51:9 bible,False,156000,156000,True,9,9,True,9,9,,,,
Isaiah,51,10,Isaiah 51:10 bible,True,0,0,False,0,0,False,0,0,0.0,0.0,0.0,0.0
Isaiah,51,11,Isaiah 51:11 bible,True,0,0,False,0,0,False,0,0,0.0,0.0,0.0,0.0
Isaiah,51,12,Isaiah 51:12 bible,False,381000,381000,True,8,8,True,8,8,,,,
Isaiah,51,13,Isaiah 51:13 bible,False,82400,82400,True,9,9,True,9,9,,,,
Isaiah,51,14,Isaiah 51:14 bible,False,77100,77100,True,9,9,True,9,9,,,,
Isaiah,51,15,Isaiah 51:15 bible,False,119000,119000,False,0,0,False,0,0,0.0,0.0,0.0,0.0
Isaiah,51,16,Isaiah 51:16 bible,False,195000,195000,True,8,8,True,8,8,,,,
Isaiah,51,17,Isaiah 51:17 bible,False,386000,386000,False,0,0,False,0,0,0.0,0.0,0.0,0.0
Isaiah,51,18,Isaiah 51:18 bible,False,47100,47100,True,8,8,True,8,8,,,,
Isaiah,51,19,Isaiah 51:19 bible,True,40,64500,False,0,0,False,0,0,0.0,0.0,0.0,0.0
Isaiah,51,20,Isaiah 51:20 bible,False,135000,135000,False,0,0,False,0,0,0.0,0.0,0.0,0.0
Isaiah,51,21,Isaiah 51:21 bible,False,40800,40800,True,9,9,True,9,9,,,,
Isaiah,51,22,Isaiah 51:22 bible,True,121,30100,False,0,0,False,0,0,0.0,0.0,0.0,0.0
Isaiah,51,23,Isaiah 51:23 bible,True,39,36500,False,0,0,False,0,0,0.0,0.0,0.0,0.0
Isaiah,52,1,Isaiah 52:1 bible,False,309000,309000,True,8,8,True,8,8,,,,
Isaiah,52,2,Isaiah 52:2 bible,False,142000,142000,True,8,8,True,8,8,,,,
Isaiah,52,3,Isaiah 52:3 bible,False,88800,88800,True,8,8,True,8,8,,,,
Isaiah,52,4,Isaiah 52:4 bible,False,63700,63700,False,0,0,False,0,0,0.0,0.0,0.0,0.0
Isaiah,52,5,Isaiah 52:5 bible,True,37,78900,False,0,0,False,0,0,0.0,0.0,0.0,0.0
Isaiah,52,6,Isaiah 52:6 bible,False,94500,94500,True,8,8,True,8,8,,,,
Isaiah,52,7,Isaiah 52:7 bible,False,343000,343000,True,8,8,True,8,8,,,,
Isaiah,52,8,Isaiah 52:8 bible,True,38,0,False,0,0,False,0,0,0.0,0.0,0.0,0.0
Isaiah,52,9,Isaiah 52:9 bible,False,84900,84900,True,9,9,True,9,9,,,,
Isaiah,52,10,Isaiah 52:10 bible,False,109000,109000,False,0,0,False,0,0,0.0,0.0,0.0,0.0
Isaiah,52,11,Isaiah 52:11 bible,False,105000,105000,True,8,8,True,8,8,,,,
Isaiah,52,12,Isaiah 52:12 bible,False,143000,143000,True,9,9,True,9,9,,,,
Isaiah,52,13,Isaiah 52:13 bible,False,230000,230000,True,8,8,True,8,8,,,,
Isaiah,52,14,Isaiah 52:14 bible,False,113000,113000,True,8,8,True,8,8,,,,
Isaiah,52,15,Isaiah 52:15 bible,True,44,66700,False,0,0,False,0,0,0.0,0.0,0.0,0.0
Isaiah,53,1,Isaiah 53:1 bible,False,388000,388000,False,0,0,False,0,0,0.0,0.0,0.0,0.0
Isaiah,53,2,Isaiah 53:2 bible,False,294000,294000,True,8,8,True,8,8,,,,
Isaiah,53,3,Isaiah 53:3 bible,False,389000,389000,True,9,9,True,9,9,,,,
Isaiah,53,4,Isaiah 53:4 bible,True,36,0,False,0,0,False,0,0,0.0,0.0,0.0,0.0
Isaiah,53,5,Isaiah 53:5 bible,False,950000,950000,False,0,0,False,0,0,0.0,0.0,0.0,0.0
Isaiah,53,6,Isaiah 53:6 bible,False,390000,390000,True,8,8,True,8,8,,,,
Isaiah,53,7,Isaiah 53:7 bible,False,329000,329000,False,0,0,False,0,0,0.0,0.0,0.0,0.0
Isaiah,53,8,Isaiah 53:8 bible,False,148000,148000,True,8,8,True,8,8,,,,
Isaiah,53,9,Isaiah 53:9 bible,False,142000,142000,False,0,0,False,0,0,0.0,0.0,0.0,0.0
Isaiah,53,10,Isaiah 53:10 bible,False,293000,293000,False,0,0,False,0,0,0.0,0.0,0.0,0.0
Isaiah,53,11,Isaiah 53:11 bible,False,174000,174000,True,8,8,True,8,8,,,,
Isaiah,53,12,Isaiah 53:12 bible,True,133,0,False,0,0,False,0,0,0.0,0.0,0.0,0.0
Isaiah,54,1,Isaiah 54:1 bible,False,329000,329000,True,8,8,True,8,8,,,,
Isaiah,54,2,Isaiah 54:2 bible,False,304000,304000,False,0,0,False,0,0,0.0,0.0,0.0,0.0
Isaiah,54,3,Isaiah 54:3 bible,False,125000,125000,False,0,0,False,0,0,0.0,0.0,0.0,0.0
Isaiah,54,4,Isaiah 54:4 bible,True,134,0,False,0,0,False,0,0,0.0,0.0,0.0,0.0
Isaiah,54,5,Isaiah 54:5 bible,False,242000,242000,True,8,8,True,8,8,,,,
Isaiah,54,6,Isaiah 54:6 bible,False,82100,82100,True,8,8,True,8,8,,,,
Isaiah,54,7,Isaiah 54:7 bible,False,176000,176000,False,0,0,False,0,0,0.0,0.0,0.0,0.0
Isaiah,54,8,Isaiah 54:8 bible,False,103000,103000,True,8,8,True,8,8,,,,
Isaiah,54,9,Isaiah 54:9 bible,False,73000,73000,True,8,8,True,8,8,,,,
Isaiah,54,10,Isaiah 54:10 bible,False,386000,386000,True,7,7,True,7,7,,,,
Isaiah,54,11,Isaiah 54:11 bible,False,77600,77600,False,0,0,False,0,0,0.0,0.0,0.0,0.0
Isaiah,54,12,Isaiah 54:12 bible,False,37600,37600,True,8,8,True,8,8,,,,
Isaiah,54,13,Isaiah 54:13 bible,False,350000,350000,False,0,0,False,0,0,0.0,0.0,0.0,0.0
Isaiah,54,14,Isaiah 54:14 bible,True,42,0,False,0,0,False,0,0,0.0,0.0,0.0,0.0
Isaiah,54,15,Isaiah 54:15 bible,False,286000,286000,False,0,0,False,0,0,0.0,0.0,0.0,0.0
Isaiah,54,16,Isaiah 54:16 bible,False,95600,95600,False,0,0,False,0,0,0.0,0.0,0.0,0.0
Isaiah,54,17,Isaiah 54:17 bible,False,844000,844000,False,0,0,False,0,0,0.0,0.0,0.0,0.0
Isaiah,55,1,Isaiah 55:1 bible,False,387000,387000,True,8,8,True,8,8,,,,
Isaiah,55,2,Isaiah 55:2 bible,False,168000,168000,False,0,0,False,0,0,0.0,0.0,0.0,0.0
Isaiah,55,3,Isaiah 55:3 bible,True,140,0,False,0,0,False,0,0,0.0,0.0,0.0,0.0
Isaiah,55,4,Isaiah 55:4 bible,False,95900,95900,True,9,9,True,9,9,,,,
Isaiah,55,5,Isaiah 55:5 bible,False,99400,99400,False,0,0,False,0,0,0.0,0.0,0.0,0.0
Isaiah,55,6,Isaiah 55:6 bible,False,411000,411000,False,0,0,False,0,0,0.0,0.0,0.0,0.0
Isaiah,55,7,Isaiah 55:7 bible,False,388000,388000,True,8,8,True,8,8,,,,
Isaiah,55,8,Isaiah 55:8 bible,False,689000,689000,True,8,8,True,8,8,,,,
Isaiah,55,9,Isaiah 55:9 bible,True,132,386000,False,0,0,False,0,0,0.0,0.0,0.0,0.0
Isaiah,55,10,Isaiah 55:10 bible,False,387000,387000,True,8,8,True,8,8,,,,
Isaiah,55,11,Isaiah 55:11 bible,False,444000,444000,True,8,8,True,8,8,,,,
Isaiah,55,12,Isaiah 55:12 bible,False,278000,278000,False,0,0,False,0,0,0.0,0.0,0.0,0.0
Isaiah,55,13,Isaiah 55:13 bible,True,43,62200,False,0,0,False,0,0,0.0,0.0,0.0,0.0
Isaiah,56,1,Isaiah 56:1 bible,False,215000,215000,False,0,0,False,0,0,0.0,0.0,0.0,0.0
Isaiah,56,2,Isaiah 56:2 bible,False,131000,131000,True,8,8,True,8,8,,,,
Isaiah,56,3,Isaiah 56:3 bible,False,390000,390000,True,8,8,True,8,8,,,,
Isaiah,56,4,Isaiah 56:4 bible,False,166000,166000,True,8,8,True,8,8,,,,
Isaiah,56,5,Isaiah 56:5 bible,False,89400,89400,True,8,8,True,8,8,,,,
Isaiah,56,6,Isaiah 56:6 bible,False,126000,126000,True,8,8,True,8,8,,,,
Isaiah,56,7,Isaiah 56:7 bible,False,199000,199000,True,8,8,True,8,8,,,,
Isaiah,56,8,Isaiah 56:8 bible,False,334000,334000,False,0,0,False,0,0,0.0,0.0,0.0,0.0
Isaiah,56,9,Isaiah 56:9 bible,True,39,175000,False,0,0,False,0,0,0.0,0.0,0.0,0.0
Isaiah,56,10,Isaiah 56:10 bible,False,123000,123000,False,0,0,False,0,0,0.0,0.0,0.0,0.0
Isaiah,56,11,Isaiah 56:11 bible,False,141000,141000,True,9,9,True,9,9,,,,
Isaiah,56,12,Isaiah 56:12 bible,False,48500,48500,True,8,8,True,8,8,,,,
Isaiah,57,1,Isaiah 57:1 bible,False,362000,362000,True,8,8,True,8,8,,,,
Isaiah,57,2,Isaiah 57:2 bible,True,144,184000,False,0,0,False,0,0,0.0,0.0,0.0,0.0
Isaiah,57,3,Isaiah 57:3 bible,False,108000,108000,True,9,9,True,9,9,,,,
Isaiah,57,4,Isaiah 57:4 bible,False,65900,65900,True,9,9,True,9,9,,,,
Isaiah,57,5,Isaiah 57:5 bible,False,61100,61100,True,8,8,True,8,8,,,,
Isaiah,57,6,Isaiah 57:6 bible,False,46700,46700,False,0,0,False,0,0,0.0,0.0,0.0,0.0
Isaiah,57,7,Isaiah 57:7 bible,False,114000,114000,False,0,0,False,0,0,0.0,0.0,0.0,0.0
Isaiah,57,8,Isaiah 57:8 bible,True,142,0,False,0,0,False,0,0,0.0,0.0,0.0,0.0
Isaiah,57,9,Isaiah 57:9 bible,False,60600,60600,False,0,0,False,0,0,0.0,0.0,0.0,0.0
Isaiah,57,10,Isaiah 57:10 bible,True,81,59700,False,0,0,False,0,0,0.0,0.0,0.0,0.0
Isaiah,57,11,Isaiah 57:11 bible,False,47200,47200,True,9,9,True,9,9,,,,
Isaiah,57,12,Isaiah 57:12 bible,False,34300,34300,True,9,9,True,9,9,,,,
Isaiah,57,13,Isaiah 57:13 bible,False,38100,38100,False,0,0,False,0,0,0.0,0.0,0.0,0.0
Isaiah,57,14,Isaiah 57:14 bible,False,88300,88300,False,0,0,False,0,0,0.0,0.0,0.0,0.0
Isaiah,57,15,Isaiah 57:15 bible,False,361000,361000,True,8,8,True,8,8,,,,
Isaiah,57,16,Isaiah 57:16 bible,False,47300,47300,True,8,8,True,8,8,,,,
Isaiah,57,17,Isaiah 57:17 bible,False,44700,44700,False,0,0,False,0,0,0.0,0.0,0.0,0.0
Isaiah,57,18,Isaiah 57:18 bible,False,104000,104000,False,0,0,False,0,0,0.0,0.0,0.0,0.0
Isaiah,57,19,Isaiah 57:19 bible,False,86500,86500,False,0,0,False,0,0,0.0,0.0,0.0,0.0
Isaiah,57,20,Isaiah 57:20 bible,False,83500,83500,False,0,0,False,0,0,0.0,0.0,0.0,0.0
Isaiah,57,21,Isaiah 57:21 bible,False,78300,78300,True,9,9,True,9,9,,,,
Isaiah,58,1,Isaiah 58:1 bible,True,44,308000,False,0,0,False,0,0,0.0,0.0,0.0,0.0
Isaiah,58,2,Isaiah 58:2 bible,True,41,110000,False,0,0,False,0,0,0.0,0.0,0.0,0.0
Isaiah,58,3,Isaiah 58:3 bible,True,43,0,False,0,0,False,0,0,0.0,0.0,0.0,0.0
Isaiah,58,4,Isaiah 58:4 bible,False,65400,65400,True,8,8,True,8,8,,,,
Isaiah,58,5,Isaiah 58:5 bible,False,73000,73000,False,0,0,False,0,0,0.0,0.0,0.0,0.0
Isaiah,58,6,Isaiah 58:6 bible,False,385000,385000,False,0,0,False,0,0,0.0,0.0,0.0,0.0
Isaiah,58,7,Isaiah 58:7 bible,False,121000,121000,False,0,0,False,0,0,0.0,0.0,0.0,0.0
Isaiah,58,8,Isaiah 58:8 bible,False,339000,339000,True,8,8,True,8,8,,,,
Isaiah,58,9,Isaiah 58:9 bible,False,141000,141000,False,0,0,False,0,0,0.0,0.0,0.0,0.0
Isaiah,58,10,Isaiah 58:10 bible,False,173000,173000,False,0,0,False,0,0,0.0,0.0,0.0,0.0
Isaiah,58,11,Isaiah 58:11 bible,False,391000,391000,False,0,0,False,0,0,0.0,0.0,0.0,0.0
Isaiah,58,12,Isaiah 58:12 bible,False,155000,155000,True,8,8,True,8,8,,,,
Isaiah,58,13,Isaiah 58:13 bible,True,42,0,False,0,0,False,0,0,0.0,0.0,0.0,0.0
Isaiah,58,14,Isaiah 58:14 bible,False,82900,82900,True,9,8,True,9,8,,,,
Isaiah,59,1,Isaiah 59:1 bible,False,390000,390000,False,0,0,False,0,0,0.0,0.0,0.0,0.0
Isaiah,59,2,Isaiah 59:2 bible,False,388000,388000,True,7,7,True,7,7,,,,
Isaiah,59,3,Isaiah 59:3 bible,False,62900,62900,True,8,8,True,8,8,,,,
Isaiah,59,4,Isaiah 59:4 bible,False,60500,60500,True,9,9,True,9,9,,,,
Isaiah,59,5,Isaiah 59:5 bible,False,56100,56100,True,9,9,True,9,9,,,,
Isaiah,59,6,Isaiah 59:6 bible,True,42,0,False,0,0,False,0,0,0.0,0.0,0.0,0.0
Isaiah,59,7,Isaiah 59:7 bible,False,69200,69200,True,9,9,True,9,9,,,,
Isaiah,59,8,Isaiah 59:8 bible,True,39,65800,False,0,0,False,0,0,0.0,0.0,0.0,0.0
Isaiah,59,9,Isaiah 59:9 bible,False,96500,96500,True,9,9,True,9,9,,,,
Isaiah,59,10,Isaiah 59:10 bible,True,41,0,False,0,0,False,0,0,0.0,0.0,0.0,0.0
Isaiah,59,11,Isaiah 59:11 bible,False,61700,61700,True,8,8,True,8,8,,,,
Isaiah,59,12,Isaiah 59:12 bible,False,52600,52600,True,9,9,True,9,9,,,,
Isaiah,59,13,Isaiah 59:13 bible,True,42,0,False,0,0,False,0,0,0.0,0.0,0.0,0.0
Isaiah,59,14,Isaiah 59:14 bible,False,53000,53000,True,9,9,True,9,9,,,,
Isaiah,59,15,Isaiah 59:15 bible,False,39200,39200,True,8,8,True,8,8,,,,
Isaiah,59,16,Isaiah 59:16 bible,False,315000,315000,True,8,8,True,8,8,,,,
Isaiah,59,17,Isaiah 59:17 bible,False,128000,128000,True,9,9,True,9,9,,,,
Isaiah,59,18,Isaiah 59:18 bible,False,38300,38300,False,0,0,False,0,0,0.0,0.0,0.0,0.0
Isaiah,59,19,Isaiah 59:19 bible,False,386000,386000,False,0,0,False,0,0,0.0,0.0,0.0,0.0
Isaiah,59,20,Isaiah 59:20 bible,False,112000,112000,True,8,8,True,8,8,,,,
Isaiah,59,21,Isaiah 59:21 bible,False,125000,125000,False,0,0,False,0,0,0.0,0.0,0.0,0.0
Isaiah,60,1,Isaiah 60:1 bible,False,685000,685000,True,7,7,True,7,7,,,,
Isaiah,60,2,Isaiah 60:2 bible,True,10,0,False,0,0,False,0,0,0.0,0.0,0.0,0.0
Isaiah,60,3,Isaiah 60:3 bible,False,207000,207000,True,8,8,True,8,8,,,,
Isaiah,60,4,Isaiah 60:4 bible,False,98100,98100,True,8,8,True,8,8,,,,
Isaiah,60,5,Isaiah 60:5 bible,True,44,131000,False,0,0,False,0,0,0.0,0.0,0.0,0.0
Isaiah,60,6,Isaiah 60:6 bible,True,41,0,False,0,0,False,0,0,0.0,0.0,0.0,0.0
Isaiah,60,7,Isaiah 60:7 bible,False,60800,60800,False,0,0,False,0,0,0.0,0.0,0.0,0.0
Isaiah,60,8,Isaiah 60:8 bible,False,65300,65300,False,0,0,False,0,0,0.0,0.0,0.0,0.0
Isaiah,60,9,Isaiah 60:9 bible,False,60400,60400,False,0,0,False,0,0,0.0,0.0,0.0,0.0
Isaiah,60,10,Isaiah 60:10 bible,False,118000,118000,False,0,0,False,0,0,0.0,0.0,0.0,0.0
Isaiah,60,11,Isaiah 60:11 bible,True,45,255000,False,0,0,False,0,0,0.0,0.0,0.0,0.0
Isaiah,60,12,Isaiah 60:12 bible,False,118000,118000,False,0,0,False,0,0,0.0,0.0,0.0,0.0
Isaiah,60,13,Isaiah 60:13 bible,True,20,38000,False,0,0,False,0,0,0.0,0.0,0.0,0.0
Isaiah,60,14,Isaiah 60:14 bible,True,45,79500,False,0,0,False,0,0,0.0,0.0,0.0,0.0
Isaiah,60,15,Isaiah 60:15 bible,False,89100,89100,True,9,9,True,9,9,,,,
Isaiah,60,16,Isaiah 60:16 bible,False,68000,68000,True,9,9,True,9,9,,,,
Isaiah,60,17,Isaiah 60:17 bible,False,44400,44400,False,0,0,False,0,0,0.0,0.0,0.0,0.0
Isaiah,60,18,Isaiah 60:18 bible,False,105000,105000,True,8,8,True,8,8,,,,
Isaiah,60,19,Isaiah 60:19 bible,False,156000,156000,True,9,9,True,9,9,,,,
Isaiah,60,20,Isaiah 60:20 bible,False,122000,122000,False,0,0,False,0,0,0.0,0.0,0.0,0.0
Isaiah,60,21,Isaiah 60:21 bible,True,10,72500,False,0,0,False,0,0,0.0,0.0,0.0,0.0
Isaiah,60,22,Isaiah 60:22 bible,False,651000,651000,True,8,8,True,8,8,,,,
Isaiah,61,1,Isaiah 61:1 bible,False,741000,741000,False,0,0,False,0,0,0.0,0.0,0.0,0.0
Isaiah,61,2,Isaiah 61:2 bible,False,304000,304000,True,8,8,True,8,8,,,,
Isaiah,61,3,Isaiah 61:3 bible,False,393000,393000,True,8,8,True,8,8,,,,
Isaiah,61,4,Isaiah 61:4 bible,True,42,143000,False,0,0,False,0,0,0.0,0.0,0.0,0.0
Isaiah,61,5,Isaiah 61:5 bible,False,60100,60100,True,9,9,True,9,9,,,,
Isaiah,61,6,Isaiah 61:6 bible,False,163000,163000,False,0,0,False,0,0,0.0,0.0,0.0,0.0
Isaiah,61,7,Isaiah 61:7 bible,False,370000,370000,True,8,8,True,8,8,,,,
Isaiah,61,8,Isaiah 61:8 bible,False,105000,105000,True,9,9,True,9,9,,,,
Isaiah,61,9,Isaiah 61:9 bible,False,59300,59300,False,0,0,False,0,0,0.0,0.0,0.0,0.0
Isaiah,61,10,Isaiah 61:10 bible,False,339000,339000,False,0,0,False,0,0,0.0,0.0,0.0,0.0
Isaiah,61,11,Isaiah 61:11 bible,False,57100,57100,False,0,0,False,0,0,0.0,0.0,0.0,0.0
Isaiah,62,1,Isaiah 62:1 bible,False,387000,387000,False,0,0,False,0,0,0.0,0.0,0.0,0.0
Isaiah,62,2,Isaiah 62:2 bible,False,237000,237000,False,0,0,False,0,0,0.0,0.0,0.0,0.0
Isaiah,62,3,Isaiah 62:3 bible,True,48,137000,False,0,0,False,0,0,0.0,0.0,0.0,0.0
Isaiah,62,4,Isaiah 62:4 bible,True,45,128000,False,0,0,False,0,0,0.0,0.0,0.0,0.0
Isaiah,62,5,Isaiah 62:5 bible,False,387000,387000,False,0,0,False,0,0,0.0,0.0,0.0,0.0
Isaiah,62,6,Isaiah 62:6 bible,False,281000,281000,False,0,0,False,0,0,0.0,0.0,0.0,0.0
Isaiah,62,7,Isaiah 62:7 bible,False,161000,161000,False,0,0,False,0,0,0.0,0.0,0.0,0.0
Isaiah,62,8,Isaiah 62:8 bible,False,379000,379000,False,0,0,False,0,0,0.0,0.0,0.0,0.0
Isaiah,62,9,Isaiah 62:9 bible,True,138,0,False,0,0,False,0,0,0.0,0.0,0.0,0.0
Isaiah,62,10,Isaiah 62:10 bible,False,123000,123000,False,0,0,False,0,0,0.0,0.0,0.0,0.0
Isaiah,62,11,Isaiah 62:11 bible,True,44,0,False,0,0,False,0,0,0.0,0.0,0.0,0.0
Isaiah,62,12,Isaiah 62:12 bible,False,106000,106000,False,0,0,False,0,0,0.0,0.0,0.0,0.0
Isaiah,63,1,Isaiah 63:1 bible,False,389000,389000,False,0,0,False,0,0,0.0,0.0,0.0,0.0
Isaiah,63,2,Isaiah 63:2 bible,False,131000,131000,False,0,0,False,0,0,0.0,0.0,0.0,0.0
Isaiah,63,3,Isaiah 63:3 bible,False,220000,220000,False,0,0,False,0,0,0.0,0.0,0.0,0.0
Isaiah,63,4,Isaiah 63:4 bible,False,150000,150000,False,0,0,False,0,0,0.0,0.0,0.0,0.0
Isaiah,63,5,Isaiah 63:5 bible,True,41,101000,False,0,0,False,0,0,0.0,0.0,0.0,0.0
Isaiah,63,6,Isaiah 63:6 bible,False,124000,124000,False,0,0,False,0,0,0.0,0.0,0.0,0.0
Isaiah,63,7,Isaiah 63:7 bible,False,176000,176000,False,0,0,False,0,0,0.0,0.0,0.0,0.0
Isaiah,63,8,Isaiah 63:8 bible,False,112000,112000,False,0,0,False,0,0,0.0,0.0,0.0,0.0
Isaiah,63,9,Isaiah 63:9 bible,True,20,176000,False,0,0,False,0,0,0.0,0.0,0.0,0.0
Isaiah,63,10,Isaiah 63:10 bible,True,44,0,False,0,0,False,0,0,0.0,0.0,0.0,0.0
Isaiah,63,11,Isaiah 63:11 bible,True,40,0,False,0,0,False,0,0,0.0,0.0,0.0,0.0
Isaiah,63,12,Isaiah 63:12 bible,False,26800,26800,False,0,0,False,0,0,0.0,0.0,0.0,0.0
Isaiah,63,13,Isaiah 63:13 bible,False,16000,16000,False,0,0,False,0,0,0.0,0.0,0.0,0.0
Isaiah,63,14,Isaiah 63:14 bible,False,28900,28900,False,0,0,False,0,0,0.0,0.0,0.0,0.0
Isaiah,63,15,Isaiah 63:15 bible,False,44300,44300,False,0,0,False,0,0,0.0,0.0,0.0,0.0
Isaiah,63,16,Isaiah 63:16 bible,False,96700,96700,False,0,0,False,0,0,0.0,0.0,0.0,0.0
Isaiah,63,17,Isaiah 63:17 bible,False,28700,28700,False,0,0,False,0,0,0.0,0.0,0.0,0.0
Isaiah,63,18,Isaiah 63:18 bible,False,13100,13100,False,0,0,False,0,0,0.0,0.0,0.0,0.0
Isaiah,63,19,Isaiah 63:19 bible,False,17100,17100,False,0,0,False,0,0,0.0,0.0,0.0,0.0
Isaiah,64,1,Isaiah 64:1 bible,False,183000,183000,False,0,0,False,0,0,0.0,0.0,0.0,0.0
Isaiah,64,2,Isaiah 64:2 bible,True,41,0,False,0,0,False,0,0,0.0,0.0,0.0,0.0
Isaiah,64,3,Isaiah 64:3 bible,False,62900,62900,False,0,0,False,0,0,0.0,0.0,0.0,0.0
Isaiah,64,4,Isaiah 64:4 bible,False,219000,219000,False,0,0,False,0,0,0.0,0.0,0.0,0.0
Isaiah,64,5,Isaiah 64:5 bible,False,59900,59900,False,0,0,False,0,0,0.0,0.0,0.0,0.0
Isaiah,64,6,Isaiah 64:6 bible,True,40,0,False,0,0,False,0,0,0.0,0.0,0.0,0.0
Isaiah,64,7,Isaiah 64:7 bible,False,77400,77400,False,0,0,False,0,0,0.0,0.0,0.0,0.0
Isaiah,64,8,Isaiah 64:8 bible,True,42,385000,False,0,0,False,0,0,0.0,0.0,0.0,0.0
Isaiah,64,9,Isaiah 64:9 bible,True,39,39200,False,0,0,False,0,0,0.0,0.0,0.0,0.0
Isaiah,64,10,Isaiah 64:10 bible,False,48400,48400,False,0,0,False,0,0,0.0,0.0,0.0,0.0
Isaiah,64,11,Isaiah 64:11 bible,False,20600,20600,False,0,0,False,0,0,0.0,0.0,0.0,0.0
Isaiah,64,12,Isaiah 64:12 bible,False,21800,21800,False,0,0,False,0,0,0.0,0.0,0.0,0.0
Isaiah,65,1,Isaiah 65:1 bible,False,190000,190000,True,8,8,True,8,8,,,,
Isaiah,65,2,Isaiah 65:2 bible,False,199000,199000,False,0,0,False,0,0,0.0,0.0,0.0,0.0
Isaiah,65,3,Isaiah 65:3 bible,False,65400,65400,True,8,8,True,8,8,,,,
Isaiah,65,4,Isaiah 65:4 bible,False,166000,166000,False,0,0,False,0,0,0.0,0.0,0.0,0.0
Isaiah,65,5,Isaiah 65:5 bible,False,87100,87100,True,8,8,True,8,8,,,,
Isaiah,65,6,Isaiah 65:6 bible,False,52200,52200,True,8,8,True,8,8,,,,
Isaiah,65,7,Isaiah 65:7 bible,False,56400,56400,False,0,0,False,0,0,0.0,0.0,0.0,0.0
Isaiah,65,8,Isaiah 65:8 bible,False,114000,114000,True,9,9,True,9,9,,,,
Isaiah,65,9,Isaiah 65:9 bible,False,114000,114000,False,0,0,False,0,0,0.0,0.0,0.0,0.0
Isaiah,65,10,Isaiah 65:10 bible,False,45900,45900,False,0,0,False,0,0,0.0,0.0,0.0,0.0
Isaiah,65,11,Isaiah 65:11 bible,False,260000,260000,True,8,8,True,8,8,,,,
Isaiah,65,12,Isaiah 65:12 bible,False,54800,54800,True,8,8,True,8,8,,,,
Isaiah,65,13,Isaiah 65:13 bible,False,63100,63100,False,0,0,False,0,0,0.0,0.0,0.0,0.0
Isaiah,65,14,Isaiah 65:14 bible,False,26700,26700,True,9,9,True,9,9,,,,
Isaiah,65,15,Isaiah 65:15 bible,False,42500,42500,True,9,9,True,9,9,,,,
Isaiah,65,16,Isaiah 65:16 bible,False,75100,75100,True,9,9,True,9,9,,,,
Isaiah,65,17,Isaiah 65:17 bible,False,363000,363000,True,9,9,True,9,9,,,,
Isaiah,65,18,Isaiah 65:18 bible,True,42,0,False,0,0,False,0,0,0.0,0.0,0.0,0.0
Isaiah,65,19,Isaiah 65:19 bible,False,67800,67800,False,0,0,False,0,0,0.0,0.0,0.0,0.0
Isaiah,65,20,Isaiah 65:20 bible,False,149000,149000,False,0,0,False,0,0,0.0,0.0,0.0,0.0
Isaiah,65,21,Isaiah 65:21 bible,False,97700,97700,True,9,9,True,9,9,,,,
Isaiah,65,22,Isaiah 65:22 bible,False,67600,67600,True,8,8,True,8,8,,,,
Isaiah,65,23,Isaiah 65:23 bible,False,128000,128000,True,9,9,True,9,9,,,,
Isaiah,65,24,Isaiah 65:24 bible,True,133,385000,False,0,0,False,0,0,0.0,0.0,0.0,0.0
Isaiah,65,25,Isaiah 65:25 bible,False,93500,93500,False,0,0,False,0,0,0.0,0.0,0.0,0.0
Isaiah,66,1,Isaiah 66:1 bible,False,385000,385000,False,0,0,False,0,0,0.0,0.0,0.0,0.0
Isaiah,66,2,Isaiah 66:2 bible,False,311000,311000,True,9,9,True,9,9,,,,
Isaiah,66,3,Isaiah 66:3 bible,False,125000,125000,False,0,0,False,0,0,0.0,0.0,0.0,0.0
Isaiah,66,4,Isaiah 66:4 bible,False,91300,91300,True,9,9,True,9,9,,,,
Isaiah,66,5,Isaiah 66:5 bible,True,41,0,False,0,0,False,0,0,0.0,0.0,0.0,0.0
Isaiah,66,6,Isaiah 66:6 bible,False,50800,50800,False,0,0,False,0,0,0.0,0.0,0.0,0.0
Isaiah,66,7,Isaiah 66:7 bible,False,147000,147000,True,9,9,True,9,9,,,,
Isaiah,66,8,Isaiah 66:8 bible,False,197000,197000,True,9,9,True,9,9,,,,
Isaiah,66,9,Isaiah 66:9 bible,False,122000,122000,True,8,8,True,8,8,,,,
Isaiah,66,10,Isaiah 66:10 bible,False,129000,129000,True,8,8,True,8,8,,,,
Isaiah,66,11,Isaiah 66:11 bible,False,36900,36900,False,0,0,False,0,0,0.0,0.0,0.0,0.0
Isaiah,66,12,Isaiah 66:12 bible,True,138,211000,False,0,0,False,0,0,0.0,0.0,0.0,0.0
Isaiah,66,13,Isaiah 66:13 bible,False,232000,232000,False,0,0,False,0,0,0.0,0.0,0.0,0.0
Isaiah,66,14,Isaiah 66:14 bible,False,44000,44000,True,9,9,True,9,9,,,,
Isaiah,66,15,Isaiah 66:15 bible,False,141000,141000,True,9,9,True,9,9,,,,
Isaiah,66,16,Isaiah 66:16 bible,True,39,131000,False,0,0,False,0,0,0.0,0.0,0.0,0.0
Isaiah,66,17,Isaiah 66:17 bible,False,106000,106000,False,0,0,False,0,0,0.0,0.0,0.0,0.0
Isaiah,66,18,Isaiah 66:18 bible,False,344000,344000,True,8,8,True,8,8,,,,
Isaiah,66,19,Isaiah 66:19 bible,False,90800,90800,True,8,8,True,8,8,,,,
Isaiah,66,20,Isaiah 66:20 bible,False,83200,83200,True,9,9,True,9,9,,,,
Isaiah,66,21,Isaiah 66:21 bible,False,24500,24500,True,9,9,True,9,9,,,,
Isaiah,66,22,Isaiah 66:22 bible,False,212000,212000,False,0,0,False,0,0,0.0,0.0,0.0,0.0
Isaiah,66,23,Isaiah 66:23 bible,False,151000,151000,False,0,0,False,0,0,0.0,0.0,0.0,0.0
Isaiah,66,24,Isaiah 66:24 bible,False,130000,130000,True,8,8,True,8,8,,,,
