book,chapter,verse,query,retry_applied,raw_hit_count_initial,raw_hit_count_final,has_result_initial,items_count_initial,organic_items_count_initial,has_result_final,items_count_final,organic_items_count_final,log10_raw_hit_count,z_log10_raw_hit_count,minmax_log10_raw_hit_count,fusion_score
Jeremiah,1,1,Jeremiah 1:1 bible,True,42,4210000,False,0,0,False,0,0,0.0,0.0,0.0,0.0
Jeremiah,1,2,Jeremiah 1:2 bible,False,7010000,7010000,True,8,8,True,8,8,,,,
Jeremiah,1,3,Jeremiah 1:3 bible,False,5130000,5130000,True,8,8,True,8,8,,,,
Jeremiah,1,4,Jeremiah 1:4 bible,False,4180000,4180000,True,7,7,True,7,7,,,,
Jeremiah,1,5,Jeremiah 1:5 bible,True,19,0,False,0,0,False,0,0,0.0,0.0,0.0,0.0
Jeremiah,1,6,Jeremiah 1:6 bible,True,39,3750000,False,0,0,False,0,0,0.0,0.0,0.0,0.0
Jeremiah,1,7,Jeremiah 1:7 bible,True,140,0,False,0,0,False,0,0,0.0,0.0,0.0,0.0
Jeremiah,1,8,Jeremiah 1:8 bible,True,51,3480000,False,0,0,False,0,0,0.0,0.0,0.0,0.0
Jeremiah,1,9,Jeremiah 1:9 bible,False,3560000,3560000,True,8,8,True,8,8,,,,
Jeremiah,1,10,Jeremiah 1:10 bible,False,2760000,2760000,True,8,8,True,8,8,,,,
Jeremiah,1,11,Jeremiah 1:11 bible,False,2650000,2650000,False,0,0,False,0,0,0.0,0.0,0.0,0.0
Jeremiah,1,12,Jeremiah 1:12 bible,False,2560000,2560000,True,9,9,True,9,9,,,,
Jeremiah,1,13,Jeremiah 1:13 bible,False,2110000,2110000,True,8,8,True,8,8,,,,
Jeremiah,1,14,Jeremiah 1:14 bible,False,2220000,2220000,True,9,9,True,9,9,,,,
Jeremiah,1,15,Jeremiah 1:15 bible,True,38,0,False,0,0,False,0,0,0.0,0.0,0.0,0.0
Jeremiah,1,16,Jeremiah 1:16 bible,False,1840000,1840000,True,9,9,True,9,9,,,,
Jeremiah,1,17,Jeremiah 1:17 bible,True,134,1980000,False,0,0,False,0,0,0.0,0.0,0.0,0.0
Jeremiah,1,18,Jeremiah 1:18 bible,True,202,1990000,False,0,0,False,0,0,0.0,0.0,0.0,0.0
Jeremiah,1,19,Jeremiah 1:19 bible,False,1340000,1340000,False,0,0,False,0,0,0.0,0.0,0.0,0.0
Jeremiah,2,1,Jeremiah 2:1 bible,False,3550000,3550000,True,8,8,True,8,8,,,,
Jeremiah,2,2,Jeremiah 2:2 bible,False,2300000,2300000,True,8,8,True,8,8,,,,
Jeremiah,2,3,Jeremiah 2:3 bible,False,4740000,4740000,True,8,8,True,8,8,,,,
Jeremiah,2,4,Jeremiah 2:4 bible,False,3160000,3160000,True,8,8,True,8,8,,,,
Jeremiah,2,5,Jeremiah 2:5 bible,False,2350000,2350000,False,0,0,False,0,0,0.0,0.0,0.0,0.0
Jeremiah,2,6,Jeremiah 2:6 bible,False,1650000,1650000,False,0,0,False,0,0,0.0,0.0,0.0,0.0
Jeremiah,2,7,Jeremiah 2:7 bible,False,1380000,1380000,False,0,0,False,0,0,0.0,0.0,0.0,0.0
Jeremiah,2,8,Jeremiah 2:8 bible,True,41,0,False,0,0,False,0,0,0.0,0.0,0.0,0.0
Jeremiah,2,9,Jeremiah 2:9 bible,False,2070000,2070000,True,9,9,True,9,9,,,,
Jeremiah,2,10,Jeremiah 2:10 bible,False,1820000,1820000,True,9,9,True,9,9,,,,
Jeremiah,2,11,Jeremiah 2:11 bible,False,1340000,1340000,True,8,8,True,8,8,,,,
Jeremiah,2,12,Jeremiah 2:12 bible,False,1150000,1150000,False,0,0,False,0,0,0.0,0.0,0.0,0.0
Jeremiah,2,13,Jeremiah 2:13 bible,False,1460000,1460000,True,9,9,True,9,9,,,,
Jeremiah,2,14,Jeremiah 2:14 bible,True,38,1350000,False,0,0,False,0,0,0.0,0.0,0.0,0.0
Jeremiah,2,15,Jeremiah 2:15 bible,False,1330000,1330000,True,9,9,True,9,9,,,,
Jeremiah,2,16,Jeremiah 2:16 bible,False,923000,923000,True,8,8,True,8,8,,,,
Jeremiah,2,17,Jeremiah 2:17 bible,False,955000,955000,True,9,9,True,9,9,,,,
Jeremiah,2,18,Jeremiah 2:18 bible,False,780000,780000,True,9,9,True,9,9,,,,
Jeremiah,2,19,Jeremiah 2:19 bible,False,842000,842000,True,8,8,True,8,8,,,,
Jeremiah,2,20,Jeremiah 2:20 bible,False,1020000,1020000,False,0,0,False,0,0,0.0,0.0,0.0,0.0
Jeremiah,2,21,Jeremiah 2:21 bible,False,715000,715000,True,9,9,True,9,9,,,,
Jeremiah,2,22,Jeremiah 2:22 bible,False,670000,670000,True,9,9,True,9,9,,,,
Jeremiah,2,23,Jeremiah 2:23 bible,False,650000,650000,True,9,9,True,9,9,,,,
Jeremiah,2,24,Jeremiah 2:24 bible,False,778000,778000,True,9,9,True,9,9,,,,
Jeremiah,2,25,Jeremiah 2:25 bible,False,665000,665000,True,9,9,True,9,9,,,,
Jeremiah,2,26,Jeremiah 2:26 bible,False,462000,462000,True,9,9,True,9,9,,,,
Jeremiah,2,27,Jeremiah 2:27 bible,False,399000,399000,True,9,9,True,9,9,,,,
Jeremiah,2,28,Jeremiah 2:28 bible,False,545000,545000,True,9,9,True,9,9,,,,
Jeremiah,2,29,Jeremiah 2:29 bible,False,387000,387000,True,9,9,True,9,9,,,,
Jeremiah,2,30,Jeremiah 2:30 bible,True,138,0,False,0,0,False,0,0,0.0,0.0,0.0,0.0
Jeremiah,2,31,Jeremiah 2:31 bible,True,37,299000,False,0,0,False,0,0,0.0,0.0,0.0,0.0
Jeremiah,2,32,Jeremiah 2:32 bible,False,386000,386000,False,0,0,False,0,0,0.0,0.0,0.0,0.0
Jeremiah,2,33,Jeremiah 2:33 bible,False,247000,247000,True,9,9,True,9,9,,,,
Jeremiah,2,34,Jeremiah 2:34 bible,False,283000,283000,True,9,9,True,9,9,,,,
Jeremiah,2,35,Jeremiah 2:35 bible,False,202000,202000,False,0,0,False,0,0,0.0,0.0,0.0,0.0
Jeremiah,2,36,Jeremiah 2:36 bible,False,386000,386000,True,9,9,True,9,9,,,,
Jeremiah,2,37,Jeremiah 2:37 bible,False,385000,385000,True,8,8,True,8,8,,,,
Jeremiah,3,1,Jeremiah 3:1 bible,False,3540000,3540000,False,0,0,False,0,0,0.0,0.0,0.0,0.0
Jeremiah,3,2,Jeremiah 3:2 bible,False,1660000,1660000,False,0,0,False,0,0,0.0,0.0,0.0,0.0
Jeremiah,3,3,Jeremiah 3:3 bible,False,1940000,1940000,False,0,0,False,0,0,0.0,0.0,0.0,0.0
Jeremiah,3,4,Jeremiah 3:4 bible,False,4550000,4550000,False,0,0,False,0,0,0.0,0.0,0.0,0.0
Jeremiah,3,5,Jeremiah 3:5 bible,False,4080000,4080000,True,8,8,True,8,8,,,,
Jeremiah,3,6,Jeremiah 3:6 bible,False,2350000,2350000,False,0,0,False,0,0,0.0,0.0,0.0,0.0
Jeremiah,3,7,Jeremiah 3:7 bible,True,38,1680000,False,0,0,False,0,0,0.0,0.0,0.0,0.0
Jeremiah,3,8,Jeremiah 3:8 bible,False,1840000,1840000,False,0,0,False,0,0,0.0,0.0,0.0,0.0
Jeremiah,3,9,Jeremiah 3:9 bible,False,1450000,1450000,True,9,9,True,9,9,,,,
Jeremiah,3,10,Jeremiah 3:10 bible,False,1540000,1540000,True,9,9,True,9,9,,,,
Jeremiah,3,11,Jeremiah 3:11 bible,False,1200000,1200000,True,8,8,True,8,8,,,,
Jeremiah,3,12,Jeremiah 3:12 bible,False,1200000,1200000,True,8,8,True,8,8,,,,
Jeremiah,3,13,Jeremiah 3:13 bible,False,1290000,1290000,True,8,8,True,8,8,,,,
Jeremiah,3,14,Jeremiah 3:14 bible,False,1310000,1310000,True,8,8,True,8,8,,,,
Jeremiah,3,15,Jeremiah 3:15 bible,False,1650000,1650000,False,0,0,False,0,0,0.0,0.0,0.0,0.0
Jeremiah,3,16,Jeremiah 3:16 bible,True,134,3770000,False,0,0,False,0,0,0.0,0.0,0.0,0.0
Jeremiah,3,17,Jeremiah 3:17 bible,True,39,1440000,False,0,0,False,0,0,0.0,0.0,0.0,0.0
Jeremiah,3,18,Jeremiah 3:18 bible,True,140,1080000,False,0,0,False,0,0,0.0,0.0,0.0,0.0
Jeremiah,3,19,Jeremiah 3:19 bible,False,964000,964000,True,9,9,True,9,9,,,,
Jeremiah,3,20,Jeremiah 3:20 bible,False,1240000,1240000,False,0,0,False,0,0,0.0,0.0,0.0,0.0
Jeremiah,3,21,Jeremiah 3:21 bible,False,749000,749000,True,9,9,True,9,9,,,,
Jeremiah,3,22,Jeremiah 3:22 bible,True,42,998000,False,0,0,False,0,0,0.0,0.0,0.0,0.0
Jeremiah,3,23,Jeremiah 3:23 bible,False,1060000,1060000,True,8,8,True,8,8,,,,
Jeremiah,3,24,Jeremiah 3:24 bible,True,41,0,False,0,0,False,0,0,0.0,0.0,0.0,0.0
Jeremiah,3,25,Jeremiah 3:25 bible,False,510000,510000,True,9,9,True,9,9,,,,
Jeremiah,4,1,Jeremiah 4:1 bible,False,2790000,2790000,True,8,8,True,8,8,,,,
Jeremiah,4,2,Jeremiah 4:2 bible,False,1510000,1510000,False,0,0,False,0,0,0.0,0.0,0.0,0.0
Jeremiah,4,3,Jeremiah 4:3 bible,False,1180000,1180000,True,8,8,True,8,8,,,,
Jeremiah,4,4,Jeremiah 4:4 bible,False,2240000,2240000,False,0,0,False,0,0,0.0,0.0,0.0,0.0
Jeremiah,4,5,Jeremiah 4:5 bible,False,4060000,4060000,True,8,8,True,8,8,,,,
Jeremiah,4,6,Jeremiah 4:6 bible,False,3660000,3660000,True,8,8,True,8,8,,,,
Jeremiah,4,7,Jeremiah 4:7 bible,False,2950000,2950000,False,0,0,False,0,0,0.0,0.0,0.0,0.0
Jeremiah,4,8,Jeremiah 4:8 bible,False,2630000,2630000,True,9,9,True,9,9,,,,
Jeremiah,4,9,Jeremiah 4:9 bible,False,1150000,1150000,False,0,0,False,0,0,0.0,0.0,0.0,0.0
Jeremiah,4,10,Jeremiah 4:10 bible,False,1370000,1370000,True,9,9,True,9,9,,,,
Jeremiah,4,11,Jeremiah 4:11 bible,True,33,1150000,False,0,0,False,0,0,0.0,0.0,0.0,0.0
Jeremiah,4,12,Jeremiah 4:12 bible,True,132,1550000,False,0,0,False,0,0,0.0,0.0,0.0,0.0
Jeremiah,4,13,Jeremiah 4:13 bible,False,2150000,2150000,True,9,9,True,9,9,,,,
Jeremiah,4,14,Jeremiah 4:14 bible,False,979000,979000,True,9,9,True,9,9,,,,
Jeremiah,4,15,Jeremiah 4:15 bible,False,844000,844000,True,9,9,True,9,9,,,,
Jeremiah,4,16,Jeremiah 4:16 bible,True,41,1270000,False,0,0,False,0,0,0.0,0.0,0.0,0.0
Jeremiah,4,17,Jeremiah 4:17 bible,False,912000,912000,True,9,9,True,9,9,,,,
Jeremiah,4,18,Jeremiah 4:18 bible,False,977000,977000,True,9,9,True,9,9,,,,
Jeremiah,4,19,Jeremiah 4:19 bible,False,1130000,1130000,True,8,8,True,8,8,,,,
Jeremiah,4,20,Jeremiah 4:20 bible,False,630000,630000,True,9,9,True,9,9,,,,
Jeremiah,4,21,Jeremiah 4:21 bible,False,442000,442000,True,8,8,True,8,8,,,,
Jeremiah,4,22,Jeremiah 4:22 bible,False,563000,563000,True,8,8,True,8,8,,,,
Jeremiah,4,23,Jeremiah 4:23 bible,False,796000,796000,True,8,8,True,8,8,,,,
Jeremiah,4,24,Jeremiah 4:24 bible,False,649000,649000,True,9,9,True,9,9,,,,
Jeremiah,4,25,Jeremiah 4:25 bible,False,474000,474000,True,8,8,True,8,8,,,,
Jeremiah,4,26,Jeremiah 4:26 bible,True,37,401000,False,0,0,False,0,0,0.0,0.0,0.0,0.0
Jeremiah,4,27,Jeremiah 4:27 bible,False,389000,389000,True,9,9,True,9,9,,,,
Jeremiah,4,28,Jeremiah 4:28 bible,False,388000,388000,False,0,0,False,0,0,0.0,0.0,0.0,0.0
Jeremiah,4,29,Jeremiah 4:29 bible,False,451000,451000,False,0,0,False,0,0,0.0,0.0,0.0,0.0
Jeremiah,4,30,Jeremiah 4:30 bible,False,639000,639000,True,9,9,True,9,9,,,,
Jeremiah,4,31,Jeremiah 4:31 bible,False,414000,414000,True,9,9,True,9,9,,,,
Jeremiah,5,1,Jeremiah 5:1 bible,False,2550000,2550000,True,8,8,True,8,8,,,,
Jeremiah,5,2,Jeremiah 5:2 bible,False,1130000,1130000,False,0,0,False,0,0,0.0,0.0,0.0,0.0
Jeremiah,5,3,Jeremiah 5:3 bible,False,1120000,1120000,False,0,0,False,0,0,0.0,0.0,0.0,0.0
Jeremiah,5,4,Jeremiah 5:4 bible,False,941000,941000,True,8,8,True,8,8,,,,
Jeremiah,5,5,Jeremiah 5:5 bible,False,1080000,1080000,True,8,8,True,8,8,,,,
Jeremiah,5,6,Jeremiah 5:6 bible,False,4570000,4570000,True,8,8,True,8,8,,,,
Jeremiah,5,7,Jeremiah 5:7 bible,False,3090000,3090000,True,9,9,True,9,9,,,,
Jeremiah,5,8,Jeremiah 5:8 bible,True,41,2850000,False,0,0,False,0,0,0.0,0.0,0.0,0.0
Jeremiah,5,9,Jeremiah 5:9 bible,False,1180000,1180000,True,9,9,True,9,9,,,,
Jeremiah,5,10,Jeremiah 5:10 bible,False,1350000,1350000,True,8,8,True,8,8,,,,
Jeremiah,5,11,Jeremiah 5:11 bible,False,1130000,1130000,False,0,0,False,0,0,0.0,0.0,0.0,0.0
Jeremiah,5,12,Jeremiah 5:12 bible,False,1110000,1110000,True,9,9,True,9,9,,,,
Jeremiah,5,13,Jeremiah 5:13 bible,True,135,0,False,0,0,False,0,0,0.0,0.0,0.0,0.0
Jeremiah,5,14,Jeremiah 5:14 bible,False,1200000,1200000,False,0,0,False,0,0,0.0,0.0,0.0,0.0
Jeremiah,5,15,Jeremiah 5:15 bible,False,758000,758000,False,0,0,False,0,0,0.0,0.0,0.0,0.0
Jeremiah,5,16,Jeremiah 5:16 bible,False,1420000,1420000,True,9,9,True,9,9,,,,
Jeremiah,5,17,Jeremiah 5:17 bible,True,134,1980000,False,0,0,False,0,0,0.0,0.0,0.0,0.0
Jeremiah,5,18,Jeremiah 5:18 bible,False,981000,981000,True,9,9,True,9,9,,,,
Jeremiah,5,19,Jeremiah 5:19 bible,False,846000,846000,True,9,9,True,9,9,,,,
Jeremiah,5,20,Jeremiah 5:20 bible,False,748000,748000,False,0,0,False,0,0,0.0,0.0,0.0,0.0
Jeremiah,5,21,Jeremiah 5:21 bible,False,897000,897000,True,9,9,True,9,9,,,,
Jeremiah,5,22,Jeremiah 5:22 bible,False,1030000,1030000,True,9,9,True,9,9,,,,
Jeremiah,5,23,Jeremiah 5:23 bible,False,598000,598000,False,0,0,False,0,0,0.0,0.0,0.0,0.0
Jeremiah,5,24,Jeremiah 5:24 bible,False,631000,631000,True,9,9,True,9,9,,,,
Jeremiah,5,25,Jeremiah 5:25 bible,False,638000,638000,True,9,9,True,9,9,,,,
Jeremiah,5,26,Jeremiah 5:26 bible,False,400000,400000,True,9,9,True,9,9,,,,
Jeremiah,5,27,Jeremiah 5:27 bible,False,396000,396000,True,9,9,True,9,9,,,,
Jeremiah,5,28,Jeremiah 5:28 bible,False,392000,392000,False,0,0,False,0,0,0.0,0.0,0.0,0.0
Jeremiah,5,29,Jeremiah 5:29 bible,False,741000,741000,True,9,9,True,9,9,,,,
Jeremiah,5,30,Jeremiah 5:30 bible,False,662000,662000,True,9,9,True,9,9,,,,
Jeremiah,5,31,Jeremiah 5:31 bible,False,389000,389000,True,8,8,True,8,8,,,,
Jeremiah,6,1,Jeremiah 6:1 bible,False,2210000,2210000,True,8,8,True,8,8,,,,
Jeremiah,6,2,Jeremiah 6:2 bible,False,1090000,1090000,True,9,9,True,9,9,,,,
Jeremiah,6,3,Jeremiah 6:3 bible,False,890000,890000,True,8,8,True,8,8,,,,
Jeremiah,6,4,Jeremiah 6:4 bible,False,978000,978000,False,0,0,False,0,0,0.0,0.0,0.0,0.0
Jeremiah,6,5,Jeremiah 6:5 bible,False,926000,926000,False,0,0,False,0,0,0.0,0.0,0.0,0.0
Jeremiah,6,6,Jeremiah 6:6 bible,False,1090000,1090000,True,8,8,True,8,8,,,,
Jeremiah,6,7,Jeremiah 6:7 bible,False,4090000,4090000,True,8,8,True,8,8,,,,
Jeremiah,6,8,Jeremiah 6:8 bible,True,136,2630000,False,0,0,False,0,0,0.0,0.0,0.0,0.0
Jeremiah,6,9,Jeremiah 6:9 bible,False,2430000,2430000,True,9,9,True,9,9,,,,
Jeremiah,6,10,Jeremiah 6:10 bible,False,1890000,1890000,True,8,8,True,8,8,,,,
Jeremiah,6,11,Jeremiah 6:11 bible,False,1090000,1090000,False,0,0,False,0,0,0.0,0.0,0.0,0.0
Jeremiah,6,12,Jeremiah 6:12 bible,False,1360000,1360000,True,8,8,True,8,8,,,,
Jeremiah,6,13,Jeremiah 6:13 bible,True,0,801000,False,0,0,False,0,0,0.0,0.0,0.0,0.0
Jeremiah,6,14,Jeremiah 6:14 bible,False,995000,995000,False,0,0,False,0,0,0.0,0.0,0.0,0.0
Jeremiah,6,15,Jeremiah 6:15 bible,False,710000,710000,True,9,9,True,9,9,,,,
Jeremiah,6,16,Jeremiah 6:16 bible,False,923000,923000,False,0,0,False,0,0,0.0,0.0,0.0,0.0
Jeremiah,6,17,Jeremiah 6:17 bible,False,760000,760000,False,0,0,False,0,0,0.0,0.0,0.0,0.0
Jeremiah,6,18,Jeremiah 6:18 bible,False,1440000,1440000,True,8,8,True,8,8,,,,
Jeremiah,6,19,Jeremiah 6:19 bible,False,828000,828000,True,8,8,True,8,8,,,,
Jeremiah,6,20,Jeremiah 6:20 bible,False,606000,606000,True,9,9,True,9,9,,,,
Jeremiah,6,21,Jeremiah 6:21 bible,False,413000,413000,True,9,9,True,9,9,,,,
Jeremiah,6,22,Jeremiah 6:22 bible,False,438000,438000,True,9,9,True,9,9,,,,
Jeremiah,6,23,Jeremiah 6:23 bible,False,715000,715000,False,0,0,False,0,0,0.0,0.0,0.0,0.0
Jeremiah,6,24,Jeremiah 6:24 bible,False,1790000,1790000,False,0,0,False,0,0,0.0,0.0,0.0,0.0
Jeremiah,6,25,Jeremiah 6:25 bible,False,533000,533000,False,0,0,False,0,0,0.0,0.0,0.0,0.0
Jeremiah,6,26,Jeremiah 6:26 bible,False,402000,402000,True,9,9,True,9,9,,,,
Jeremiah,6,27,Jeremiah 6:27 bible,False,396000,396000,False,0,0,False,0,0,0.0,0.0,0.0,0.0
Jeremiah,6,28,Jeremiah 6:28 bible,False,388000,388000,False,0,0,False,0,0,0.0,0.0,0.0,0.0
Jeremiah,6,29,Jeremiah 6:29 bible,False,349000,349000,True,9,9,True,9,9,,,,
Jeremiah,6,30,Jeremiah 6:30 bible,False,719000,719000,True,9,9,True,9,9,,,,
Jeremiah,7,1,Jeremiah 7:1 bible,False,1340000,1340000,True,8,8,True,8,8,,,,
Jeremiah,7,2,Jeremiah 7:2 bible,False,727000,727000,True,9,9,True,9,9,,,,
Jeremiah,7,3,Jeremiah 7:3 bible,False,626000,626000,False,0,0,False,0,0,0.0,0.0,0.0,0.0
Jeremiah,7,4,Jeremiah 7:4 bible,True,40,592000,False,0,0,False,0,0,0.0,0.0,0.0,0.0
Jeremiah,7,5,Jeremiah 7:5 bible,False,602000,602000,True,9,9,True,9,9,,,,
Jeremiah,7,6,Jeremiah 7:6 bible,False,664000,664000,True,9,9,True,9,9,,,,
Jeremiah,7,7,Jeremiah 7:7 bible,False,1010000,1010000,False,0,0,False,0,0,0.0,0.0,0.0,0.0
Jeremiah,7,8,Jeremiah 7:8 bible,False,3650000,3650000,True,8,8,True,8,8,,,,
Jeremiah,7,9,Jeremiah 7:9 bible,False,1930000,1930000,True,8,8,True,8,8,,,,
Jeremiah,7,10,Jeremiah 7:10 bible,False,1200000,1200000,True,8,8,True,8,8,,,,
Jeremiah,7,11,Jeremiah 7:11 bible,False,942000,942000,True,8,8,True,8,8,,,,
Jeremiah,7,12,Jeremiah 7:12 bible,True,141,938000,False,0,0,False,0,0,0.0,0.0,0.0,0.0
Jeremiah,7,13,Jeremiah 7:13 bible,False,827000,827000,True,8,8,True,8,8,,,,
Jeremiah,7,14,Jeremiah 7:14 bible,False,1290000,1290000,True,9,9,True,9,9,,,,
Jeremiah,7,15,Jeremiah 7:15 bible,False,722000,722000,True,8,8,True,8,8,,,,
Jeremiah,7,16,Jeremiah 7:16 bible,True,44,0,False,0,0,False,0,0,0.0,0.0,0.0,0.0
Jeremiah,7,17,Jeremiah 7:17 bible,False,559000,559000,False,0,0,False,0,0,0.0,0.0,0.0,0.0
Jeremiah,7,18,Jeremiah 7:18 bible,True,135,579000,False,0,0,False,0,0,0.0,0.0,0.0,0.0
Jeremiah,7,19,Jeremiah 7:19 bible,False,418000,418000,True,9,9,True,9,9,,,,
Jeremiah,7,20,Jeremiah 7:20 bible,False,440000,440000,True,9,9,True,9,9,,,,
Jeremiah,7,21,Jeremiah 7:21 bible,False,676000,676000,True,8,8,True,8,8,,,,
Jeremiah,7,22,Jeremiah 7:22 bible,False,472000,472000,False,0,0,False,0,0,0.0,0.0,0.0,0.0
Jeremiah,7,23,Jeremiah 7:23 bible,False,419000,419000,True,8,8,True,8,8,,,,
Jeremiah,7,24,Jeremiah 7:24 bible,False,589000,589000,False,0,0,False,0,0,0.0,0.0,0.0,0.0
Jeremiah,7,25,Jeremiah 7:25 bible,False,542000,542000,False,0,0,False,0,0,0.0,0.0,0.0,0.0
Jeremiah,7,26,Jeremiah 7:26 bible,False,683000,683000,False,0,0,False,0,0,0.0,0.0,0.0,0.0
Jeremiah,7,27,Jeremiah 7:27 bible,False,387000,387000,False,0,0,False,0,0,0.0,0.0,0.0,0.0
Jeremiah,7,28,Jeremiah 7:28 bible,False,386000,386000,False,0,0,False,0,0,0.0,0.0,0.0,0.0
Jeremiah,7,29,Jeremiah 7:29 bible,False,376000,376000,True,9,9,True,9,9,,,,
Jeremiah,7,30,Jeremiah 7:30 bible,False,628000,628000,True,8,8,True,8,8,,,,
Jeremiah,7,31,Jeremiah 7:31 bible,False,278000,278000,False,0,0,False,0,0,0.0,0.0,0.0,0.0
Jeremiah,7,32,Jeremiah 7:32 bible,True,139,195000,False,0,0,False,0,0,0.0,0.0,0.0,0.0
Jeremiah,7,33,Jeremiah 7:33 bible,False,141000,141000,False,0,0,False,0,0,0.0,0.0,0.0,0.0
Jeremiah,7,34,Jeremiah 7:34 bible,False,181000,181000,True,8,8,True,8,8,,,,
Jeremiah,8,1,Jeremiah 8:1 bible,False,1490000,1490000,True,8,8,True,8,8,,,,
Jeremiah,8,2,Jeremiah 8:2 bible,True,134,793000,False,0,0,False,0,0,0.0,0.0,0.0,0.0
Jeremiah,8,3,Jeremiah 8:3 bible,False,685000,685000,True,8,8,True,8,8,,,,
Jeremiah,8,4,Jeremiah 8:4 bible,False,633000,633000,False,0,0,False,0,0,0.0,0.0,0.0,0.0
Jeremiah,8,5,Jeremiah 8:5 bible,False,662000,662000,True,9,9,True,9,9,,,,
Jeremiah,8,6,Jeremiah 8:6 bible,False,678000,678000,True,9,9,True,9,9,,,,
Jeremiah,8,7,Jeremiah 8:7 bible,False,668000,668000,True,8,8,True,8,8,,,,
Jeremiah,8,8,Jeremiah 8:8 bible,False,648000,648000,True,7,7,True,7,7,,,,
Jeremiah,8,9,Jeremiah 8:9 bible,True,38,0,False,0,0,False,0,0,0.0,0.0,0.0,0.0
Jeremiah,8,10,Jeremiah 8:10 bible,False,1920000,1920000,True,8,8,True,8,8,,,,
Jeremiah,8,11,Jeremiah 8:11 bible,False,1150000,1150000,True,8,8,True,8,8,,,,
Jeremiah,8,12,Jeremiah 8:12 bible,True,37,1080000,False,0,0,False,0,0,0.0,0.0,0.0,0.0
Jeremiah,8,13,Jeremiah 8:13 bible,False,702000,702000,True,9,9,True,9,9,,,,
Jeremiah,8,14,Jeremiah 8:14 bible,True,46,757000,False,0,0,False,0,0,0.0,0.0,0.0,0.0
Jeremiah,8,15,Jeremiah 8:15 bible,False,673000,673000,False,0,0,False,0,0,0.0,0.0,0.0,0.0
Jeremiah,8,16,Jeremiah 8:16 bible,False,640000,640000,False,0,0,False,0,0,0.0,0.0,0.0,0.0
Jeremiah,8,17,Jeremiah 8:17 bible,False,657000,657000,True,8,8,True,8,8,,,,
Jeremiah,8,18,Jeremiah 8:18 bible,False,730000,730000,True,9,9,True,9,9,,,,
Jeremiah,8,19,Jeremiah 8:19 bible,False,477000,477000,False,0,0,False,0,0,0.0,0.0,0.0,0.0
Jeremiah,8,20,Jeremiah 8:20 bible,False,551000,551000,True,8,8,True,8,8,,,,
Jeremiah,8,21,Jeremiah 8:21 bible,False,402000,402000,True,9,9,True,9,9,,,,
Jeremiah,8,22,Jeremiah 8:22 bible,False,574000,574000,True,8,8,True,8,8,,,,
Jeremiah,9,1,Jeremiah 9:1 bible,False,1990000,1990000,True,8,8,True,8,8,,,,
Jeremiah,9,2,Jeremiah 9:2 bible,True,38,0,False,0,0,False,0,0,0.0,0.0,0.0,0.0
Jeremiah,9,3,Jeremiah 9:3 bible,False,708000,708000,True,8,8,True,8,8,,,,
Jeremiah,9,4,Jeremiah 9:4 bible,False,766000,766000,True,8,8,True,8,8,,,,
Jeremiah,9,5,Jeremiah 9:5 bible,True,137,772000,False,0,0,False,0,0,0.0,0.0,0.0,0.0
Jeremiah,9,6,Jeremiah 9:6 bible,True,37,1130000,False,0,0,False,0,0,0.0,0.0,0.0,0.0
Jeremiah,9,7,Jeremiah 9:7 bible,True,140,711000,False,0,0,False,0,0,0.0,0.0,0.0,0.0
Jeremiah,9,8,Jeremiah 9:8 bible,False,715000,715000,True,8,8,True,8,8,,,,
Jeremiah,9,9,Jeremiah 9:9 bible,False,882000,882000,True,8,8,True,8,8,,,,
Jeremiah,9,10,Jeremiah 9:10 bible,False,3860000,3860000,True,8,8,True,8,8,,,,
Jeremiah,9,11,Jeremiah 9:11 bible,True,134,2300000,False,0,0,False,0,0,0.0,0.0,0.0,0.0
Jeremiah,9,12,Jeremiah 9:12 bible,False,940000,940000,False,0,0,False,0,0,0.0,0.0,0.0,0.0
Jeremiah,9,13,Jeremiah 9:13 bible,False,898000,898000,True,8,8,True,8,8,,,,
Jeremiah,9,14,Jeremiah 9:14 bible,False,1450000,1450000,True,9,9,True,9,9,,,,
Jeremiah,9,15,Jeremiah 9:15 bible,False,711000,711000,True,8,8,True,8,8,,,,
Jeremiah,9,16,Jeremiah 9:16 bible,False,612000,612000,True,9,9,True,9,9,,,,
Jeremiah,9,17,Jeremiah 9:17 bible,True,44,572000,False,0,0,False,0,0,0.0,0.0,0.0,0.0
Jeremiah,9,18,Jeremiah 9:18 bible,False,448000,448000,True,8,8,True,8,8,,,,
Jeremiah,9,19,Jeremiah 9:19 bible,False,389000,389000,True,8,8,True,8,8,,,,
Jeremiah,9,20,Jeremiah 9:20 bible,False,571000,571000,False,0,0,False,0,0,0.0,0.0,0.0,0.0
Jeremiah,9,21,Jeremiah 9:21 bible,False,391000,391000,True,9,9,True,9,9,,,,
Jeremiah,9,22,Jeremiah 9:22 bible,False,519000,519000,False,0,0,False,0,0,0.0,0.0,0.0,0.0
Jeremiah,9,23,Jeremiah 9:23 bible,False,698000,698000,False,0,0,False,0,0,0.0,0.0,0.0,0.0
Jeremiah,9,24,Jeremiah 9:24 bible,True,133,604000,False,0,0,False,0,0,0.0,0.0,0.0,0.0
Jeremiah,9,25,Jeremiah 9:25 bible,True,37,392000,False,0,0,False,0,0,0.0,0.0,0.0,0.0
Jeremiah,9,26,Jeremiah 9:26 bible,False,391000,391000,True,9,9,True,9,9,,,,
Jeremiah,10,1,Jeremiah 10:1 bible,False,1300000,1300000,False,0,0,False,0,0,0.0,0.0,0.0,0.0
Jeremiah,10,2,Jeremiah 10:2 bible,False,742000,742000,True,8,8,True,8,8,,,,
Jeremiah,10,3,Jeremiah 10:3 bible,False,653000,653000,True,8,8,True,8,8,,,,
Jeremiah,10,4,Jeremiah 10:4 bible,False,734000,734000,True,9,9,True,9,9,,,,
Jeremiah,10,5,Jeremiah 10:5 bible,False,671000,671000,True,9,9,True,9,9,,,,
Jeremiah,10,6,Jeremiah 10:6 bible,False,576000,576000,True,9,9,True,9,9,,,,
Jeremiah,10,7,Jeremiah 10:7 bible,False,587000,587000,True,9,9,True,9,9,,,,
Jeremiah,10,8,Jeremiah 10:8 bible,True,41,0,False,0,0,False,0,0,0.0,0.0,0.0,0.0
Jeremiah,10,9,Jeremiah 10:9 bible,False,940000,940000,True,8,8,True,8,8,,,,
Jeremiah,10,10,Jeremiah 10:10 bible,False,1300000,1300000,False,0,0,False,0,0,0.0,0.0,0.0,0.0
Jeremiah,10,11,Jeremiah 10:11 bible,False,3200000,3200000,True,8,8,True,8,8,,,,
Jeremiah,10,12,Jeremiah 10:12 bible,False,1930000,1930000,True,8,8,True,8,8,,,,
Jeremiah,10,13,Jeremiah 10:13 bible,False,1310000,1310000,True,8,8,True,8,8,,,,
Jeremiah,10,14,Jeremiah 10:14 bible,False,946000,946000,False,0,0,False,0,0,0.0,0.0,0.0,0.0
Jeremiah,10,15,Jeremiah 10:15 bible,True,134,773000,False,0,0,False,0,0,0.0,0.0,0.0,0.0
Jeremiah,10,16,Jeremiah 10:16 bible,True,40,704000,False,0,0,False,0,0,0.0,0.0,0.0,0.0
Jeremiah,10,17,Jeremiah 10:17 bible,False,985000,985000,True,8,8,True,8,8,,,,
Jeremiah,10,18,Jeremiah 10:18 bible,False,671000,671000,False,0,0,False,0,0,0.0,0.0,0.0,0.0
Jeremiah,10,19,Jeremiah 10:19 bible,False,747000,747000,False,0,0,False,0,0,0.0,0.0,0.0,0.0
Jeremiah,10,20,Jeremiah 10:20 bible,False,619000,619000,True,9,9,True,9,9,,,,
Jeremiah,10,21,Jeremiah 10:21 bible,False,437000,437000,True,9,9,True,9,9,,,,
Jeremiah,10,22,Jeremiah 10:22 bible,False,611000,611000,False,0,0,False,0,0,0.0,0.0,0.0,0.0
Jeremiah,10,23,Jeremiah 10:23 bible,False,607000,607000,True,8,8,True,8,8,,,,
Jeremiah,10,24,Jeremiah 10:24 bible,True,132,0,False,0,0,False,0,0,0.0,0.0,0.0,0.0
Jeremiah,10,25,Jeremiah 10:25 bible,False,600000,600000,False,0,0,False,0,0,0.0,0.0,0.0,0.0
Jeremiah,11,1,Jeremiah 11:1 bible,False,1940000,1940000,True,8,8,True,8,8,,,,
Jeremiah,11,2,Jeremiah 11:2 bible,False,780000,780000,True,8,8,True,8,8,,,,
Jeremiah,11,3,Jeremiah 11:3 bible,False,683000,683000,True,9,9,True,9,9,,,,
Jeremiah,11,4,Jeremiah 11:4 bible,False,622000,622000,True,8,8,True,8,8,,,,
Jeremiah,11,5,Jeremiah 11:5 bible,False,586000,586000,True,9,9,True,9,9,,,,
Jeremiah,11,6,Jeremiah 11:6 bible,False,797000,797000,True,9,9,True,9,9,,,,
Jeremiah,11,7,Jeremiah 11:7 bible,False,534000,534000,True,8,8,True,8,8,,,,
Jeremiah,11,8,Jeremiah 11:8 bible,False,423000,423000,True,8,8,True,8,8,,,,
Jeremiah,11,9,Jeremiah 11:9 bible,False,559000,559000,True,9,9,True,9,9,,,,
Jeremiah,11,10,Jeremiah 11:10 bible,True,41,0,False,0,0,False,0,0,0.0,0.0,0.0,0.0
Jeremiah,11,11,Jeremiah 11:11 bible,False,650000,650000,True,9,9,True,9,9,,,,
Jeremiah,11,12,Jeremiah 11:12 bible,True,39,3280000,False,0,0,False,0,0,0.0,0.0,0.0,0.0
Jeremiah,11,13,Jeremiah 11:13 bible,False,1410000,1410000,False,0,0,False,0,0,0.0,0.0,0.0,0.0
Jeremiah,11,14,Jeremiah 11:14 bible,True,42,0,False,0,0,False,0,0,0.0,0.0,0.0,0.0
Jeremiah,11,15,Jeremiah 11:15 bible,False,834000,834000,True,8,8,True,8,8,,,,
Jeremiah,11,16,Jeremiah 11:16 bible,False,677000,677000,False,0,0,False,0,0,0.0,0.0,0.0,0.0
Jeremiah,11,17,Jeremiah 11:17 bible,False,626000,626000,True,8,8,True,8,8,,,,
Jeremiah,11,18,Jeremiah 11:18 bible,False,603000,603000,True,9,9,True,9,9,,,,
Jeremiah,11,19,Jeremiah 11:19 bible,True,45,580000,False,0,0,False,0,0,0.0,0.0,0.0,0.0
Jeremiah,11,20,Jeremiah 11:20 bible,False,528000,528000,True,9,9,True,9,9,,,,
Jeremiah,11,21,Jeremiah 11:21 bible,False,457000,457000,False,0,0,False,0,0,0.0,0.0,0.0,0.0
Jeremiah,11,22,Jeremiah 11:22 bible,False,1120000,1120000,True,9,9,True,9,9,,,,
Jeremiah,11,23,Jeremiah 11:23 bible,False,621000,621000,False,0,0,False,0,0,0.0,0.0,0.0,0.0
Jeremiah,12,1,Jeremiah 12:1 bible,False,2450000,2450000,True,8,8,True,8,8,,,,
Jeremiah,12,2,Jeremiah 12:2 bible,False,1860000,1860000,False,0,0,False,0,0,0.0,0.0,0.0,0.0
Jeremiah,12,3,Jeremiah 12:3 bible,True,38,828000,False,0,0,False,0,0,0.0,0.0,0.0,0.0
Jeremiah,12,4,Jeremiah 12:4 bible,False,650000,650000,False,0,0,False,0,0,0.0,0.0,0.0,0.0
Jeremiah,12,5,Jeremiah 12:5 bible,False,614000,614000,True,8,8,True,8,8,,,,
Jeremiah,12,6,Jeremiah 12:6 bible,True,135,659000,False,0,0,False,0,0,0.0,0.0,0.0,0.0
Jeremiah,12,7,Jeremiah 12:7 bible,False,711000,711000,True,8,8,True,8,8,,,,
Jeremiah,12,8,Jeremiah 12:8 bible,False,513000,513000,True,8,8,True,8,8,,,,
Jeremiah,12,9,Jeremiah 12:9 bible,False,986000,986000,False,0,0,False,0,0,0.0,0.0,0.0,0.0
Jeremiah,12,10,Jeremiah 12:10 bible,False,771000,771000,True,9,9,True,9,9,,,,
Jeremiah,12,11,Jeremiah 12:11 bible,False,746000,746000,True,9,9,True,9,9,,,,
Jeremiah,12,12,Jeremiah 12:12 bible,False,821000,821000,False,0,0,False,0,0,0.0,0.0,0.0,0.0
Jeremiah,12,13,Jeremiah 12:13 bible,False,3180000,3180000,True,8,8,True,8,8,,,,
Jeremiah,12,14,Jeremiah 12:14 bible,False,1590000,1590000,False,0,0,False,0,0,0.0,0.0,0.0,0.0
Jeremiah,12,15,Jeremiah 12:15 bible,True,138,0,False,0,0,False,0,0,0.0,0.0,0.0,0.0
Jeremiah,12,16,Jeremiah 12:16 bible,False,699000,699000,True,8,8,True,8,8,,,,
Jeremiah,12,17,Jeremiah 12:17 bible,False,696000,696000,True,8,8,True,8,8,,,,
Jeremiah,13,1,Jeremiah 13:1 bible,False,1260000,1260000,False,0,0,False,0,0,0.0,0.0,0.0,0.0
Jeremiah,13,2,Jeremiah 13:2 bible,False,699000,699000,True,9,9,True,9,9,,,,
Jeremiah,13,3,Jeremiah 13:3 bible,False,629000,629000,True,8,8,True,8,8,,,,
Jeremiah,13,4,Jeremiah 13:4 bible,False,746000,746000,False,0,0,False,0,0,0.0,0.0,0.0,0.0
Jeremiah,13,5,Jeremiah 13:5 bible,True,38,884000,False,0,0,False,0,0,0.0,0.0,0.0,0.0
Jeremiah,13,6,Jeremiah 13:6 bible,False,520000,520000,False,0,0,False,0,0,0.0,0.0,0.0,0.0
Jeremiah,13,7,Jeremiah 13:7 bible,True,38,551000,False,0,0,False,0,0,0.0,0.0,0.0,0.0
Jeremiah,13,8,Jeremiah 13:8 bible,False,1570000,1570000,True,8,8,True,8,8,,,,
Jeremiah,13,9,Jeremiah 13:9 bible,False,421000,421000,True,9,9,True,9,9,,,,
Jeremiah,13,10,Jeremiah 13:10 bible,False,544000,544000,True,8,8,True,8,8,,,,
Jeremiah,13,11,Jeremiah 13:11 bible,False,592000,592000,True,9,9,True,9,9,,,,
Jeremiah,13,12,Jeremiah 13:12 bible,False,569000,569000,True,8,8,True,8,8,,,,
Jeremiah,13,13,Jeremiah 13:13 bible,False,630000,630000,True,8,8,True,8,8,,,,
Jeremiah,13,14,Jeremiah 13:14 bible,False,3390000,3390000,True,8,8,True,8,8,,,,
Jeremiah,13,15,Jeremiah 13:15 bible,False,1270000,1270000,True,9,9,True,9,9,,,,
Jeremiah,13,16,Jeremiah 13:16 bible,False,965000,965000,True,9,9,True,9,9,,,,
Jeremiah,13,17,Jeremiah 13:17 bible,False,1760000,1760000,True,8,8,True,8,8,,,,
Jeremiah,13,18,Jeremiah 13:18 bible,False,662000,662000,True,9,9,True,9,9,,,,
Jeremiah,13,19,Jeremiah 13:19 bible,False,457000,457000,True,8,8,True,8,8,,,,
Jeremiah,13,20,Jeremiah 13:20 bible,False,601000,601000,True,8,8,True,8,8,,,,
Jeremiah,13,21,Jeremiah 13:21 bible,False,474000,474000,True,9,9,True,9,9,,,,
Jeremiah,13,22,Jeremiah 13:22 bible,False,452000,452000,True,9,9,True,9,9,,,,
Jeremiah,13,23,Jeremiah 13:23 bible,False,390000,390000,True,9,9,True,9,9,,,,
Jeremiah,13,24,Jeremiah 13:24 bible,False,396000,396000,True,8,8,True,8,8,,,,
Jeremiah,13,25,Jeremiah 13:25 bible,False,387000,387000,False,0,0,False,0,0,0.0,0.0,0.0,0.0
Jeremiah,13,26,Jeremiah 13:26 bible,False,386000,386000,True,9,9,True,9,9,,,,
Jeremiah,13,27,Jeremiah 13:27 bible,False,343000,343000,True,8,8,True,8,8,,,,
Jeremiah,14,1,Jeremiah 14:1 bible,False,1150000,1150000,False,0,0,False,0,0,0.0,0.0,0.0,0.0
Jeremiah,14,2,Jeremiah 14:2 bible,False,682000,682000,False,0,0,False,0,0,0.0,0.0,0.0,0.0
Jeremiah,14,3,Jeremiah 14:3 bible,False,567000,567000,False,0,0,False,0,0,0.0,0.0,0.0,0.0
Jeremiah,14,4,Jeremiah 14:4 bible,False,510000,510000,True,9,9,True,9,9,,,,
Jeremiah,14,5,Jeremiah 14:5 bible,False,801000,801000,True,9,9,True,9,9,,,,
Jeremiah,14,6,Jeremiah 14:6 bible,False,1080000,1080000,False,0,0,False,0,0,0.0,0.0,0.0,0.0
Jeremiah,14,7,Jeremiah 14:7 bible,True,39,449000,False,0,0,False,0,0,0.0,0.0,0.0,0.0
Jeremiah,14,8,Jeremiah 14:8 bible,False,416000,416000,True,9,9,True,9,9,,,,
Jeremiah,14,9,Jeremiah 14:9 bible,False,551000,551000,True,8,8,True,8,8,,,,
Jeremiah,14,10,Jeremiah 14:10 bible,False,419000,419000,True,9,9,True,9,9,,,,
Jeremiah,14,11,Jeremiah 14:11 bible,False,397000,397000,True,9,9,True,9,9,,,,
Jeremiah,14,12,Jeremiah 14:12 bible,False,738000,738000,False,0,0,False,0,0,0.0,0.0,0.0,0.0
Jeremiah,14,13,Jeremiah 14:13 bible,True,130,659000,False,0,0,False,0,0,0.0,0.0,0.0,0.0
Jeremiah,14,14,Jeremiah 14:14 bible,False,790000,790000,False,0,0,False,0,0,0.0,0.0,0.0,0.0
Jeremiah,14,15,Jeremiah 14:15 bible,False,3230000,3230000,True,8,8,True,8,8,,,,
Jeremiah,14,16,Jeremiah 14:16 bible,False,1370000,1370000,True,9,9,True,9,9,,,,
Jeremiah,14,17,Jeremiah 14:17 bible,False,880000,880000,True,8,8,True,8,8,,,,
Jeremiah,14,18,Jeremiah 14:18 bible,True,40,676000,False,0,0,False,0,0,0.0,0.0,0.0,0.0
Jeremiah,14,19,Jeremiah 14:19 bible,False,582000,582000,True,9,9,True,9,9,,,,
Jeremiah,14,20,Jeremiah 14:20 bible,False,517000,517000,True,8,8,True,8,8,,,,
Jeremiah,14,21,Jeremiah 14:21 bible,False,642000,642000,True,9,9,True,9,9,,,,
Jeremiah,14,22,Jeremiah 14:22 bible,False,538000,538000,True,9,9,True,9,9,,,,
Jeremiah,15,1,Jeremiah 15:1 bible,False,1200000,1200000,True,8,8,True,8,8,,,,
Jeremiah,15,2,Jeremiah 15:2 bible,True,41,0,False,0,0,False,0,0,0.0,0.0,0.0,0.0
Jeremiah,15,3,Jeremiah 15:3 bible,False,675000,675000,False,0,0,False,0,0,0.0,0.0,0.0,0.0
Jeremiah,15,4,Jeremiah 15:4 bible,True,136,659000,False,0,0,False,0,0,0.0,0.0,0.0,0.0
Jeremiah,15,5,Jeremiah 15:5 bible,False,673000,673000,True,9,9,True,9,9,,,,
Jeremiah,15,6,Jeremiah 15:6 bible,False,426000,426000,True,9,9,True,9,9,,,,
Jeremiah,15,7,Jeremiah 15:7 bible,False,615000,615000,True,9,9,True,9,9,,,,
Jeremiah,15,8,Jeremiah 15:8 bible,False,467000,467000,True,9,9,True,9,9,,,,
Jeremiah,15,9,Jeremiah 15:9 bible,True,39,0,False,0,0,False,0,0,0.0,0.0,0.0,0.0
Jeremiah,15,10,Jeremiah 15:10 bible,False,507000,507000,False,0,0,False,0,0,0.0,0.0,0.0,0.0
Jeremiah,15,11,Jeremiah 15:11 bible,False,574000,574000,True,9,9,True,9,9,,,,
Jeremiah,15,12,Jeremiah 15:12 bible,False,432000,432000,False,0,0,False,0,0,0.0,0.0,0.0,0.0
Jeremiah,15,13,Jeremiah 15:13 bible,False,796000,796000,False,0,0,False,0,0,0.0,0.0,0.0,0.0
Jeremiah,15,14,Jeremiah 15:14 bible,False,408000,408000,False,0,0,False,0,0,0.0,0.0,0.0,0.0
Jeremiah,15,15,Jeremiah 15:15 bible,False,426000,426000,True,8,8,True,8,8,,,,
Jeremiah,15,16,Jeremiah 15:16 bible,False,2770000,2770000,True,9,9,True,9,9,,,,
Jeremiah,15,17,Jeremiah 15:17 bible,True,139,1210000,False,0,0,False,0,0,0.0,0.0,0.0,0.0
Jeremiah,15,18,Jeremiah 15:18 bible,False,842000,842000,True,8,8,True,8,8,,,,
Jeremiah,15,19,Jeremiah 15:19 bible,False,656000,656000,False,0,0,False,0,0,0.0,0.0,0.0,0.0
Jeremiah,15,20,Jeremiah 15:20 bible,False,742000,742000,True,9,9,True,9,9,,,,
Jeremiah,15,21,Jeremiah 15:21 bible,False,592000,592000,False,0,0,False,0,0,0.0,0.0,0.0,0.0
Jeremiah,16,1,Jeremiah 16:1 bible,False,860000,860000,True,8,8,True,8,8,,,,
Jeremiah,16,2,Jeremiah 16:2 bible,False,615000,615000,True,8,8,True,8,8,,,,
Jeremiah,16,3,Jeremiah 16:3 bible,False,665000,665000,True,8,8,True,8,8,,,,
Jeremiah,16,4,Jeremiah 16:4 bible,False,413000,413000,True,8,8,True,8,8,,,,
Jeremiah,16,5,Jeremiah 16:5 bible,False,400000,400000,True,9,9,True,9,9,,,,
Jeremiah,16,6,Jeremiah 16:6 bible,False,412000,412000,True,9,9,True,9,9,,,,
Jeremiah,16,7,Jeremiah 16:7 bible,False,640000,640000,False,0,0,False,0,0,0.0,0.0,0.0,0.0
Jeremiah,16,8,Jeremiah 16:8 bible,True,41,0,False,0,0,False,0,0,0.0,0.0,0.0,0.0
Jeremiah,16,9,Jeremiah 16:9 bible,False,658000,658000,True,8,8,True,8,8,,,,
Jeremiah,16,10,Jeremiah 16:10 bible,False,460000,460000,True,9,9,True,9,9,,,,
Jeremiah,16,11,Jeremiah 16:11 bible,False,615000,615000,True,8,8,True,8,8,,,,
Jeremiah,16,12,Jeremiah 16:12 bible,False,403000,403000,True,8,8,True,8,8,,,,
Jeremiah,16,13,Jeremiah 16:13 bible,False,818000,818000,True,8,8,True,8,8,,,,
Jeremiah,16,14,Jeremiah 16:14 bible,True,41,568000,False,0,0,False,0,0,0.0,0.0,0.0,0.0
Jeremiah,16,15,Jeremiah 16:15 bible,False,678000,678000,False,0,0,False,0,0,0.0,0.0,0.0,0.0
Jeremiah,16,16,Jeremiah 16:16 bible,False,648000,648000,False,0,0,False,0,0,0.0,0.0,0.0,0.0
Jeremiah,16,17,Jeremiah 16:17 bible,False,3340000,3340000,True,8,8,True,8,8,,,,
Jeremiah,16,18,Jeremiah 16:18 bible,False,1710000,1710000,True,8,8,True,8,8,,,,
Jeremiah,16,19,Jeremiah 16:19 bible,True,138,856000,False,0,0,False,0,0,0.0,0.0,0.0,0.0
Jeremiah,16,20,Jeremiah 16:20 bible,False,705000,705000,True,8,8,True,8,8,,,,
Jeremiah,16,21,Jeremiah 16:21 bible,True,41,0,False,0,0,False,0,0,0.0,0.0,0.0,0.0
Jeremiah,17,1,Jeremiah 17:1 bible,False,871000,871000,True,9,9,True,9,9,,,,
Jeremiah,17,2,Jeremiah 17:2 bible,False,603000,603000,False,0,0,False,0,0,0.0,0.0,0.0,0.0
Jeremiah,17,3,Jeremiah 17:3 bible,False,646000,646000,True,9,9,True,9,9,,,,
Jeremiah,17,4,Jeremiah 17:4 bible,False,408000,408000,True,9,9,True,9,9,,,,
Jeremiah,17,5,Jeremiah 17:5 bible,False,632000,632000,True,8,8,True,8,8,,,,
Jeremiah,17,6,Jeremiah 17:6 bible,False,492000,492000,True,9,9,True,9,9,,,,
Jeremiah,17,7,Jeremiah 17:7 bible,False,707000,707000,True,9,9,True,9,9,,,,
Jeremiah,17,8,Jeremiah 17:8 bible,False,427000,427000,True,8,8,True,8,8,,,,
Jeremiah,17,9,Jeremiah 17:9 bible,False,630000,630000,True,7,7,True,7,7,,,,
Jeremiah,17,10,Jeremiah 17:10 bible,False,428000,428000,True,8,8,True,8,8,,,,
Jeremiah,17,11,Jeremiah 17:11 bible,False,601000,601000,False,0,0,False,0,0,0.0,0.0,0.0,0.0
Jeremiah,17,12,Jeremiah 17:12 bible,False,391000,391000,False,0,0,False,0,0,0.0,0.0,0.0,0.0
Jeremiah,17,13,Jeremiah 17:13 bible,False,388000,388000,True,9,9,True,9,9,,,,
Jeremiah,17,14,Jeremiah 17:14 bible,True,42,610000,False,0,0,False,0,0,0.0,0.0,0.0,0.0
Jeremiah,17,15,Jeremiah 17:15 bible,False,413000,413000,True,9,9,True,9,9,,,,
Jeremiah,17,16,Jeremiah 17:16 bible,False,392000,392000,True,9,9,True,9,9,,,,
Jeremiah,17,17,Jeremiah 17:17 bible,False,632000,632000,False,0,0,False,0,0,0.0,0.0,0.0,0.0
Jeremiah,17,18,Jeremiah 17:18 bible,False,2460000,2460000,False,0,0,False,0,0,0.0,0.0,0.0,0.0
Jeremiah,17,19,Jeremiah 17:19 bible,False,923000,923000,True,8,8,True,8,8,,,,
Jeremiah,17,20,Jeremiah 17:20 bible,False,1600000,1600000,True,8,8,True,8,8,,,,
Jeremiah,17,21,Jeremiah 17:21 bible,False,676000,676000,False,0,0,False,0,0,0.0,0.0,0.0,0.0
Jeremiah,17,22,Jeremiah 17:22 bible,False,538000,538000,False,0,0,False,0,0,0.0,0.0,0.0,0.0
Jeremiah,17,23,Jeremiah 17:23 bible,False,391000,391000,True,8,8,True,8,8,,,,
Jeremiah,17,24,Jeremiah 17:24 bible,False,429000,429000,True,8,8,True,8,8,,,,
Jeremiah,17,25,Jeremiah 17:25 bible,True,38,387000,False,0,0,False,0,0,0.0,0.0,0.0,0.0
Jeremiah,17,26,Jeremiah 17:26 bible,False,393000,393000,False,0,0,False,0,0,0.0,0.0,0.0,0.0
Jeremiah,17,27,Jeremiah 17:27 bible,False,388000,388000,True,8,8,True,8,8,,,,
Jeremiah,18,1,Jeremiah 18:1 bible,False,986000,986000,False,0,0,False,0,0,0.0,0.0,0.0,0.0
Jeremiah,18,2,Jeremiah 18:2 bible,False,651000,651000,True,9,9,True,9,9,,,,
Jeremiah,18,3,Jeremiah 18:3 bible,False,450000,450000,False,0,0,False,0,0,0.0,0.0,0.0,0.0
Jeremiah,18,4,Jeremiah 18:4 bible,False,560000,560000,False,0,0,False,0,0,0.0,0.0,0.0,0.0
Jeremiah,18,5,Jeremiah 18:5 bible,True,138,388000,False,0,0,False,0,0,0.0,0.0,0.0,0.0
Jeremiah,18,6,Jeremiah 18:6 bible,False,399000,399000,False,0,0,False,0,0,0.0,0.0,0.0,0.0
Jeremiah,18,7,Jeremiah 18:7 bible,False,389000,389000,False,0,0,False,0,0,0.0,0.0,0.0,0.0
Jeremiah,18,8,Jeremiah 18:8 bible,True,39,389000,False,0,0,False,0,0,0.0,0.0,0.0,0.0
Jeremiah,18,9,Jeremiah 18:9 bible,False,395000,395000,False,0,0,False,0,0,0.0,0.0,0.0,0.0
Jeremiah,18,10,Jeremiah 18:10 bible,True,136,571000,False,0,0,False,0,0,0.0,0.0,0.0,0.0
Jeremiah,18,11,Jeremiah 18:11 bible,False,388000,388000,True,7,7,True,7,7,,,,
Jeremiah,18,12,Jeremiah 18:12 bible,False,386000,386000,False,0,0,False,0,0,0.0,0.0,0.0,0.0
Jeremiah,18,13,Jeremiah 18:13 bible,False,388000,388000,True,8,8,True,8,8,,,,
Jeremiah,18,14,Jeremiah 18:14 bible,False,390000,390000,True,9,9,True,9,9,,,,
Jeremiah,18,15,Jeremiah 18:15 bible,False,404000,404000,True,9,9,True,9,9,,,,
Jeremiah,18,16,Jeremiah 18:16 bible,False,390000,390000,True,9,9,True,9,9,,,,
Jeremiah,18,17,Jeremiah 18:17 bible,False,390000,390000,False,0,0,False,0,0,0.0,0.0,0.0,0.0
Jeremiah,18,18,Jeremiah 18:18 bible,False,571000,571000,True,8,8,True,8,8,,,,
Jeremiah,18,19,Jeremiah 18:19 bible,False,2570000,2570000,True,8,8,True,8,8,,,,
Jeremiah,18,20,Jeremiah 18:20 bible,False,1360000,1360000,True,8,8,True,8,8,,,,
Jeremiah,18,21,Jeremiah 18:21 bible,True,39,1240000,False,0,0,False,0,0,0.0,0.0,0.0,0.0
Jeremiah,18,22,Jeremiah 18:22 bible,False,645000,645000,True,8,8,True,8,8,,,,
Jeremiah,18,23,Jeremiah 18:23 bible,False,561000,561000,False,0,0,False,0,0,0.0,0.0,0.0,0.0
Jeremiah,19,1,Jeremiah 19:1 bible,False,830000,830000,True,8,8,True,8,8,,,,
Jeremiah,19,2,Jeremiah 19:2 bible,False,566000,566000,True,8,8,True,8,8,,,,
Jeremiah,19,3,Jeremiah 19:3 bible,True,41,392000,False,0,0,False,0,0,0.0,0.0,0.0,0.0
Jeremiah,19,4,Jeremiah 19:4 bible,False,415000,415000,False,0,0,False,0,0,0.0,0.0,0.0,0.0
Jeremiah,19,5,Jeremiah 19:5 bible,False,422000,422000,False,0,0,False,0,0,0.0,0.0,0.0,0.0
Jeremiah,19,6,Jeremiah 19:6 bible,False,397000,397000,False,0,0,False,0,0,0.0,0.0,0.0,0.0
Jeremiah,19,7,Jeremiah 19:7 bible,False,419000,419000,False,0,0,False,0,0,0.0,0.0,0.0,0.0
Jeremiah,19,8,Jeremiah 19:8 bible,False,391000,391000,True,8,8,True,8,8,,,,
Jeremiah,19,9,Jeremiah 19:9 bible,False,392000,392000,True,9,9,True,9,9,,,,
Jeremiah,19,10,Jeremiah 19:10 bible,False,551000,551000,True,8,8,True,8,8,,,,
Jeremiah,19,11,Jeremiah 19:11 bible,False,592000,592000,False,0,0,False,0,0,0.0,0.0,0.0,0.0
Jeremiah,19,12,Jeremiah 19:12 bible,False,727000,727000,True,9,9,True,9,9,,,,
Jeremiah,19,13,Jeremiah 19:13 bible,False,391000,391000,True,9,9,True,9,9,,,,
Jeremiah,19,14,Jeremiah 19:14 bible,False,971000,971000,True,9,9,True,9,9,,,,
Jeremiah,19,15,Jeremiah 19:15 bible,False,389000,389000,True,8,8,True,8,8,,,,
Jeremiah,20,1,Jeremiah 20:1 bible,False,825000,825000,True,9,9,True,9,9,,,,
Jeremiah,20,2,Jeremiah 20:2 bible,False,593000,593000,True,9,9,True,9,9,,,,
Jeremiah,20,3,Jeremiah 20:3 bible,False,522000,522000,True,9,9,True,9,9,,,,
Jeremiah,20,4,Jeremiah 20:4 bible,False,591000,591000,False,0,0,False,0,0,0.0,0.0,0.0,0.0
Jeremiah,20,5,Jeremiah 20:5 bible,False,403000,403000,False,0,0,False,0,0,0.0,0.0,0.0,0.0
Jeremiah,20,6,Jeremiah 20:6 bible,False,403000,403000,True,8,8,True,8,8,,,,
Jeremiah,20,7,Jeremiah 20:7 bible,False,610000,610000,False,0,0,False,0,0,0.0,0.0,0.0,0.0
Jeremiah,20,8,Jeremiah 20:8 bible,False,391000,391000,True,8,8,True,8,8,,,,
Jeremiah,20,9,Jeremiah 20:9 bible,False,391000,391000,True,7,7,True,7,7,,,,
Jeremiah,20,10,Jeremiah 20:10 bible,False,398000,398000,True,9,9,True,9,9,,,,
Jeremiah,20,11,Jeremiah 20:11 bible,False,426000,426000,True,8,8,True,8,8,,,,
Jeremiah,20,12,Jeremiah 20:12 bible,False,434000,434000,True,9,9,True,9,9,,,,
Jeremiah,20,13,Jeremiah 20:13 bible,False,388000,388000,True,8,8,True,8,8,,,,
Jeremiah,20,14,Jeremiah 20:14 bible,False,388000,388000,True,9,9,True,9,9,,,,
Jeremiah,20,15,Jeremiah 20:15 bible,False,398000,398000,False,0,0,False,0,0,0.0,0.0,0.0,0.0
Jeremiah,20,16,Jeremiah 20:16 bible,False,387000,387000,True,9,9,True,9,9,,,,
Jeremiah,20,17,Jeremiah 20:17 bible,False,399000,399000,True,9,9,True,9,9,,,,
Jeremiah,20,18,Jeremiah 20:18 bible,True,131,387000,False,0,0,False,0,0,0.0,0.0,0.0,0.0
Jeremiah,21,1,Jeremiah 21:1 bible,False,833000,833000,False,0,0,False,0,0,0.0,0.0,0.0,0.0
Jeremiah,21,2,Jeremiah 21:2 bible,False,571000,571000,False,0,0,False,0,0,0.0,0.0,0.0,0.0
Jeremiah,21,3,Jeremiah 21:3 bible,False,397000,397000,False,0,0,False,0,0,0.0,0.0,0.0,0.0
Jeremiah,21,4,Jeremiah 21:4 bible,True,42,0,False,0,0,False,0,0,0.0,0.0,0.0,0.0
Jeremiah,21,5,Jeremiah 21:5 bible,True,38,0,False,0,0,False,0,0,0.0,0.0,0.0,0.0
Jeremiah,21,6,Jeremiah 21:6 bible,False,391000,391000,False,0,0,False,0,0,0.0,0.0,0.0,0.0
Jeremiah,21,7,Jeremiah 21:7 bible,False,389000,389000,True,8,8,True,8,8,,,,
Jeremiah,21,8,Jeremiah 21:8 bible,False,425000,425000,False,0,0,False,0,0,0.0,0.0,0.0,0.0
Jeremiah,21,9,Jeremiah 21:9 bible,False,388000,388000,True,9,9,True,9,9,,,,
Jeremiah,21,10,Jeremiah 21:10 bible,False,387000,387000,True,8,8,True,8,8,,,,
Jeremiah,21,11,Jeremiah 21:11 bible,False,386000,386000,True,8,8,True,8,8,,,,
Jeremiah,21,12,Jeremiah 21:12 bible,False,388000,388000,True,9,9,True,9,9,,,,
Jeremiah,21,13,Jeremiah 21:13 bible,False,386000,386000,True,9,9,True,9,9,,,,
Jeremiah,21,14,Jeremiah 21:14 bible,False,386000,386000,True,8,8,True,8,8,,,,
Jeremiah,22,1,Jeremiah 22:1 bible,True,133,0,False,0,0,False,0,0,0.0,0.0,0.0,0.0
Jeremiah,22,2,Jeremiah 22:2 bible,False,536000,536000,True,8,8,True,8,8,,,,
Jeremiah,22,3,Jeremiah 22:3 bible,False,481000,481000,True,9,9,True,9,9,,,,
Jeremiah,22,4,Jeremiah 22:4 bible,False,389000,389000,True,8,8,True,8,8,,,,
Jeremiah,22,5,Jeremiah 22:5 bible,False,389000,389000,True,8,8,True,8,8,,,,
Jeremiah,22,6,Jeremiah 22:6 bible,False,532000,532000,True,9,9,True,9,9,,,,
Jeremiah,22,7,Jeremiah 22:7 bible,False,389000,389000,True,9,9,True,9,9,,,,
Jeremiah,22,8,Jeremiah 22:8 bible,False,619000,619000,True,8,8,True,8,8,,,,
Jeremiah,22,9,Jeremiah 22:9 bible,True,40,386000,False,0,0,False,0,0,0.0,0.0,0.0,0.0
Jeremiah,22,10,Jeremiah 22:10 bible,True,39,386000,False,0,0,False,0,0,0.0,0.0,0.0,0.0
Jeremiah,22,11,Jeremiah 22:11 bible,False,387000,387000,True,8,8,True,8,8,,,,
Jeremiah,22,12,Jeremiah 22:12 bible,False,393000,393000,True,8,8,True,8,8,,,,
Jeremiah,22,13,Jeremiah 22:13 bible,False,389000,389000,True,9,9,True,9,9,,,,
Jeremiah,22,14,Jeremiah 22:14 bible,False,404000,404000,False,0,0,False,0,0,0.0,0.0,0.0,0.0
Jeremiah,22,15,Jeremiah 22:15 bible,False,387000,387000,False,0,0,False,0,0,0.0,0.0,0.0,0.0
Jeremiah,22,16,Jeremiah 22:16 bible,False,395000,395000,True,9,9,True,9,9,,,,
Jeremiah,22,17,Jeremiah 22:17 bible,True,135,0,False,0,0,False,0,0,0.0,0.0,0.0,0.0
Jeremiah,22,18,Jeremiah 22:18 bible,True,41,399000,False,0,0,False,0,0,0.0,0.0,0.0,0.0
Jeremiah,22,19,Jeremiah 22:19 bible,False,389000,389000,True,9,9,True,9,9,,,,
Jeremiah,22,20,Jeremiah 22:20 bible,False,392000,392000,True,8,8,True,8,8,,,,
Jeremiah,22,21,Jeremiah 22:21 bible,False,391000,391000,False,0,0,False,0,0,0.0,0.0,0.0,0.0
Jeremiah,22,22,Jeremiah 22:22 bible,False,392000,392000,False,0,0,False,0,0,0.0,0.0,0.0,0.0
Jeremiah,22,23,Jeremiah 22:23 bible,False,2560000,2560000,True,8,8,True,8,8,,,,
Jeremiah,22,24,Jeremiah 22:24 bible,False,830000,830000,False,0,0,False,0,0,0.0,0.0,0.0,0.0
Jeremiah,22,25,Jeremiah 22:25 bible,False,592000,592000,False,0,0,False,0,0,0.0,0.0,0.0,0.0
Jeremiah,22,26,Jeremiah 22:26 bible,False,420000,420000,True,8,8,True,8,8,,,,
Jeremiah,22,27,Jeremiah 22:27 bible,False,391000,391000,True,9,9,True,9,9,,,,
Jeremiah,22,28,Jeremiah 22:28 bible,True,38,486000,False,0,0,False,0,0,0.0,0.0,0.0,0.0
Jeremiah,22,29,Jeremiah 22:29 bible,False,411000,411000,True,8,8,True,8,8,,,,
Jeremiah,22,30,Jeremiah 22:30 bible,True,43,0,False,0,0,False,0,0,0.0,0.0,0.0,0.0
Jeremiah,23,1,Jeremiah 23:1 bible,True,41,937000,False,0,0,False,0,0,0.0,0.0,0.0,0.0
Jeremiah,23,2,Jeremiah 23:2 bible,False,557000,557000,True,8,8,True,8,8,,,,
Jeremiah,23,3,Jeremiah 23:3 bible,True,138,463000,False,0,0,False,0,0,0.0,0.0,0.0,0.0
Jeremiah,23,4,Jeremiah 23:4 bible,False,610000,610000,True,9,9,True,9,9,,,,
Jeremiah,23,5,Jeremiah 23:5 bible,False,556000,556000,False,0,0,False,0,0,0.0,0.0,0.0,0.0
Jeremiah,23,6,Jeremiah 23:6 bible,True,137,0,False,0,0,False,0,0,0.0,0.0,0.0,0.0
Jeremiah,23,7,Jeremiah 23:7 bible,True,39,0,False,0,0,False,0,0,0.0,0.0,0.0,0.0
Jeremiah,23,8,Jeremiah 23:8 bible,True,39,0,False,0,0,False,0,0,0.0,0.0,0.0,0.0
Jeremiah,23,9,Jeremiah 23:9 bible,True,40,386000,False,0,0,False,0,0,0.0,0.0,0.0,0.0
Jeremiah,23,10,Jeremiah 23:10 bible,False,388000,388000,True,9,9,True,9,9,,,,
Jeremiah,23,11,Jeremiah 23:11 bible,True,42,386000,False,0,0,False,0,0,0.0,0.0,0.0,0.0
Jeremiah,23,12,Jeremiah 23:12 bible,False,387000,387000,True,9,9,True,9,9,,,,
Jeremiah,23,13,Jeremiah 23:13 bible,True,38,387000,False,0,0,False,0,0,0.0,0.0,0.0,0.0
Jeremiah,23,14,Jeremiah 23:14 bible,False,386000,386000,True,9,9,True,9,9,,,,
Jeremiah,23,15,Jeremiah 23:15 bible,False,369000,369000,False,0,0,False,0,0,0.0,0.0,0.0,0.0
Jeremiah,23,16,Jeremiah 23:16 bible,False,362000,362000,True,8,8,True,8,8,,,,
Jeremiah,23,17,Jeremiah 23:17 bible,False,294000,294000,True,9,9,True,9,9,,,,
Jeremiah,23,18,Jeremiah 23:18 bible,True,39,386000,False,0,0,False,0,0,0.0,0.0,0.0,0.0
Jeremiah,23,19,Jeremiah 23:19 bible,False,437000,437000,True,9,9,True,9,9,,,,
Jeremiah,23,20,Jeremiah 23:20 bible,True,39,0,False,0,0,False,0,0,0.0,0.0,0.0,0.0
Jeremiah,23,21,Jeremiah 23:21 bible,False,386000,386000,True,9,9,True,9,9,,,,
Jeremiah,23,22,Jeremiah 23:22 bible,False,387000,387000,True,8,8,True,8,8,,,,
Jeremiah,23,23,Jeremiah 23:23 bible,False,416000,416000,True,8,8,True,8,8,,,,
Jeremiah,23,24,Jeremiah 23:24 bible,False,1970000,1970000,True,8,8,True,8,8,,,,
Jeremiah,23,25,Jeremiah 23:25 bible,False,729000,729000,True,8,8,True,8,8,,,,
Jeremiah,23,26,Jeremiah 23:26 bible,False,591000,591000,False,0,0,False,0,0,0.0,0.0,0.0,0.0
Jeremiah,23,27,Jeremiah 23:27 bible,False,451000,451000,True,8,8,True,8,8,,,,
Jeremiah,23,28,Jeremiah 23:28 bible,False,388000,388000,True,8,8,True,8,8,,,,
Jeremiah,23,29,Jeremiah 23:29 bible,False,391000,391000,True,8,8,True,8,8,,,,
Jeremiah,23,30,Jeremiah 23:30 bible,False,338000,338000,False,0,0,False,0,0,0.0,0.0,0.0,0.0
Jeremiah,23,31,Jeremiah 23:31 bible,False,357000,357000,True,9,9,True,9,9,,,,
Jeremiah,23,32,Jeremiah 23:32 bible,False,349000,349000,True,8,8,True,8,8,,,,
Jeremiah,23,33,Jeremiah 23:33 bible,True,40,0,False,0,0,False,0,0,0.0,0.0,0.0,0.0
Jeremiah,23,34,Jeremiah 23:34 bible,False,388000,388000,True,9,9,True,9,9,,,,
Jeremiah,23,35,Jeremiah 23:35 bible,False,241000,241000,True,9,9,True,9,9,,,,
Jeremiah,23,36,Jeremiah 23:36 bible,False,171000,171000,True,8,8,True,8,8,,,,
Jeremiah,23,37,Jeremiah 23:37 bible,False,311000,311000,True,8,8,True,8,8,,,,
Jeremiah,23,38,Jeremiah 23:38 bible,False,185000,185000,False,0,0,False,0,0,0.0,0.0,0.0,0.0
Jeremiah,23,39,Jeremiah 23:39 bible,False,260000,260000,False,0,0,False,0,0,0.0,0.0,0.0,0.0
Jeremiah,23,40,Jeremiah 23:40 bible,False,113000,113000,True,8,8,True,8,8,,,,
Jeremiah,24,1,Jeremiah 24:1 bible,False,688000,688000,True,8,8,True,8,8,,,,
Jeremiah,24,2,Jeremiah 24:2 bible,False,395000,395000,False,0,0,False,0,0,0.0,0.0,0.0,0.0
Jeremiah,24,3,Jeremiah 24:3 bible,False,428000,428000,True,9,9,True,9,9,,,,
Jeremiah,24,4,Jeremiah 24:4 bible,False,390000,390000,True,8,8,True,8,8,,,,
Jeremiah,24,5,Jeremiah 24:5 bible,False,389000,389000,True,9,9,True,9,9,,,,
Jeremiah,24,6,Jeremiah 24:6 bible,False,391000,391000,True,9,9,True,9,9,,,,
Jeremiah,24,7,Jeremiah 24:7 bible,True,41,850000,False,0,0,False,0,0,0.0,0.0,0.0,0.0
Jeremiah,24,8,Jeremiah 24:8 bible,False,387000,387000,True,9,9,True,9,9,,,,
Jeremiah,24,9,Jeremiah 24:9 bible,False,386000,386000,False,0,0,False,0,0,0.0,0.0,0.0,0.0
Jeremiah,24,10,Jeremiah 24:10 bible,False,388000,388000,True,8,8,True,8,8,,,,
Jeremiah,25,1,Jeremiah 25:1 bible,False,625000,625000,False,0,0,False,0,0,0.0,0.0,0.0,0.0
Jeremiah,25,2,Jeremiah 25:2 bible,True,41,401000,False,0,0,False,0,0,0.0,0.0,0.0,0.0
Jeremiah,25,3,Jeremiah 25:3 bible,False,386000,386000,False,0,0,False,0,0,0.0,0.0,0.0,0.0
Jeremiah,25,4,Jeremiah 25:4 bible,False,391000,391000,True,8,8,True,8,8,,,,
Jeremiah,25,5,Jeremiah 25:5 bible,False,387000,387000,True,8,8,True,8,8,,,,
Jeremiah,25,6,Jeremiah 25:6 bible,False,387000,387000,True,9,9,True,9,9,,,,
Jeremiah,25,7,Jeremiah 25:7 bible,False,363000,363000,True,8,8,True,8,8,,,,
Jeremiah,25,8,Jeremiah 25:8 bible,False,388000,388000,True,9,9,True,9,9,,,,
Jeremiah,25,9,Jeremiah 25:9 bible,False,387000,387000,True,9,9,True,9,9,,,,
Jeremiah,25,10,Jeremiah 25:10 bible,False,373000,373000,True,9,9,True,9,9,,,,
Jeremiah,25,11,Jeremiah 25:11 bible,False,378000,378000,True,9,9,True,9,9,,,,
Jeremiah,25,12,Jeremiah 25:12 bible,False,333000,333000,True,9,9,True,9,9,,,,
Jeremiah,25,13,Jeremiah 25:13 bible,False,330000,330000,True,8,8,True,8,8,,,,
Jeremiah,25,14,Jeremiah 25:14 bible,False,388000,388000,True,9,9,True,9,9,,,,
Jeremiah,25,15,Jeremiah 25:15 bible,False,266000,266000,True,8,8,True,8,8,,,,
Jeremiah,25,16,Jeremiah 25:16 bible,False,217000,217000,True,9,9,True,9,9,,,,
Jeremiah,25,17,Jeremiah 25:17 bible,False,200000,200000,True,9,9,True,9,9,,,,
Jeremiah,25,18,Jeremiah 25:18 bible,False,394000,394000,True,8,8,True,8,8,,,,
Jeremiah,25,19,Jeremiah 25:19 bible,False,303000,303000,True,8,8,True,8,8,,,,
Jeremiah,25,20,Jeremiah 25:20 bible,True,38,232000,False,0,0,False,0,0,0.0,0.0,0.0,0.0
Jeremiah,25,21,Jeremiah 25:21 bible,True,39,725000,False,0,0,False,0,0,0.0,0.0,0.0,0.0
Jeremiah,25,22,Jeremiah 25:22 bible,False,235000,235000,True,9,9,True,9,9,,,,
Jeremiah,25,23,Jeremiah 25:23 bible,False,386000,386000,True,8,8,True,8,8,,,,
Jeremiah,25,24,Jeremiah 25:24 bible,False,372000,372000,False,0,0,False,0,0,0.0,0.0,0.0,0.0
Jeremiah,25,25,Jeremiah 25:25 bible,False,383000,383000,False,0,0,False,0,0,0.0,0.0,0.0,0.0
Jeremiah,25,26,Jeremiah 25:26 bible,False,1280000,1280000,True,8,8,True,8,8,,,,
Jeremiah,25,27,Jeremiah 25:27 bible,True,37,0,False,0,0,False,0,0,0.0,0.0,0.0,0.0
Jeremiah,25,28,Jeremiah 25:28 bible,False,422000,422000,True,8,8,True,8,8,,,,
Jeremiah,25,29,Jeremiah 25:29 bible,False,389000,389000,True,8,8,True,8,8,,,,
Jeremiah,25,30,Jeremiah 25:30 bible,False,389000,389000,True,8,8,True,8,8,,,,
Jeremiah,25,31,Jeremiah 25:31 bible,False,404000,404000,True,7,7,True,7,7,,,,
Jeremiah,25,32,Jeremiah 25:32 bible,False,386000,386000,True,8,8,True,8,8,,,,
Jeremiah,25,33,Jeremiah 25:33 bible,False,372000,372000,True,9,9,True,9,9,,,,
Jeremiah,25,34,Jeremiah 25:34 bible,False,393000,393000,True,9,9,True,9,9,,,,
Jeremiah,25,35,Jeremiah 25:35 bible,True,38,0,False,0,0,False,0,0,0.0,0.0,0.0,0.0
Jeremiah,25,36,Jeremiah 25:36 bible,False,233000,233000,True,8,8,True,8,8,,,,
Jeremiah,25,37,Jeremiah 25:37 bible,False,222000,222000,True,9,9,True,9,9,,,,
Jeremiah,25,38,Jeremiah 25:38 bible,False,88200,88200,True,9,9,True,9,9,,,,
Jeremiah,26,1,Jeremiah 26:1 bible,False,482000,482000,True,8,8,True,8,8,,,,
Jeremiah,26,2,Jeremiah 26:2 bible,False,392000,392000,True,8,8,True,8,8,,,,
Jeremiah,26,3,Jeremiah 26:3 bible,False,617000,617000,True,8,8,True,8,8,,,,
Jeremiah,26,4,Jeremiah 26:4 bible,False,390000,390000,False,0,0,False,0,0,0.0,0.0,0.0,0.0
Jeremiah,26,5,Jeremiah 26:5 bible,True,38,386000,False,0,0,False,0,0,0.0,0.0,0.0,0.0
Jeremiah,26,6,Jeremiah 26:6 bible,False,341000,341000,True,9,9,True,9,9,,,,
Jeremiah,26,7,Jeremiah 26:7 bible,False,358000,358000,False,0,0,False,0,0,0.0,0.0,0.0,0.0
Jeremiah,26,8,Jeremiah 26:8 bible,False,270000,270000,True,8,8,True,8,8,,,,
Jeremiah,26,9,Jeremiah 26:9 bible,False,310000,310000,False,0,0,False,0,0,0.0,0.0,0.0,0.0
Jeremiah,26,10,Jeremiah 26:10 bible,True,38,268000,False,0,0,False,0,0,0.0,0.0,0.0,0.0
Jeremiah,26,11,Jeremiah 26:11 bible,False,297000,297000,False,0,0,False,0,0,0.0,0.0,0.0,0.0
Jeremiah,26,12,Jeremiah 26:12 bible,False,388000,388000,True,9,9,True,9,9,,,,
Jeremiah,26,13,Jeremiah 26:13 bible,False,345000,345000,True,9,9,True,9,9,,,,
Jeremiah,26,14,Jeremiah 26:14 bible,False,385000,385000,True,8,8,True,8,8,,,,
Jeremiah,26,15,Jeremiah 26:15 bible,False,301000,301000,True,8,8,True,8,8,,,,
Jeremiah,26,16,Jeremiah 26:16 bible,False,386000,386000,True,8,8,True,8,8,,,,
Jeremiah,26,17,Jeremiah 26:17 bible,False,392000,392000,True,8,8,True,8,8,,,,
Jeremiah,26,18,Jeremiah 26:18 bible,False,385000,385000,True,9,9,True,9,9,,,,
Jeremiah,26,19,Jeremiah 26:19 bible,False,327000,327000,True,8,8,True,8,8,,,,
Jeremiah,26,20,Jeremiah 26:20 bible,False,339000,339000,True,8,8,True,8,8,,,,
Jeremiah,26,21,Jeremiah 26:21 bible,False,257000,257000,True,8,8,True,8,8,,,,
Jeremiah,26,22,Jeremiah 26:22 bible,False,234000,234000,True,8,8,True,8,8,,,,
Jeremiah,26,23,Jeremiah 26:23 bible,False,203000,203000,True,8,8,True,8,8,,,,
Jeremiah,26,24,Jeremiah 26:24 bible,False,307000,307000,False,0,0,False,0,0,0.0,0.0,0.0,0.0
Jeremiah,27,1,Jeremiah 27:1 bible,False,693000,693000,True,8,8,True,8,8,,,,
Jeremiah,27,2,Jeremiah 27:2 bible,False,390000,390000,True,8,8,True,8,8,,,,
Jeremiah,27,3,Jeremiah 27:3 bible,False,387000,387000,True,8,8,True,8,8,,,,
Jeremiah,27,4,Jeremiah 27:4 bible,True,131,743000,False,0,0,False,0,0,0.0,0.0,0.0,0.0
Jeremiah,27,5,Jeremiah 27:5 bible,False,387000,387000,True,9,9,True,9,9,,,,
Jeremiah,27,6,Jeremiah 27:6 bible,False,385000,385000,True,9,9,True,9,9,,,,
Jeremiah,27,7,Jeremiah 27:7 bible,False,255000,255000,True,8,8,True,8,8,,,,
Jeremiah,27,8,Jeremiah 27:8 bible,False,329000,329000,True,8,8,True,8,8,,,,
Jeremiah,27,9,Jeremiah 27:9 bible,False,363000,363000,True,8,8,True,8,8,,,,
Jeremiah,27,10,Jeremiah 27:10 bible,False,332000,332000,True,8,8,True,8,8,,,,
Jeremiah,27,11,Jeremiah 27:11 bible,False,321000,321000,True,8,8,True,8,8,,,,
Jeremiah,27,12,Jeremiah 27:12 bible,False,321000,321000,False,0,0,False,0,0,0.0,0.0,0.0,0.0
Jeremiah,27,13,Jeremiah 27:13 bible,False,387000,387000,True,8,8,True,8,8,,,,
Jeremiah,27,14,Jeremiah 27:14 bible,False,390000,390000,False,0,0,False,0,0,0.0,0.0,0.0,0.0
Jeremiah,27,15,Jeremiah 27:15 bible,False,232000,232000,True,8,8,True,8,8,,,,
Jeremiah,27,16,Jeremiah 27:16 bible,False,187000,187000,True,9,9,True,9,9,,,,
Jeremiah,27,17,Jeremiah 27:17 bible,False,387000,387000,True,9,9,True,9,9,,,,
Jeremiah,27,18,Jeremiah 27:18 bible,False,186000,186000,True,9,9,True,9,9,,,,
Jeremiah,27,19,Jeremiah 27:19 bible,False,214000,214000,True,8,8,True,8,8,,,,
Jeremiah,27,20,Jeremiah 27:20 bible,False,288000,288000,True,8,8,True,8,8,,,,
Jeremiah,27,21,Jeremiah 27:21 bible,False,169000,169000,True,9,9,True,9,9,,,,
Jeremiah,27,22,Jeremiah 27:22 bible,False,215000,215000,True,8,8,True,8,8,,,,
Jeremiah,28,1,Jeremiah 28:1 bible,False,657000,657000,True,8,8,True,8,8,,,,
Jeremiah,28,2,Jeremiah 28:2 bible,False,404000,404000,False,0,0,False,0,0,0.0,0.0,0.0,0.0
Jeremiah,28,3,Jeremiah 28:3 bible,False,388000,388000,False,0,0,False,0,0,0.0,0.0,0.0,0.0
Jeremiah,28,4,Jeremiah 28:4 bible,False,328000,328000,True,8,8,True,8,8,,,,
Jeremiah,28,5,Jeremiah 28:5 bible,True,39,0,False,0,0,False,0,0,0.0,0.0,0.0,0.0
Jeremiah,28,6,Jeremiah 28:6 bible,False,390000,390000,True,9,9,True,9,9,,,,
Jeremiah,28,7,Jeremiah 28:7 bible,False,429000,429000,True,8,8,True,8,8,,,,
Jeremiah,28,8,Jeremiah 28:8 bible,False,387000,387000,False,0,0,False,0,0,0.0,0.0,0.0,0.0
Jeremiah,28,9,Jeremiah 28:9 bible,False,390000,390000,False,0,0,False,0,0,0.0,0.0,0.0,0.0
Jeremiah,28,10,Jeremiah 28:10 bible,False,386000,386000,True,9,9,True,9,9,,,,
Jeremiah,28,11,Jeremiah 28:11 bible,False,386000,386000,True,8,8,True,8,8,,,,
Jeremiah,28,12,Jeremiah 28:12 bible,False,391000,391000,True,9,9,True,9,9,,,,
Jeremiah,28,13,Jeremiah 28:13 bible,False,429000,429000,False,0,0,False,0,0,0.0,0.0,0.0,0.0
Jeremiah,28,14,Jeremiah 28:14 bible,False,294000,294000,True,9,9,True,9,9,,,,
Jeremiah,28,15,Jeremiah 28:15 bible,False,387000,387000,True,8,8,True,8,8,,,,
Jeremiah,28,16,Jeremiah 28:16 bible,False,388000,388000,True,8,8,True,8,8,,,,
Jeremiah,28,17,Jeremiah 28:17 bible,False,290000,290000,True,8,8,True,8,8,,,,
Jeremiah,29,1,Jeremiah 29:1 bible,False,402000,402000,False,0,0,False,0,0,0.0,0.0,0.0,0.0
Jeremiah,29,2,Jeremiah 29:2 bible,False,389000,389000,True,9,9,True,9,9,,,,
Jeremiah,29,3,Jeremiah 29:3 bible,False,386000,386000,True,8,8,True,8,8,,,,
Jeremiah,29,4,Jeremiah 29:4 bible,False,312000,312000,False,0,0,False,0,0,0.0,0.0,0.0,0.0
Jeremiah,29,5,Jeremiah 29:5 bible,False,230000,230000,False,0,0,False,0,0,0.0,0.0,0.0,0.0
Jeremiah,29,6,Jeremiah 29:6 bible,False,238000,238000,True,9,9,True,9,9,,,,
Jeremiah,29,7,Jeremiah 29:7 bible,False,340000,340000,True,9,9,True,9,9,,,,
Jeremiah,29,8,Jeremiah 29:8 bible,False,173000,173000,True,9,9,True,9,9,,,,
Jeremiah,29,9,Jeremiah 29:9 bible,True,141,0,False,0,0,False,0,0,0.0,0.0,0.0,0.0
Jeremiah,29,10,Jeremiah 29:10 bible,False,385000,385000,False,0,0,False,0,0,0.0,0.0,0.0,0.0
Jeremiah,29,11,Jeremiah 29:11 bible,False,3510000,3510000,False,0,0,False,0,0,0.0,0.0,0.0,0.0
Jeremiah,29,12,Jeremiah 29:12 bible,True,132,390000,False,0,0,False,0,0,0.0,0.0,0.0,0.0
Jeremiah,29,13,Jeremiah 29:13 bible,True,43,624000,False,0,0,False,0,0,0.0,0.0,0.0,0.0
Jeremiah,29,14,Jeremiah 29:14 bible,False,240000,240000,True,8,8,True,8,8,,,,
Jeremiah,29,15,Jeremiah 29:15 bible,False,217000,217000,False,0,0,False,0,0,0.0,0.0,0.0,0.0
Jeremiah,29,16,Jeremiah 29:16 bible,False,146000,146000,True,9,9,True,9,9,,,,
Jeremiah,29,17,Jeremiah 29:17 bible,False,202000,202000,True,9,9,True,9,9,,,,
Jeremiah,29,18,Jeremiah 29:18 bible,False,386000,386000,True,9,9,True,9,9,,,,
Jeremiah,29,19,Jeremiah 29:19 bible,False,137000,137000,True,9,9,True,9,9,,,,
Jeremiah,29,20,Jeremiah 29:20 bible,False,184000,184000,False,0,0,False,0,0,0.0,0.0,0.0,0.0
Jeremiah,29,21,Jeremiah 29:21 bible,False,125000,125000,False,0,0,False,0,0,0.0,0.0,0.0,0.0
Jeremiah,29,22,Jeremiah 29:22 bible,False,160000,160000,True,9,9,True,9,9,,,,
Jeremiah,29,23,Jeremiah 29:23 bible,False,225000,225000,False,0,0,False,0,0,0.0,0.0,0.0,0.0
Jeremiah,29,24,Jeremiah 29:24 bible,False,136000,136000,True,9,9,True,9,9,,,,
Jeremiah,29,25,Jeremiah 29:25 bible,False,324000,324000,True,8,8,True,8,8,,,,
Jeremiah,29,26,Jeremiah 29:26 bible,False,120000,120000,False,0,0,False,0,0,0.0,0.0,0.0,0.0
Jeremiah,29,27,Jeremiah 29:27 bible,False,126000,126000,True,9,9,True,9,9,,,,
Jeremiah,29,28,Jeremiah 29:28 bible,False,178000,178000,True,8,8,True,8,8,,,,
Jeremiah,29,29,Jeremiah 29:29 bible,False,386000,386000,False,0,0,False,0,0,0.0,0.0,0.0,0.0
Jeremiah,29,30,Jeremiah 29:30 bible,False,774000,774000,False,0,0,False,0,0,0.0,0.0,0.0,0.0
Jeremiah,29,31,Jeremiah 29:31 bible,False,600000,600000,True,8,8,True,8,8,,,,
Jeremiah,29,32,Jeremiah 29:32 bible,True,42,0,False,0,0,False,0,0,0.0,0.0,0.0,0.0
Jeremiah,30,1,Jeremiah 30:1 bible,False,425000,425000,True,8,8,True,8,8,,,,
Jeremiah,30,2,Jeremiah 30:2 bible,False,391000,391000,True,9,9,True,9,9,,,,
Jeremiah,30,3,Jeremiah 30:3 bible,False,385000,385000,True,8,8,True,8,8,,,,
Jeremiah,30,4,Jeremiah 30:4 bible,False,385000,385000,True,9,9,True,9,9,,,,
Jeremiah,30,5,Jeremiah 30:5 bible,False,516000,516000,False,0,0,False,0,0,0.0,0.0,0.0,0.0
Jeremiah,30,6,Jeremiah 30:6 bible,True,39,388000,False,0,0,False,0,0,0.0,0.0,0.0,0.0
Jeremiah,30,7,Jeremiah 30:7 bible,False,387000,387000,True,9,9,True,9,9,,,,
Jeremiah,30,8,Jeremiah 30:8 bible,False,388000,388000,True,8,8,True,8,8,,,,
Jeremiah,30,9,Jeremiah 30:9 bible,False,359000,359000,False,0,0,False,0,0,0.0,0.0,0.0,0.0
Jeremiah,30,10,Jeremiah 30:10 bible,False,383000,383000,True,8,8,True,8,8,,,,
Jeremiah,30,11,Jeremiah 30:11 bible,False,387000,387000,True,8,8,True,8,8,,,,
Jeremiah,30,12,Jeremiah 30:12 bible,False,277000,277000,True,8,8,True,8,8,,,,
Jeremiah,30,13,Jeremiah 30:13 bible,False,122000,122000,False,0,0,False,0,0,0.0,0.0,0.0,0.0
Jeremiah,30,14,Jeremiah 30:14 bible,False,193000,193000,True,9,9,True,9,9,,,,
Jeremiah,30,15,Jeremiah 30:15 bible,False,386000,386000,True,9,9,True,9,9,,,,
Jeremiah,30,16,Jeremiah 30:16 bible,False,236000,236000,True,9,9,True,9,9,,,,
Jeremiah,30,17,Jeremiah 30:17 bible,False,463000,463000,False,0,0,False,0,0,0.0,0.0,0.0,0.0
Jeremiah,30,18,Jeremiah 30:18 bible,True,38,0,False,0,0,False,0,0,0.0,0.0,0.0,0.0
Jeremiah,30,19,Jeremiah 30:19 bible,False,390000,390000,True,9,9,True,9,9,,,,
Jeremiah,30,20,Jeremiah 30:20 bible,False,266000,266000,True,9,9,True,9,9,,,,
Jeremiah,30,21,Jeremiah 30:21 bible,False,388000,388000,True,8,8,True,8,8,,,,
Jeremiah,30,22,Jeremiah 30:22 bible,False,210000,210000,False,0,0,False,0,0,0.0,0.0,0.0,0.0
Jeremiah,30,23,Jeremiah 30:23 bible,False,150000,150000,True,8,8,True,8,8,,,,
Jeremiah,30,24,Jeremiah 30:24 bible,True,143,0,False,0,0,False,0,0,0.0,0.0,0.0,0.0
Jeremiah,31,1,Jeremiah 31:1 bible,True,38,404000,False,0,0,False,0,0,0.0,0.0,0.0,0.0
Jeremiah,31,2,Jeremiah 31:2 bible,False,387000,387000,True,9,9,True,9,9,,,,
Jeremiah,31,3,Jeremiah 31:3 bible,False,603000,603000,True,7,7,True,7,7,,,,
Jeremiah,31,4,Jeremiah 31:4 bible,True,143,0,False,0,0,False,0,0,0.0,0.0,0.0,0.0
Jeremiah,31,5,Jeremiah 31:5 bible,False,290000,290000,True,9,9,True,9,9,,,,
Jeremiah,31,6,Jeremiah 31:6 bible,False,465000,465000,True,9,9,True,9,9,,,,
Jeremiah,31,7,Jeremiah 31:7 bible,False,267000,267000,True,8,8,True,8,8,,,,
Jeremiah,31,8,Jeremiah 31:8 bible,True,40,0,False,0,0,False,0,0,0.0,0.0,0.0,0.0
Jeremiah,31,9,Jeremiah 31:9 bible,False,315000,315000,True,8,8,True,8,8,,,,
Jeremiah,31,10,Jeremiah 31:10 bible,False,387000,387000,False,0,0,False,0,0,0.0,0.0,0.0,0.0
Jeremiah,31,11,Jeremiah 31:11 bible,False,217000,217000,False,0,0,False,0,0,0.0,0.0,0.0,0.0
Jeremiah,31,12,Jeremiah 31:12 bible,False,306000,306000,True,9,9,True,9,9,,,,
Jeremiah,31,13,Jeremiah 31:13 bible,False,375000,375000,False,0,0,False,0,0,0.0,0.0,0.0,0.0
Jeremiah,31,14,Jeremiah 31:14 bible,False,334000,334000,False,0,0,False,0,0,0.0,0.0,0.0,0.0
Jeremiah,31,15,Jeremiah 31:15 bible,True,133,0,False,0,0,False,0,0,0.0,0.0,0.0,0.0
Jeremiah,31,16,Jeremiah 31:16 bible,False,355000,355000,False,0,0,False,0,0,0.0,0.0,0.0,0.0
Jeremiah,31,17,Jeremiah 31:17 bible,False,289000,289000,True,10,10,True,10,10,,,,
Jeremiah,31,18,Jeremiah 31:18 bible,False,255000,255000,True,8,8,True,8,8,,,,
Jeremiah,31,19,Jeremiah 31:19 bible,False,266000,266000,True,9,9,True,9,9,,,,
Jeremiah,31,20,Jeremiah 31:20 bible,False,206000,206000,False,0,0,False,0,0,0.0,0.0,0.0,0.0
Jeremiah,31,21,Jeremiah 31:21 bible,True,44,146000,False,0,0,False,0,0,0.0,0.0,0.0,0.0
Jeremiah,31,22,Jeremiah 31:22 bible,True,40,0,False,0,0,False,0,0,0.0,0.0,0.0,0.0
Jeremiah,31,23,Jeremiah 31:23 bible,False,193000,193000,True,8,8,True,8,8,,,,
Jeremiah,31,24,Jeremiah 31:24 bible,False,345000,345000,True,9,9,True,9,9,,,,
Jeremiah,31,25,Jeremiah 31:25 bible,False,389000,389000,True,9,9,True,9,9,,,,
Jeremiah,31,26,Jeremiah 31:26 bible,False,209000,209000,True,8,8,True,8,8,,,,
Jeremiah,31,27,Jeremiah 31:27 bible,False,136000,136000,True,9,9,True,9,9,,,,
Jeremiah,31,28,Jeremiah 31:28 bible,False,182000,182000,True,8,8,True,8,8,,,,
Jeremiah,31,29,Jeremiah 31:29 bible,False,229000,229000,False,0,0,False,0,0,0.0,0.0,0.0,0.0
Jeremiah,31,30,Jeremiah 31:30 bible,False,333000,333000,True,8,8,True,8,8,,,,
Jeremiah,31,31,Jeremiah 31:31 bible,False,392000,392000,False,0,0,False,0,0,0.0,0.0,0.0,0.0
Jeremiah,31,32,Jeremiah 31:32 bible,False,784000,784000,False,0,0,False,0,0,0.0,0.0,0.0,0.0
Jeremiah,31,33,Jeremiah 31:33 bible,False,601000,601000,True,9,9,True,9,9,,,,
Jeremiah,31,34,Jeremiah 31:34 bible,False,435000,435000,True,8,8,True,8,8,,,,
Jeremiah,31,35,Jeremiah 31:35 bible,True,142,386000,False,0,0,False,0,0,0.0,0.0,0.0,0.0
Jeremiah,31,36,Jeremiah 31:36 bible,True,139,0,False,0,0,False,0,0,0.0,0.0,0.0,0.0
Jeremiah,31,37,Jeremiah 31:37 bible,False,225000,225000,True,9,9,True,9,9,,,,
Jeremiah,31,38,Jeremiah 31:38 bible,False,135000,135000,True,8,8,True,8,8,,,,
Jeremiah,31,39,Jeremiah 31:39 bible,False,234000,234000,False,0,0,False,0,0,0.0,0.0,0.0,0.0
Jeremiah,31,40,Jeremiah 31:40 bible,False,142000,142000,True,8,8,True,8,8,,,,
Jeremiah,32,1,Jeremiah 32:1 bible,False,391000,391000,True,8,8,True,8,8,,,,
Jeremiah,32,2,Jeremiah 32:2 bible,False,383000,383000,True,8,8,True,8,8,,,,
Jeremiah,32,3,Jeremiah 32:3 bible,True,136,302000,False,0,0,False,0,0,0.0,0.0,0.0,0.0
Jeremiah,32,4,Jeremiah 32:4 bible,False,385000,385000,True,8,8,True,8,8,,,,
Jeremiah,32,5,Jeremiah 32:5 bible,False,307000,307000,True,9,9,True,9,9,,,,
Jeremiah,32,6,Jeremiah 32:6 bible,True,39,0,False,0,0,False,0,0,0.0,0.0,0.0,0.0
Jeremiah,32,7,Jeremiah 32:7 bible,True,136,0,False,0,0,False,0,0,0.0,0.0,0.0,0.0
Jeremiah,32,8,Jeremiah 32:8 bible,False,420000,420000,True,9,9,True,9,9,,,,
Jeremiah,32,9,Jeremiah 32:9 bible,False,202000,202000,False,0,0,False,0,0,0.0,0.0,0.0,0.0
Jeremiah,32,10,Jeremiah 32:10 bible,False,266000,266000,False,0,0,False,0,0,0.0,0.0,0.0,0.0
Jeremiah,32,11,Jeremiah 32:11 bible,False,226000,226000,True,9,9,True,9,9,,,,
Jeremiah,32,12,Jeremiah 32:12 bible,False,123000,123000,False,0,0,False,0,0,0.0,0.0,0.0,0.0
Jeremiah,32,13,Jeremiah 32:13 bible,False,141000,141000,True,9,9,True,9,9,,,,
Jeremiah,32,14,Jeremiah 32:14 bible,False,115000,115000,False,0,0,False,0,0,0.0,0.0,0.0,0.0
Jeremiah,32,15,Jeremiah 32:15 bible,False,214000,214000,False,0,0,False,0,0,0.0,0.0,0.0,0.0
Jeremiah,32,16,Jeremiah 32:16 bible,False,111000,111000,True,9,9,True,9,9,,,,
Jeremiah,32,17,Jeremiah 32:17 bible,False,391000,391000,True,8,8,True,8,8,,,,
Jeremiah,32,18,Jeremiah 32:18 bible,False,180000,180000,False,0,0,False,0,0,0.0,0.0,0.0,0.0
Jeremiah,32,19,Jeremiah 32:19 bible,False,151000,151000,True,8,8,True,8,8,,,,
Jeremiah,32,20,Jeremiah 32:20 bible,False,202000,202000,True,9,9,True,9,9,,,,
Jeremiah,32,21,Jeremiah 32:21 bible,False,243000,243000,True,9,9,True,9,9,,,,
Jeremiah,32,22,Jeremiah 32:22 bible,False,311000,311000,True,8,8,True,8,8,,,,
Jeremiah,32,23,Jeremiah 32:23 bible,False,205000,205000,True,8,8,True,8,8,,,,
Jeremiah,32,24,Jeremiah 32:24 bible,False,257000,257000,True,9,9,True,9,9,,,,
Jeremiah,32,25,Jeremiah 32:25 bible,False,107000,107000,True,9,9,True,9,9,,,,
Jeremiah,32,26,Jeremiah 32:26 bible,False,201000,201000,True,8,8,True,8,8,,,,
Jeremiah,32,27,Jeremiah 32:27 bible,False,398000,398000,True,8,8,True,8,8,,,,
Jeremiah,32,28,Jeremiah 32:28 bible,False,208000,208000,False,0,0,False,0,0,0.0,0.0,0.0,0.0
Jeremiah,32,29,Jeremiah 32:29 bible,False,163000,163000,False,0,0,False,0,0,0.0,0.0,0.0,0.0
Jeremiah,32,30,Jeremiah 32:30 bible,False,204000,204000,True,9,9,True,9,9,,,,
Jeremiah,32,31,Jeremiah 32:31 bible,False,165000,165000,True,8,8,True,8,8,,,,
Jeremiah,32,32,Jeremiah 32:32 bible,True,180,234000,False,0,0,False,0,0,0.0,0.0,0.0,0.0
Jeremiah,32,33,Jeremiah 32:33 bible,False,602000,602000,True,8,8,True,8,8,,,,
Jeremiah,32,34,Jeremiah 32:34 bible,False,388000,388000,True,8,8,True,8,8,,,,
Jeremiah,32,35,Jeremiah 32:35 bible,False,387000,387000,True,8,8,True,8,8,,,,
Jeremiah,32,36,Jeremiah 32:36 bible,False,365000,365000,True,9,8,True,9,8,,,,
Jeremiah,32,37,Jeremiah 32:37 bible,False,249000,249000,False,0,0,False,0,0,0.0,0.0,0.0,0.0
Jeremiah,32,38,Jeremiah 32:38 bible,False,181000,181000,True,8,8,True,8,8,,,,
Jeremiah,32,39,Jeremiah 32:39 bible,False,303000,303000,True,8,8,True,8,8,,,,
Jeremiah,32,40,Jeremiah 32:40 bible,False,191000,191000,False,0,0,False,0,0,0.0,0.0,0.0,0.0
Jeremiah,32,41,Jeremiah 32:41 bible,False,124000,124000,True,8,8,True,8,8,,,,
Jeremiah,32,42,Jeremiah 32:42 bible,True,136,0,False,0,0,False,0,0,0.0,0.0,0.0,0.0
Jeremiah,32,43,Jeremiah 32:43 bible,False,101000,101000,True,9,9,True,9,9,,,,
Jeremiah,32,44,Jeremiah 32:44 bible,False,92200,92200,True,8,8,True,8,8,,,,
Jeremiah,33,1,Jeremiah 33:1 bible,False,388000,388000,True,8,8,True,8,8,,,,
Jeremiah,33,2,Jeremiah 33:2 bible,False,387000,387000,True,9,9,True,9,9,,,,
Jeremiah,33,3,Jeremiah 33:3 bible,False,767000,767000,False,0,0,False,0,0,0.0,0.0,0.0,0.0
Jeremiah,33,4,Jeremiah 33:4 bible,False,386000,386000,True,9,9,True,9,9,,,,
Jeremiah,33,5,Jeremiah 33:5 bible,False,215000,215000,True,8,8,True,8,8,,,,
Jeremiah,33,6,Jeremiah 33:6 bible,False,391000,391000,True,8,8,True,8,8,,,,
Jeremiah,33,7,Jeremiah 33:7 bible,False,225000,225000,True,9,9,True,9,9,,,,
Jeremiah,33,8,Jeremiah 33:8 bible,False,218000,218000,True,8,8,True,8,8,,,,
Jeremiah,33,9,Jeremiah 33:9 bible,False,232000,232000,True,8,8,True,8,8,,,,
Jeremiah,33,10,Jeremiah 33:10 bible,False,227000,227000,False,0,0,False,0,0,0.0,0.0,0.0,0.0
Jeremiah,33,11,Jeremiah 33:11 bible,False,388000,388000,True,8,8,True,8,8,,,,
Jeremiah,33,12,Jeremiah 33:12 bible,False,387000,387000,True,9,9,True,9,9,,,,
Jeremiah,33,13,Jeremiah 33:13 bible,False,258000,258000,True,9,9,True,9,9,,,,
Jeremiah,33,14,Jeremiah 33:14 bible,False,389000,389000,True,8,8,True,8,8,,,,
Jeremiah,33,15,Jeremiah 33:15 bible,True,137,296000,False,0,0,False,0,0,0.0,0.0,0.0,0.0
Jeremiah,33,16,Jeremiah 33:16 bible,False,222000,222000,True,9,9,True,9,9,,,,
Jeremiah,33,17,Jeremiah 33:17 bible,False,241000,241000,False,0,0,False,0,0,0.0,0.0,0.0,0.0
Jeremiah,33,18,Jeremiah 33:18 bible,False,378000,378000,True,9,9,True,9,9,,,,
Jeremiah,33,19,Jeremiah 33:19 bible,False,242000,242000,True,9,9,True,9,9,,,,
Jeremiah,33,20,Jeremiah 33:20 bible,False,355000,355000,True,9,9,True,9,9,,,,
Jeremiah,33,21,Jeremiah 33:21 bible,True,142,143000,False,0,0,False,0,0,0.0,0.0,0.0,0.0
Jeremiah,33,22,Jeremiah 33:22 bible,False,249000,249000,True,9,9,True,9,9,,,,
Jeremiah,33,23,Jeremiah 33:23 bible,False,147000,147000,True,8,8,True,8,8,,,,
Jeremiah,33,24,Jeremiah 33:24 bible,False,169000,169000,True,9,9,True,9,9,,,,
Jeremiah,33,25,Jeremiah 33:25 bible,True,144,0,False,0,0,False,0,0,0.0,0.0,0.0,0.0
Jeremiah,33,26,Jeremiah 33:26 bible,False,128000,128000,True,9,9,True,9,9,,,,
Jeremiah,34,1,Jeremiah 34:1 bible,False,411000,411000,False,0,0,False,0,0,0.0,0.0,0.0,0.0
Jeremiah,34,2,Jeremiah 34:2 bible,False,330000,330000,True,8,8,True,8,8,,,,
Jeremiah,34,3,Jeremiah 34:3 bible,False,209000,209000,True,8,8,True,8,8,,,,
Jeremiah,34,4,Jeremiah 34:4 bible,False,387000,387000,True,8,8,True,8,8,,,,
Jeremiah,34,5,Jeremiah 34:5 bible,False,365000,365000,True,8,8,True,8,8,,,,
Jeremiah,34,6,Jeremiah 34:6 bible,False,386000,386000,True,8,8,True,8,8,,,,
Jeremiah,34,7,Jeremiah 34:7 bible,False,642000,642000,False,0,0,False,0,0,0.0,0.0,0.0,0.0
Jeremiah,34,8,Jeremiah 34:8 bible,False,389000,389000,True,8,8,True,8,8,,,,
Jeremiah,34,9,Jeremiah 34:9 bible,True,127,237000,False,0,0,False,0,0,0.0,0.0,0.0,0.0
Jeremiah,34,10,Jeremiah 34:10 bible,False,386000,386000,False,0,0,False,0,0,0.0,0.0,0.0,0.0
Jeremiah,34,11,Jeremiah 34:11 bible,False,294000,294000,True,8,8,True,8,8,,,,
Jeremiah,34,12,Jeremiah 34:12 bible,False,179000,179000,False,0,0,False,0,0,0.0,0.0,0.0,0.0
Jeremiah,34,13,Jeremiah 34:13 bible,False,167000,167000,True,9,9,True,9,9,,,,
Jeremiah,34,14,Jeremiah 34:14 bible,False,367000,367000,True,8,8,True,8,8,,,,
Jeremiah,34,15,Jeremiah 34:15 bible,False,296000,296000,True,8,8,True,8,8,,,,
Jeremiah,34,16,Jeremiah 34:16 bible,False,282000,282000,False,0,0,False,0,0,0.0,0.0,0.0,0.0
Jeremiah,34,17,Jeremiah 34:17 bible,False,389000,389000,False,0,0,False,0,0,0.0,0.0,0.0,0.0
Jeremiah,34,18,Jeremiah 34:18 bible,False,463000,463000,True,7,7,True,7,7,,,,
Jeremiah,34,19,Jeremiah 34:19 bible,True,0,388000,False,0,0,False,0,0,0.0,0.0,0.0,0.0
Jeremiah,34,20,Jeremiah 34:20 bible,False,132000,132000,True,8,8,True,8,8,,,,
Jeremiah,34,21,Jeremiah 34:21 bible,False,242000,242000,False,0,0,False,0,0,0.0,0.0,0.0,0.0
Jeremiah,34,22,Jeremiah 34:22 bible,False,153000,153000,True,8,8,True,8,8,,,,
Jeremiah,35,1,Jeremiah 35:1 bible,False,389000,389000,True,8,8,True,8,8,,,,
Jeremiah,35,2,Jeremiah 35:2 bible,False,335000,335000,True,9,9,True,9,9,,,,
Jeremiah,35,3,Jeremiah 35:3 bible,True,37,0,False,0,0,False,0,0,0.0,0.0,0.0,0.0
Jeremiah,35,4,Jeremiah 35:4 bible,False,342000,342000,False,0,0,False,0,0,0.0,0.0,0.0,0.0
Jeremiah,35,5,Jeremiah 35:5 bible,False,245000,245000,True,8,8,True,8,8,,,,
Jeremiah,35,6,Jeremiah 35:6 bible,False,196000,196000,True,9,9,True,9,9,,,,
Jeremiah,35,7,Jeremiah 35:7 bible,False,113000,113000,False,0,0,False,0,0,0.0,0.0,0.0,0.0
Jeremiah,35,8,Jeremiah 35:8 bible,False,212000,212000,False,0,0,False,0,0,0.0,0.0,0.0,0.0
Jeremiah,35,9,Jeremiah 35:9 bible,False,163000,163000,True,8,8,True,8,8,,,,
Jeremiah,35,10,Jeremiah 35:10 bible,False,255000,255000,False,0,0,False,0,0,0.0,0.0,0.0,0.0
Jeremiah,35,11,Jeremiah 35:11 bible,False,146000,146000,False,0,0,False,0,0,0.0,0.0,0.0,0.0
Jeremiah,35,12,Jeremiah 35:12 bible,False,82200,82200,False,0,0,False,0,0,0.0,0.0,0.0,0.0
Jeremiah,35,13,Jeremiah 35:13 bible,False,150000,150000,True,8,8,True,8,8,,,,
Jeremiah,35,14,Jeremiah 35:14 bible,False,66600,66600,True,9,9,True,9,9,,,,
Jeremiah,35,15,Jeremiah 35:15 bible,False,180000,180000,True,9,9,True,9,9,,,,
Jeremiah,35,16,Jeremiah 35:16 bible,False,66800,66800,True,8,8,True,8,8,,,,
Jeremiah,35,17,Jeremiah 35:17 bible,True,129,98500,False,0,0,False,0,0,0.0,0.0,0.0,0.0
Jeremiah,35,18,Jeremiah 35:18 bible,False,112000,112000,True,8,8,True,8,8,,,,
Jeremiah,35,19,Jeremiah 35:19 bible,False,89700,89700,True,8,8,True,8,8,,,,
Jeremiah,36,1,Jeremiah 36:1 bible,False,352000,352000,True,8,8,True,8,8,,,,
Jeremiah,36,2,Jeremiah 36:2 bible,False,213000,213000,True,9,9,True,9,9,,,,
Jeremiah,36,3,Jeremiah 36:3 bible,False,140000,140000,False,0,0,False,0,0,0.0,0.0,0.0,0.0
Jeremiah,36,4,Jeremiah 36:4 bible,True,141,123000,False,0,0,False,0,0,0.0,0.0,0.0,0.0
Jeremiah,36,5,Jeremiah 36:5 bible,False,277000,277000,True,8,8,True,8,8,,,,
Jeremiah,36,6,Jeremiah 36:6 bible,False,143000,143000,True,9,9,True,9,9,,,,
Jeremiah,36,7,Jeremiah 36:7 bible,False,209000,209000,True,8,8,True,8,8,,,,
Jeremiah,36,8,Jeremiah 36:8 bible,False,301000,301000,True,9,9,True,9,9,,,,
Jeremiah,36,9,Jeremiah 36:9 bible,False,227000,227000,True,8,8,True,8,8,,,,
Jeremiah,36,10,Jeremiah 36:10 bible,True,140,129000,False,0,0,False,0,0,0.0,0.0,0.0,0.0
Jeremiah,36,11,Jeremiah 36:11 bible,False,296000,296000,False,0,0,False,0,0,0.0,0.0,0.0,0.0
Jeremiah,36,12,Jeremiah 36:12 bible,False,80600,80600,True,8,8,True,8,8,,,,
Jeremiah,36,13,Jeremiah 36:13 bible,False,65900,65900,False,0,0,False,0,0,0.0,0.0,0.0,0.0
Jeremiah,36,14,Jeremiah 36:14 bible,False,76300,76300,True,9,9,True,9,9,,,,
Jeremiah,36,15,Jeremiah 36:15 bible,False,104000,104000,True,8,8,True,8,8,,,,
Jeremiah,36,16,Jeremiah 36:16 bible,False,105000,105000,True,8,8,True,8,8,,,,
Jeremiah,36,17,Jeremiah 36:17 bible,True,40,119000,False,0,0,False,0,0,0.0,0.0,0.0,0.0
Jeremiah,36,18,Jeremiah 36:18 bible,False,50400,50400,True,8,8,True,8,8,,,,
Jeremiah,36,19,Jeremiah 36:19 bible,False,58900,58900,False,0,0,False,0,0,0.0,0.0,0.0,0.0
Jeremiah,36,20,Jeremiah 36:20 bible,False,126000,126000,True,8,8,True,8,8,,,,
Jeremiah,36,21,Jeremiah 36:21 bible,False,141000,141000,False,0,0,False,0,0,0.0,0.0,0.0,0.0
Jeremiah,36,22,Jeremiah 36:22 bible,True,141,147000,False,0,0,False,0,0,0.0,0.0,0.0,0.0
Jeremiah,36,23,Jeremiah 36:23 bible,False,158000,158000,True,8,8,True,8,8,,,,
Jeremiah,36,24,Jeremiah 36:24 bible,False,136000,136000,True,8,8,True,8,8,,,,
Jeremiah,36,25,Jeremiah 36:25 bible,True,44,0,False,0,0,False,0,0,0.0,0.0,0.0,0.0
Jeremiah,36,26,Jeremiah 36:26 bible,False,389000,389000,True,8,8,True,8,8,,,,
Jeremiah,36,27,Jeremiah 36:27 bible,False,172000,172000,False,0,0,False,0,0,0.0,0.0,0.0,0.0
Jeremiah,36,28,Jeremiah 36:28 bible,False,81200,81200,True,8,8,True,8,8,,,,
Jeremiah,36,29,Jeremiah 36:29 bible,False,67100,67100,False,0,0,False,0,0,0.0,0.0,0.0,0.0
Jeremiah,36,30,Jeremiah 36:30 bible,False,48100,48100,True,9,9,True,9,9,,,,
Jeremiah,36,31,Jeremiah 36:31 bible,False,48200,48200,True,8,8,True,8,8,,,,
Jeremiah,36,32,Jeremiah 36:32 bible,True,200,65300,False,0,0,False,0,0,0.0,0.0,0.0,0.0
Jeremiah,37,1,Jeremiah 37:1 bible,False,389000,389000,True,8,8,True,8,8,,,,
Jeremiah,37,2,Jeremiah 37:2 bible,False,239000,239000,True,8,8,True,8,8,,,,
Jeremiah,37,3,Jeremiah 37:3 bible,True,42,0,False,0,0,False,0,0,0.0,0.0,0.0,0.0
Jeremiah,37,4,Jeremiah 37:4 bible,False,435000,435000,False,0,0,False,0,0,0.0,0.0,0.0,0.0
Jeremiah,37,5,Jeremiah 37:5 bible,False,398000,398000,False,0,0,False,0,0,0.0,0.0,0.0,0.0
Jeremiah,37,6,Jeremiah 37:6 bible,False,208000,208000,True,8,8,True,8,8,,,,
Jeremiah,37,7,Jeremiah 37:7 bible,False,386000,386000,True,8,8,True,8,8,,,,
Jeremiah,37,8,Jeremiah 37:8 bible,False,168000,168000,True,8,8,True,8,8,,,,
Jeremiah,37,9,Jeremiah 37:9 bible,True,39,221000,False,0,0,False,0,0,0.0,0.0,0.0,0.0
Jeremiah,37,10,Jeremiah 37:10 bible,False,153000,153000,True,8,8,True,8,8,,,,
Jeremiah,37,11,Jeremiah 37:11 bible,False,163000,163000,False,0,0,False,0,0,0.0,0.0,0.0,0.0
Jeremiah,37,12,Jeremiah 37:12 bible,False,144000,144000,True,8,8,True,8,8,,,,
Jeremiah,37,13,Jeremiah 37:13 bible,False,91200,91200,True,8,8,True,8,8,,,,
Jeremiah,37,14,Jeremiah 37:14 bible,False,137000,137000,True,8,8,True,8,8,,,,
Jeremiah,37,15,Jeremiah 37:15 bible,False,125000,125000,False,0,0,False,0,0,0.0,0.0,0.0,0.0
Jeremiah,37,16,Jeremiah 37:16 bible,False,144000,144000,False,0,0,False,0,0,0.0,0.0,0.0,0.0
Jeremiah,37,17,Jeremiah 37:17 bible,False,97500,97500,True,8,8,True,8,8,,,,
Jeremiah,37,18,Jeremiah 37:18 bible,False,139000,139000,False,0,0,False,0,0,0.0,0.0,0.0,0.0
Jeremiah,37,19,Jeremiah 37:19 bible,False,173000,173000,True,8,8,True,8,8,,,,
Jeremiah,37,20,Jeremiah 37:20 bible,False,152000,152000,True,8,8,True,8,8,,,,
Jeremiah,37,21,Jeremiah 37:21 bible,False,152000,152000,True,9,9,True,9,9,,,,
Jeremiah,38,1,Jeremiah 38:1 bible,False,668000,668000,True,8,8,True,8,8,,,,
Jeremiah,38,2,Jeremiah 38:2 bible,False,247000,247000,True,9,9,True,9,9,,,,
Jeremiah,38,3,Jeremiah 38:3 bible,True,37,178000,False,0,0,False,0,0,0.0,0.0,0.0,0.0
Jeremiah,38,4,Jeremiah 38:4 bible,False,261000,261000,True,9,9,True,9,9,,,,
Jeremiah,38,5,Jeremiah 38:5 bible,False,134000,134000,True,8,8,True,8,8,,,,
Jeremiah,38,6,Jeremiah 38:6 bible,False,128000,128000,False,0,0,False,0,0,0.0,0.0,0.0,0.0
Jeremiah,38,7,Jeremiah 38:7 bible,False,186000,186000,True,8,8,True,8,8,,,,
Jeremiah,38,8,Jeremiah 38:8 bible,False,171000,171000,False,0,0,False,0,0,0.0,0.0,0.0,0.0
Jeremiah,38,9,Jeremiah 38:9 bible,False,120000,120000,True,8,8,True,8,8,,,,
Jeremiah,38,10,Jeremiah 38:10 bible,True,37,144000,False,0,0,False,0,0,0.0,0.0,0.0,0.0
Jeremiah,38,11,Jeremiah 38:11 bible,False,96300,96300,True,9,9,True,9,9,,,,
Jeremiah,38,12,Jeremiah 38:12 bible,False,206000,206000,False,0,0,False,0,0,0.0,0.0,0.0,0.0
Jeremiah,38,13,Jeremiah 38:13 bible,False,75900,75900,True,8,8,True,8,8,,,,
Jeremiah,38,14,Jeremiah 38:14 bible,True,41,0,False,0,0,False,0,0,0.0,0.0,0.0,0.0
Jeremiah,38,15,Jeremiah 38:15 bible,True,40,125000,False,0,0,False,0,0,0.0,0.0,0.0,0.0
Jeremiah,38,16,Jeremiah 38:16 bible,False,202000,202000,True,9,9,True,9,9,,,,
Jeremiah,38,17,Jeremiah 38:17 bible,True,40,136000,False,0,0,False,0,0,0.0,0.0,0.0,0.0
Jeremiah,38,18,Jeremiah 38:18 bible,False,142000,142000,True,8,8,True,8,8,,,,
Jeremiah,38,19,Jeremiah 38:19 bible,False,85600,85600,True,8,8,True,8,8,,,,
Jeremiah,38,20,Jeremiah 38:20 bible,False,74000,74000,True,8,8,True,8,8,,,,
Jeremiah,38,21,Jeremiah 38:21 bible,False,61100,61100,False,0,0,False,0,0,0.0,0.0,0.0,0.0
Jeremiah,38,22,Jeremiah 38:22 bible,False,157000,157000,True,9,9,True,9,9,,,,
Jeremiah,38,23,Jeremiah 38:23 bible,True,141,0,False,0,0,False,0,0,0.0,0.0,0.0,0.0
Jeremiah,38,24,Jeremiah 38:24 bible,True,40,47100,False,0,0,False,0,0,0.0,0.0,0.0,0.0
Jeremiah,38,25,Jeremiah 38:25 bible,False,49300,49300,True,8,8,True,8,8,,,,
Jeremiah,38,26,Jeremiah 38:26 bible,False,45800,45800,True,9,9,True,9,9,,,,
Jeremiah,38,27,Jeremiah 38:27 bible,False,29900,29900,True,9,9,True,9,9,,,,
Jeremiah,38,28,Jeremiah 38:28 bible,False,33100,33100,True,8,8,True,8,8,,,,
Jeremiah,39,1,Jeremiah 39:1 bible,False,384000,384000,False,0,0,False,0,0,0.0,0.0,0.0,0.0
Jeremiah,39,2,Jeremiah 39:2 bible,True,40,0,False,0,0,False,0,0,0.0,0.0,0.0,0.0
Jeremiah,39,3,Jeremiah 39:3 bible,True,38,172000,False,0,0,False,0,0,0.0,0.0,0.0,0.0
Jeremiah,39,4,Jeremiah 39:4 bible,False,148000,148000,True,8,8,True,8,8,,,,
Jeremiah,39,5,Jeremiah 39:5 bible,False,138000,138000,False,0,0,False,0,0,0.0,0.0,0.0,0.0
Jeremiah,39,6,Jeremiah 39:6 bible,False,140000,140000,True,9,9,True,9,9,,,,
Jeremiah,39,7,Jeremiah 39:7 bible,False,228000,228000,False,0,0,False,0,0,0.0,0.0,0.0,0.0
Jeremiah,39,8,Jeremiah 39:8 bible,True,39,98300,False,0,0,False,0,0,0.0,0.0,0.0,0.0
Jeremiah,39,9,Jeremiah 39:9 bible,False,161000,161000,False,0,0,False,0,0,0.0,0.0,0.0,0.0
Jeremiah,39,10,Jeremiah 39:10 bible,False,83900,83900,True,8,8,True,8,8,,,,
Jeremiah,39,11,Jeremiah 39:11 bible,False,89200,89200,True,8,8,True,8,8,,,,
Jeremiah,39,12,Jeremiah 39:12 bible,False,114000,114000,False,0,0,False,0,0,0.0,0.0,0.0,0.0
Jeremiah,39,13,Jeremiah 39:13 bible,False,90100,90100,False,0,0,False,0,0,0.0,0.0,0.0,0.0
Jeremiah,39,14,Jeremiah 39:14 bible,True,39,55500,False,0,0,False,0,0,0.0,0.0,0.0,0.0
Jeremiah,39,15,Jeremiah 39:15 bible,False,39900,39900,True,8,8,True,8,8,,,,
Jeremiah,39,16,Jeremiah 39:16 bible,False,75200,75200,False,0,0,False,0,0,0.0,0.0,0.0,0.0
Jeremiah,39,17,Jeremiah 39:17 bible,False,72400,72400,True,8,8,True,8,8,,,,
Jeremiah,39,18,Jeremiah 39:18 bible,False,70100,70100,True,8,8,True,8,8,,,,
Jeremiah,40,1,Jeremiah 40:1 bible,False,391000,391000,True,8,8,True,8,8,,,,
Jeremiah,40,2,Jeremiah 40:2 bible,False,379000,379000,True,8,8,True,8,8,,,,
Jeremiah,40,3,Jeremiah 40:3 bible,False,386000,386000,True,8,8,True,8,8,,,,
Jeremiah,40,4,Jeremiah 40:4 bible,False,261000,261000,False,0,0,False,0,0,0.0,0.0,0.0,0.0
Jeremiah,40,5,Jeremiah 40:5 bible,False,239000,239000,True,8,8,True,8,8,,,,
Jeremiah,40,6,Jeremiah 40:6 bible,False,223000,223000,True,9,9,True,9,9,,,,
Jeremiah,40,7,Jeremiah 40:7 bible,False,165000,165000,False,0,0,False,0,0,0.0,0.0,0.0,0.0
Jeremiah,40,8,Jeremiah 40:8 bible,False,388000,388000,True,9,9,True,9,9,,,,
Jeremiah,40,9,Jeremiah 40:9 bible,False,245000,245000,True,9,9,True,9,9,,,,
Jeremiah,40,10,Jeremiah 40:10 bible,False,165000,165000,False,0,0,False,0,0,0.0,0.0,0.0,0.0
Jeremiah,40,11,Jeremiah 40:11 bible,False,393000,393000,True,9,9,True,9,9,,,,
Jeremiah,40,12,Jeremiah 40:12 bible,False,218000,218000,False,0,0,False,0,0,0.0,0.0,0.0,0.0
Jeremiah,40,13,Jeremiah 40:13 bible,False,226000,226000,False,0,0,False,0,0,0.0,0.0,0.0,0.0
Jeremiah,40,14,Jeremiah 40:14 bible,True,38,0,False,0,0,False,0,0,0.0,0.0,0.0,0.0
Jeremiah,40,15,Jeremiah 40:15 bible,True,41,155000,False,0,0,False,0,0,0.0,0.0,0.0,0.0
Jeremiah,40,16,Jeremiah 40:16 bible,False,90600,90600,True,8,8,True,8,8,,,,
Jeremiah,41,1,Jeremiah 41:1 bible,False,385000,385000,True,8,8,True,8,8,,,,
Jeremiah,41,2,Jeremiah 41:2 bible,False,188000,188000,True,8,8,True,8,8,,,,
Jeremiah,41,3,Jeremiah 41:3 bible,False,176000,176000,True,8,8,True,8,8,,,,
Jeremiah,41,4,Jeremiah 41:4 bible,False,182000,182000,True,8,8,True,8,8,,,,
Jeremiah,41,5,Jeremiah 41:5 bible,False,137000,137000,True,9,9,True,9,9,,,,
Jeremiah,41,6,Jeremiah 41:6 bible,False,66600,66600,False,0,0,False,0,0,0.0,0.0,0.0,0.0
Jeremiah,41,7,Jeremiah 41:7 bible,False,55500,55500,True,8,8,True,8,8,,,,
Jeremiah,41,8,Jeremiah 41:8 bible,True,41,0,False,0,0,False,0,0,0.0,0.0,0.0,0.0
Jeremiah,41,9,Jeremiah 41:9 bible,True,37,236000,False,0,0,False,0,0,0.0,0.0,0.0,0.0
Jeremiah,41,10,Jeremiah 41:10 bible,False,858000,858000,False,0,0,False,0,0,0.0,0.0,0.0,0.0
Jeremiah,41,11,Jeremiah 41:11 bible,False,174000,174000,True,8,8,True,8,8,,,,
Jeremiah,41,12,Jeremiah 41:12 bible,False,119000,119000,True,9,9,True,9,9,,,,
Jeremiah,41,13,Jeremiah 41:13 bible,False,386000,386000,False,0,0,False,0,0,0.0,0.0,0.0,0.0
Jeremiah,41,14,Jeremiah 41:14 bible,False,235000,235000,True,8,8,True,8,8,,,,
Jeremiah,41,15,Jeremiah 41:15 bible,False,83200,83200,True,8,8,True,8,8,,,,
Jeremiah,41,16,Jeremiah 41:16 bible,False,88800,88800,True,9,9,True,9,9,,,,
Jeremiah,41,17,Jeremiah 41:17 bible,False,167000,167000,True,8,8,True,8,8,,,,
Jeremiah,41,18,Jeremiah 41:18 bible,False,90500,90500,True,8,8,True,8,8,,,,
Jeremiah,42,1,Jeremiah 42:1 bible,False,395000,395000,False,0,0,False,0,0,0.0,0.0,0.0,0.0
Jeremiah,42,2,Jeremiah 42:2 bible,True,38,375000,False,0,0,False,0,0,0.0,0.0,0.0,0.0
Jeremiah,42,3,Jeremiah 42:3 bible,False,187000,187000,True,8,8,True,8,8,,,,
Jeremiah,42,4,Jeremiah 42:4 bible,False,124000,124000,False,0,0,False,0,0,0.0,0.0,0.0,0.0
Jeremiah,42,5,Jeremiah 42:5 bible,False,386000,386000,True,8,8,True,8,8,,,,
Jeremiah,42,6,Jeremiah 42:6 bible,False,271000,271000,True,9,9,True,9,9,,,,
Jeremiah,42,7,Jeremiah 42:7 bible,False,188000,188000,False,0,0,False,0,0,0.0,0.0,0.0,0.0
Jeremiah,42,8,Jeremiah 42:8 bible,False,386000,386000,True,8,8,True,8,8,,,,
Jeremiah,42,9,Jeremiah 42:9 bible,False,125000,125000,True,8,8,True,8,8,,,,
Jeremiah,42,10,Jeremiah 42:10 bible,False,376000,376000,True,9,9,True,9,9,,,,
Jeremiah,42,11,Jeremiah 42:11 bible,False,266000,266000,True,8,8,True,8,8,,,,
Jeremiah,42,12,Jeremiah 42:12 bible,True,39,0,False,0,0,False,0,0,0.0,0.0,0.0,0.0
Jeremiah,42,13,Jeremiah 42:13 bible,False,197000,197000,True,8,8,True,8,8,,,,
Jeremiah,42,14,Jeremiah 42:14 bible,False,69000,69000,True,8,8,True,8,8,,,,
Jeremiah,42,15,Jeremiah 42:15 bible,False,81500,81500,True,8,8,True,8,8,,,,
Jeremiah,42,16,Jeremiah 42:16 bible,False,185000,185000,False,0,0,False,0,0,0.0,0.0,0.0,0.0
Jeremiah,42,17,Jeremiah 42:17 bible,False,68000,68000,False,0,0,False,0,0,0.0,0.0,0.0,0.0
Jeremiah,42,18,Jeremiah 42:18 bible,False,148000,148000,True,8,8,True,8,8,,,,
Jeremiah,42,19,Jeremiah 42:19 bible,False,49800,49800,True,8,8,True,8,8,,,,
Jeremiah,42,20,Jeremiah 42:20 bible,False,56200,56200,True,8,8,True,8,8,,,,
Jeremiah,42,21,Jeremiah 42:21 bible,False,125000,125000,True,8,8,True,8,8,,,,
Jeremiah,42,22,Jeremiah 42:22 bible,False,70300,70300,True,8,8,True,8,8,,,,
Jeremiah,43,1,Jeremiah 43:1 bible,False,393000,393000,True,8,8,True,8,8,,,,
Jeremiah,43,2,Jeremiah 43:2 bible,False,418000,418000,True,8,8,True,8,8,,,,
Jeremiah,43,3,Jeremiah 43:3 bible,False,252000,252000,False,0,0,False,0,0,0.0,0.0,0.0,0.0
Jeremiah,43,4,Jeremiah 43:4 bible,False,245000,245000,True,9,9,True,9,9,,,,
Jeremiah,43,5,Jeremiah 43:5 bible,True,43,0,False,0,0,False,0,0,0.0,0.0,0.0,0.0
Jeremiah,43,6,Jeremiah 43:6 bible,False,87100,87100,False,0,0,False,0,0,0.0,0.0,0.0,0.0
Jeremiah,43,7,Jeremiah 43:7 bible,False,219000,219000,True,8,8,True,8,8,,,,
Jeremiah,43,8,Jeremiah 43:8 bible,True,41,95500,False,0,0,False,0,0,0.0,0.0,0.0,0.0
Jeremiah,43,9,Jeremiah 43:9 bible,False,46800,46800,True,9,9,True,9,9,,,,
Jeremiah,43,10,Jeremiah 43:10 bible,False,278000,278000,True,9,9,True,9,9,,,,
Jeremiah,43,11,Jeremiah 43:11 bible,False,202000,202000,True,9,9,True,9,9,,,,
Jeremiah,43,12,Jeremiah 43:12 bible,False,56300,56300,True,8,8,True,8,8,,,,
Jeremiah,43,13,Jeremiah 43:13 bible,True,41,126000,False,0,0,False,0,0,0.0,0.0,0.0,0.0
Jeremiah,44,1,Jeremiah 44:1 bible,False,248000,248000,False,0,0,False,0,0,0.0,0.0,0.0,0.0
Jeremiah,44,2,Jeremiah 44:2 bible,True,39,172000,False,0,0,False,0,0,0.0,0.0,0.0,0.0
Jeremiah,44,3,Jeremiah 44:3 bible,False,326000,326000,False,0,0,False,0,0,0.0,0.0,0.0,0.0
Jeremiah,44,4,Jeremiah 44:4 bible,False,137000,137000,True,8,8,True,8,8,,,,
Jeremiah,44,5,Jeremiah 44:5 bible,False,142000,142000,False,0,0,False,0,0,0.0,0.0,0.0,0.0
Jeremiah,44,6,Jeremiah 44:6 bible,False,297000,297000,False,0,0,False,0,0,0.0,0.0,0.0,0.0
Jeremiah,44,7,Jeremiah 44:7 bible,False,83800,83800,True,9,9,True,9,9,,,,
Jeremiah,44,8,Jeremiah 44:8 bible,False,143000,143000,True,8,8,True,8,8,,,,
Jeremiah,44,9,Jeremiah 44:9 bible,False,102000,102000,True,9,9,True,9,9,,,,
Jeremiah,44,10,Jeremiah 44:10 bible,False,67100,67100,True,8,8,True,8,8,,,,
Jeremiah,44,11,Jeremiah 44:11 bible,False,55000,55000,True,8,8,True,8,8,,,,
Jeremiah,44,12,Jeremiah 44:12 bible,False,50600,50600,False,0,0,False,0,0,0.0,0.0,0.0,0.0
Jeremiah,44,13,Jeremiah 44:13 bible,False,51300,51300,False,0,0,False,0,0,0.0,0.0,0.0,0.0
Jeremiah,44,14,Jeremiah 44:14 bible,False,54900,54900,False,0,0,False,0,0,0.0,0.0,0.0,0.0
Jeremiah,44,15,Jeremiah 44:15 bible,False,73900,73900,False,0,0,False,0,0,0.0,0.0,0.0,0.0
Jeremiah,44,16,Jeremiah 44:16 bible,False,67000,67000,True,9,9,True,9,9,,,,
Jeremiah,44,17,Jeremiah 44:17 bible,False,88500,88500,True,9,9,True,9,9,,,,
Jeremiah,44,18,Jeremiah 44:18 bible,True,136,0,False,0,0,False,0,0,0.0,0.0,0.0,0.0
Jeremiah,44,19,Jeremiah 44:19 bible,False,49100,49100,True,9,9,True,9,9,,,,
Jeremiah,44,20,Jeremiah 44:20 bible,False,114000,114000,True,9,9,True,9,9,,,,
Jeremiah,44,21,Jeremiah 44:21 bible,False,114000,114000,False,0,0,False,0,0,0.0,0.0,0.0,0.0
Jeremiah,44,22,Jeremiah 44:22 bible,False,145000,145000,True,9,9,True,9,9,,,,
Jeremiah,44,23,Jeremiah 44:23 bible,False,123000,123000,False,0,0,False,0,0,0.0,0.0,0.0,0.0
Jeremiah,44,24,Jeremiah 44:24 bible,False,209000,209000,True,8,8,True,8,8,,,,
Jeremiah,44,25,Jeremiah 44:25 bible,False,130000,130000,False,0,0,False,0,0,0.0,0.0,0.0,0.0
Jeremiah,44,26,Jeremiah 44:26 bible,False,98800,98800,False,0,0,False,0,0,0.0,0.0,0.0,0.0
Jeremiah,44,27,Jeremiah 44:27 bible,False,66200,66200,True,9,9,True,9,9,,,,
Jeremiah,44,28,Jeremiah 44:28 bible,False,93600,93600,True,9,9,True,9,9,,,,
Jeremiah,44,29,Jeremiah 44:29 bible,False,19700,19700,True,8,8,True,8,8,,,,
Jeremiah,44,30,Jeremiah 44:30 bible,False,38100,38100,True,9,9,True,9,9,,,,
Jeremiah,45,1,Jeremiah 45:1 bible,False,386000,386000,True,9,9,True,9,9,,,,
Jeremiah,45,2,Jeremiah 45:2 bible,False,387000,387000,True,8,8,True,8,8,,,,
Jeremiah,45,3,Jeremiah 45:3 bible,False,213000,213000,True,8,8,True,8,8,,,,
Jeremiah,45,4,Jeremiah 45:4 bible,False,170000,170000,True,8,8,True,8,8,,,,
Jeremiah,45,5,Jeremiah 45:5 bible,False,309000,309000,True,8,8,True,8,8,,,,
Jeremiah,46,1,Jeremiah 46:1 bible,False,628000,628000,True,8,8,True,8,8,,,,
Jeremiah,46,2,Jeremiah 46:2 bible,False,193000,193000,False,0,0,False,0,0,0.0,0.0,0.0,0.0
Jeremiah,46,3,Jeremiah 46:3 bible,False,139000,139000,True,8,8,True,8,8,,,,
Jeremiah,46,4,Jeremiah 46:4 bible,False,291000,291000,False,0,0,False,0,0,0.0,0.0,0.0,0.0
Jeremiah,46,5,Jeremiah 46:5 bible,False,279000,279000,False,0,0,False,0,0,0.0,0.0,0.0,0.0
Jeremiah,46,6,Jeremiah 46:6 bible,False,62200,62200,True,8,8,True,8,8,,,,
Jeremiah,46,7,Jeremiah 46:7 bible,False,107000,107000,True,9,9,True,9,9,,,,
Jeremiah,46,8,Jeremiah 46:8 bible,False,148000,148000,False,0,0,False,0,0,0.0,0.0,0.0,0.0
Jeremiah,46,9,Jeremiah 46:9 bible,True,38,385000,False,0,0,False,0,0,0.0,0.0,0.0,0.0
Jeremiah,46,10,Jeremiah 46:10 bible,False,662000,662000,False,0,0,False,0,0,0.0,0.0,0.0,0.0
Jeremiah,46,11,Jeremiah 46:11 bible,True,38,0,False,0,0,False,0,0,0.0,0.0,0.0,0.0
Jeremiah,46,12,Jeremiah 46:12 bible,False,43100,43100,False,0,0,False,0,0,0.0,0.0,0.0,0.0
Jeremiah,46,13,Jeremiah 46:13 bible,False,68300,68300,True,8,8,True,8,8,,,,
Jeremiah,46,14,Jeremiah 46:14 bible,False,35100,35100,True,8,8,True,8,8,,,,
Jeremiah,46,15,Jeremiah 46:15 bible,False,33800,33800,False,0,0,False,0,0,0.0,0.0,0.0,0.0
Jeremiah,46,16,Jeremiah 46:16 bible,False,27600,27600,True,9,9,True,9,9,,,,
Jeremiah,46,17,Jeremiah 46:17 bible,True,40,0,False,0,0,False,0,0,0.0,0.0,0.0,0.0
Jeremiah,46,18,Jeremiah 46:18 bible,False,37700,37700,True,9,9,True,9,9,,,,
Jeremiah,46,19,Jeremiah 46:19 bible,False,39900,39900,True,9,9,True,9,9,,,,
Jeremiah,46,20,Jeremiah 46:20 bible,True,39,0,False,0,0,False,0,0,0.0,0.0,0.0,0.0
Jeremiah,46,21,Jeremiah 46:21 bible,True,30,0,False,0,0,False,0,0,0.0,0.0,0.0,0.0
Jeremiah,46,22,Jeremiah 46:22 bible,True,137,0,False,0,0,False,0,0,0.0,0.0,0.0,0.0
Jeremiah,46,23,Jeremiah 46:23 bible,False,19500,19500,True,8,8,True,8,8,,,,
Jeremiah,46,24,Jeremiah 46:24 bible,False,38900,38900,True,9,9,True,9,9,,,,
Jeremiah,46,25,Jeremiah 46:25 bible,False,24600,24600,True,9,9,True,9,9,,,,
Jeremiah,46,26,Jeremiah 46:26 bible,True,42,29700,False,0,0,False,0,0,0.0,0.0,0.0,0.0
Jeremiah,46,27,Jeremiah 46:27 bible,False,71700,71700,True,8,8,True,8,8,,,,
Jeremiah,46,28,Jeremiah 46:28 bible,False,48400,48400,True,8,8,True,8,8,,,,
Jeremiah,47,1,Jeremiah 47:1 bible,False,304000,304000,False,0,0,False,0,0,0.0,0.0,0.0,0.0
Jeremiah,47,2,Jeremiah 47:2 bible,False,164000,164000,True,8,8,True,8,8,,,,
Jeremiah,47,3,Jeremiah 47:3 bible,False,74500,74500,False,0,0,False,0,0,0.0,0.0,0.0,0.0
Jeremiah,47,4,Jeremiah 47:4 bible,False,111000,111000,True,8,8,True,8,8,,,,
Jeremiah,47,5,Jeremiah 47:5 bible,False,83500,83500,True,9,9,True,9,9,,,,
Jeremiah,47,6,Jeremiah 47:6 bible,False,86800,86800,True,9,9,True,9,9,,,,
Jeremiah,47,7,Jeremiah 47:7 bible,False,87200,87200,True,8,8,True,8,8,,,,
Jeremiah,48,1,Jeremiah 48:1 bible,False,241000,241000,False,0,0,False,0,0,0.0,0.0,0.0,0.0
Jeremiah,48,2,Jeremiah 48:2 bible,False,147000,147000,False,0,0,False,0,0,0.0,0.0,0.0,0.0
Jeremiah,48,3,Jeremiah 48:3 bible,True,37,110000,False,0,0,False,0,0,0.0,0.0,0.0,0.0
Jeremiah,48,4,Jeremiah 48:4 bible,False,57600,57600,True,8,8,True,8,8,,,,
Jeremiah,48,5,Jeremiah 48:5 bible,False,63500,63500,False,0,0,False,0,0,0.0,0.0,0.0,0.0
Jeremiah,48,6,Jeremiah 48:6 bible,False,70900,70900,False,0,0,False,0,0,0.0,0.0,0.0,0.0
Jeremiah,48,7,Jeremiah 48:7 bible,False,58500,58500,True,8,8,True,8,8,,,,
Jeremiah,48,8,Jeremiah 48:8 bible,False,64900,64900,True,8,8,True,8,8,,,,
Jeremiah,48,9,Jeremiah 48:9 bible,False,93700,93700,True,8,8,True,8,8,,,,
Jeremiah,48,10,Jeremiah 48:10 bible,False,175000,175000,True,8,8,True,8,8,,,,
Jeremiah,48,11,Jeremiah 48:11 bible,False,103000,103000,True,9,9,True,9,9,,,,
Jeremiah,48,12,Jeremiah 48:12 bible,False,116000,116000,False,0,0,False,0,0,0.0,0.0,0.0,0.0
Jeremiah,48,13,Jeremiah 48:13 bible,False,75000,75000,True,9,9,True,9,9,,,,
Jeremiah,48,14,Jeremiah 48:14 bible,True,39,0,False,0,0,False,0,0,0.0,0.0,0.0,0.0
Jeremiah,48,15,Jeremiah 48:15 bible,False,92900,92900,True,8,8,True,8,8,,,,
Jeremiah,48,16,Jeremiah 48:16 bible,False,164000,164000,False,0,0,False,0,0,0.0,0.0,0.0,0.0
Jeremiah,48,17,Jeremiah 48:17 bible,True,40,281000,False,0,0,False,0,0,0.0,0.0,0.0,0.0
Jeremiah,48,18,Jeremiah 48:18 bible,False,73500,73500,False,0,0,False,0,0,0.0,0.0,0.0,0.0
Jeremiah,48,19,Jeremiah 48:19 bible,True,39,58900,False,0,0,False,0,0,0.0,0.0,0.0,0.0
Jeremiah,48,20,Jeremiah 48:20 bible,False,90400,90400,False,0,0,False,0,0,0.0,0.0,0.0,0.0
Jeremiah,48,21,Jeremiah 48:21 bible,False,59400,59400,True,8,8,True,8,8,,,,
Jeremiah,48,22,Jeremiah 48:22 bible,False,104000,104000,True,9,9,True,9,9,,,,
Jeremiah,48,23,Jeremiah 48:23 bible,True,38,15400,False,0,0,False,0,0,0.0,0.0,0.0,0.0
Jeremiah,48,24,Jeremiah 48:24 bible,False,22100,22100,True,8,8,True,8,8,,,,
Jeremiah,48,25,Jeremiah 48:25 bible,False,15900,15900,True,8,8,True,8,8,,,,
Jeremiah,48,26,Jeremiah 48:26 bible,False,14200,14200,True,9,9,True,9,9,,,,
Jeremiah,48,27,Jeremiah 48:27 bible,False,16700,16700,True,9,9,True,9,9,,,,
Jeremiah,48,28,Jeremiah 48:28 bible,False,19000,19000,True,9,9,True,9,9,,,,
Jeremiah,48,29,Jeremiah 48:29 bible,True,40,34900,False,0,0,False,0,0,0.0,0.0,0.0,0.0
Jeremiah,48,30,Jeremiah 48:30 bible,False,40300,40300,True,9,9,True,9,9,,,,
Jeremiah,48,31,Jeremiah 48:31 bible,False,16900,16900,True,8,8,True,8,8,,,,
Jeremiah,48,32,Jeremiah 48:32 bible,False,13000,13000,True,8,8,True,8,8,,,,
Jeremiah,48,33,Jeremiah 48:33 bible,False,30500,30500,False,0,0,False,0,0,0.0,0.0,0.0,0.0
Jeremiah,48,34,Jeremiah 48:34 bible,False,13400,13400,False,0,0,False,0,0,0.0,0.0,0.0,0.0
Jeremiah,48,35,Jeremiah 48:35 bible,False,147000,147000,True,9,9,True,9,9,,,,
Jeremiah,48,36,Jeremiah 48:36 bible,False,26000,26000,True,8,8,True,8,8,,,,
Jeremiah,48,37,Jeremiah 48:37 bible,False,13700,13700,True,9,9,True,9,9,,,,
Jeremiah,48,38,Jeremiah 48:38 bible,False,13400,13400,False,0,0,False,0,0,0.0,0.0,0.0,0.0
Jeremiah,48,39,Jeremiah 48:39 bible,False,18600,18600,True,9,9,True,9,9,,,,
Jeremiah,48,40,Jeremiah 48:40 bible,False,17600,17600,True,9,9,True,9,9,,,,
Jeremiah,48,41,Jeremiah 48:41 bible,False,23400,23400,False,0,0,False,0,0,0.0,0.0,0.0,0.0
Jeremiah,48,42,Jeremiah 48:42 bible,False,29500,29500,False,0,0,False,0,0,0.0,0.0,0.0,0.0
Jeremiah,48,43,Jeremiah 48:43 bible,False,40000,40000,False,0,0,False,0,0,0.0,0.0,0.0,0.0
Jeremiah,48,44,Jeremiah 48:44 bible,False,35500,35500,True,9,9,True,9,9,,,,
Jeremiah,48,45,Jeremiah 48:45 bible,False,20900,20900,True,9,9,True,9,9,,,,
Jeremiah,48,46,Jeremiah 48:46 bible,False,16800,16800,True,8,8,True,8,8,,,,
Jeremiah,48,47,Jeremiah 48:47 bible,False,35200,35200,True,8,8,True,8,8,,,,
Jeremiah,49,1,Jeremiah 49:1 bible,False,266000,266000,True,8,8,True,8,8,,,,
Jeremiah,49,2,Jeremiah 49:2 bible,False,115000,115000,True,8,8,True,8,8,,,,
Jeremiah,49,3,Jeremiah 49:3 bible,False,155000,155000,True,9,9,True,9,9,,,,
Jeremiah,49,4,Jeremiah 49:4 bible,True,40,102000,False,0,0,False,0,0,0.0,0.0,0.0,0.0
Jeremiah,49,5,Jeremiah 49:5 bible,False,136000,136000,True,8,8,True,8,8,,,,
Jeremiah,49,6,Jeremiah 49:6 bible,False,206000,206000,True,9,9,True,9,9,,,,
Jeremiah,49,7,Jeremiah 49:7 bible,False,133000,133000,True,9,9,True,9,9,,,,
Jeremiah,49,8,Jeremiah 49:8 bible,True,136,0,False,0,0,False,0,0,0.0,0.0,0.0,0.0
Jeremiah,49,9,Jeremiah 49:9 bible,False,84900,84900,True,9,9,True,9,9,,,,
Jeremiah,49,10,Jeremiah 49:10 bible,False,246000,246000,False,0,0,False,0,0,0.0,0.0,0.0,0.0
Jeremiah,49,11,Jeremiah 49:11 bible,True,43,71100,False,0,0,False,0,0,0.0,0.0,0.0,0.0
Jeremiah,49,12,Jeremiah 49:12 bible,False,70500,70500,False,0,0,False,0,0,0.0,0.0,0.0,0.0
Jeremiah,49,13,Jeremiah 49:13 bible,False,107000,107000,True,8,8,True,8,8,,,,
Jeremiah,49,14,Jeremiah 49:14 bible,False,133000,133000,True,9,9,True,9,9,,,,
Jeremiah,49,15,Jeremiah 49:15 bible,False,262000,262000,True,8,8,True,8,8,,,,
Jeremiah,49,16,Jeremiah 49:16 bible,False,190000,190000,True,9,9,True,9,9,,,,
Jeremiah,49,17,Jeremiah 49:17 bible,False,61100,61100,False,0,0,False,0,0,0.0,0.0,0.0,0.0
Jeremiah,49,18,Jeremiah 49:18 bible,False,65400,65400,True,9,9,True,9,9,,,,
Jeremiah,49,19,Jeremiah 49:19 bible,False,46600,46600,True,9,9,True,9,9,,,,
Jeremiah,49,20,Jeremiah 49:20 bible,False,52500,52500,False,0,0,False,0,0,0.0,0.0,0.0,0.0
Jeremiah,49,21,Jeremiah 49:21 bible,False,76000,76000,True,8,8,True,8,8,,,,
Jeremiah,49,22,Jeremiah 49:22 bible,False,134000,134000,True,9,9,True,9,9,,,,
Jeremiah,49,23,Jeremiah 49:23 bible,True,137,112000,False,0,0,False,0,0,0.0,0.0,0.0,0.0
Jeremiah,49,24,Jeremiah 49:24 bible,False,251000,251000,False,0,0,False,0,0,0.0,0.0,0.0,0.0
Jeremiah,49,25,Jeremiah 49:25 bible,False,253000,253000,True,9,9,True,9,9,,,,
Jeremiah,49,26,Jeremiah 49:26 bible,False,90600,90600,False,0,0,False,0,0,0.0,0.0,0.0,0.0
Jeremiah,49,27,Jeremiah 49:27 bible,False,35900,35900,False,0,0,False,0,0,0.0,0.0,0.0,0.0
Jeremiah,49,28,Jeremiah 49:28 bible,False,29700,29700,True,9,9,True,9,9,,,,
Jeremiah,49,29,Jeremiah 49:29 bible,False,33000,33000,False,0,0,False,0,0,0.0,0.0,0.0,0.0
Jeremiah,49,30,Jeremiah 49:30 bible,True,40,0,False,0,0,False,0,0,0.0,0.0,0.0,0.0
Jeremiah,49,31,Jeremiah 49:31 bible,False,18300,18300,True,8,8,True,8,8,,,,
Jeremiah,49,32,Jeremiah 49:32 bible,False,15200,15200,True,9,9,True,9,9,,,,
Jeremiah,49,33,Jeremiah 49:33 bible,False,21300,21300,False,0,0,False,0,0,0.0,0.0,0.0,0.0
Jeremiah,49,34,Jeremiah 49:34 bible,False,25500,25500,False,0,0,False,0,0,0.0,0.0,0.0,0.0
Jeremiah,49,35,Jeremiah 49:35 bible,False,16400,16400,False,0,0,False,0,0,0.0,0.0,0.0,0.0
Jeremiah,49,36,Jeremiah 49:36 bible,True,200,0,False,0,0,False,0,0,0.0,0.0,0.0,0.0
Jeremiah,49,37,Jeremiah 49:37 bible,True,199,11800,False,0,0,False,0,0,0.0,0.0,0.0,0.0
Jeremiah,49,38,Jeremiah 49:38 bible,False,11000,11000,False,0,0,False,0,0,0.0,0.0,0.0,0.0
Jeremiah,49,39,Jeremiah 49:39 bible,False,18200,18200,False,0,0,False,0,0,0.0,0.0,0.0,0.0
Jeremiah,50,1,Jeremiah 50:1 bible,False,210000,210000,True,8,8,True,8,8,,,,
Jeremiah,50,2,Jeremiah 50:2 bible,False,156000,156000,True,8,8,True,8,8,,,,
Jeremiah,50,3,Jeremiah 50:3 bible,True,42,0,False,0,0,False,0,0,0.0,0.0,0.0,0.0
Jeremiah,50,4,Jeremiah 50:4 bible,True,192,0,False,0,0,False,0,0,0.0,0.0,0.0,0.0
Jeremiah,50,5,Jeremiah 50:5 bible,False,137000,137000,True,9,9,True,9,9,,,,
Jeremiah,50,6,Jeremiah 50:6 bible,False,167000,167000,False,0,0,False,0,0,0.0,0.0,0.0,0.0
Jeremiah,50,7,Jeremiah 50:7 bible,True,141,165000,False,0,0,False,0,0,0.0,0.0,0.0,0.0
Jeremiah,50,8,Jeremiah 50:8 bible,False,79900,79900,True,8,8,True,8,8,,,,
Jeremiah,50,9,Jeremiah 50:9 bible,False,56500,56500,True,9,9,True,9,9,,,,
Jeremiah,50,10,Jeremiah 50:10 bible,False,191000,191000,True,8,8,True,8,8,,,,
Jeremiah,50,11,Jeremiah 50:11 bible,False,56100,56100,True,8,8,True,8,8,,,,
Jeremiah,50,12,Jeremiah 50:12 bible,False,66400,66400,True,9,9,True,9,9,,,,
Jeremiah,50,13,Jeremiah 50:13 bible,False,41100,41100,True,8,8,True,8,8,,,,
Jeremiah,50,14,Jeremiah 50:14 bible,False,130000,130000,True,9,9,True,9,9,,,,
Jeremiah,50,15,Jeremiah 50:15 bible,False,386000,386000,True,8,8,True,8,8,,,,
Jeremiah,50,16,Jeremiah 50:16 bible,True,43,64000,False,0,0,False,0,0,0.0,0.0,0.0,0.0
Jeremiah,50,17,Jeremiah 50:17 bible,True,39,64100,False,0,0,False,0,0,0.0,0.0,0.0,0.0
Jeremiah,50,18,Jeremiah 50:18 bible,False,47200,47200,True,8,8,True,8,8,,,,
Jeremiah,50,19,Jeremiah 50:19 bible,False,95400,95400,True,8,8,True,8,8,,,,
Jeremiah,50,20,Jeremiah 50:20 bible,False,389000,389000,True,8,8,True,8,8,,,,
Jeremiah,50,21,Jeremiah 50:21 bible,False,74400,74400,True,9,9,True,9,9,,,,
Jeremiah,50,22,Jeremiah 50:22 bible,False,49400,49400,False,0,0,False,0,0,0.0,0.0,0.0,0.0
Jeremiah,50,23,Jeremiah 50:23 bible,True,38,148000,False,0,0,False,0,0,0.0,0.0,0.0,0.0
Jeremiah,50,24,Jeremiah 50:24 bible,False,62000,62000,True,8,8,True,8,8,,,,
Jeremiah,50,25,Jeremiah 50:25 bible,False,54200,54200,True,9,9,True,9,9,,,,
Jeremiah,50,26,Jeremiah 50:26 bible,False,61100,61100,True,8,8,True,8,8,,,,
Jeremiah,50,27,Jeremiah 50:27 bible,True,40,0,False,0,0,False,0,0,0.0,0.0,0.0,0.0
Jeremiah,50,28,Jeremiah 50:28 bible,True,25,19900,False,0,0,False,0,0,0.0,0.0,0.0,0.0
Jeremiah,50,29,Jeremiah 50:29 bible,False,24500,24500,False,0,0,False,0,0,0.0,0.0,0.0,0.0
Jeremiah,50,30,Jeremiah 50:30 bible,True,40,0,False,0,0,False,0,0,0.0,0.0,0.0,0.0
Jeremiah,50,31,Jeremiah 50:31 bible,False,22200,22200,False,0,0,False,0,0,0.0,0.0,0.0,0.0
Jeremiah,50,32,Jeremiah 50:32 bible,False,15200,15200,True,8,8,True,8,8,,,,
Jeremiah,50,33,Jeremiah 50:33 bible,False,20300,20300,True,8,8,True,8,8,,,,
Jeremiah,50,34,Jeremiah 50:34 bible,False,35500,35500,False,0,0,False,0,0,0.0,0.0,0.0,0.0
Jeremiah,50,35,Jeremiah 50:35 bible,False,16600,16600,True,8,8,True,8,8,,,,
Jeremiah,50,36,Jeremiah 50:36 bible,False,14700,14700,False,0,0,False,0,0,0.0,0.0,0.0,0.0
Jeremiah,50,37,Jeremiah 50:37 bible,True,38,0,False,0,0,False,0,0,0.0,0.0,0.0,0.0
Jeremiah,50,38,Jeremiah 50:38 bible,False,27000,27000,False,0,0,False,0,0,0.0,0.0,0.0,0.0
Jeremiah,50,39,Jeremiah 50:39 bible,False,15200,15200,True,8,8,True,8,8,,,,
Jeremiah,50,40,Jeremiah 50:40 bible,False,24600,24600,True,9,9,True,9,9,,,,
Jeremiah,50,41,Jeremiah 50:41 bible,False,16000,16000,True,10,10,True,10,10,,,,
Jeremiah,50,42,Jeremiah 50:42 bible,False,13900,13900,True,8,8,True,8,8,,,,
Jeremiah,50,43,Jeremiah 50:43 bible,False,13600,13600,True,9,9,True,9,9,,,,
Jeremiah,50,44,Jeremiah 50:44 bible,False,23700,23700,False,0,0,False,0,0,0.0,0.0,0.0,0.0
Jeremiah,50,45,Jeremiah 50:45 bible,False,20800,20800,True,9,9,True,9,9,,,,
Jeremiah,50,46,Jeremiah 50:46 bible,False,38400,38400,True,8,8,True,8,8,,,,
Jeremiah,51,1,Jeremiah 51:1 bible,False,387000,387000,False,0,0,False,0,0,0.0,0.0,0.0,0.0
Jeremiah,51,2,Jeremiah 51:2 bible,False,212000,212000,True,8,8,True,8,8,,,,
Jeremiah,51,3,Jeremiah 51:3 bible,True,135,223000,False,0,0,False,0,0,0.0,0.0,0.0,0.0
Jeremiah,51,4,Jeremiah 51:4 bible,False,199000,199000,True,8,8,True,8,8,,,,
Jeremiah,51,5,Jeremiah 51:5 bible,False,267000,267000,True,9,9,True,9,9,,,,
Jeremiah,51,6,Jeremiah 51:6 bible,False,189000,189000,False,0,0,False,0,0,0.0,0.0,0.0,0.0
Jeremiah,51,7,Jeremiah 51:7 bible,False,206000,206000,True,9,9,True,9,9,,,,
Jeremiah,51,8,Jeremiah 51:8 bible,False,92200,92200,True,9,9,True,9,9,,,,
Jeremiah,51,9,Jeremiah 51:9 bible,True,41,110000,False,0,0,False,0,0,0.0,0.0,0.0,0.0
Jeremiah,51,10,Jeremiah 51:10 bible,False,390000,390000,False,0,0,False,0,0,0.0,0.0,0.0,0.0
Jeremiah,51,11,Jeremiah 51:11 bible,False,213000,213000,True,9,9,True,9,9,,,,
Jeremiah,51,12,Jeremiah 51:12 bible,False,292000,292000,True,9,9,True,9,9,,,,
Jeremiah,51,13,Jeremiah 51:13 bible,False,62800,62800,True,9,9,True,9,9,,,,
Jeremiah,51,14,Jeremiah 51:14 bible,False,61400,61400,True,9,9,True,9,9,,,,
Jeremiah,51,15,Jeremiah 51:15 bible,False,107000,107000,True,8,8,True,8,8,,,,
Jeremiah,51,16,Jeremiah 51:16 bible,False,149000,149000,True,9,9,True,9,9,,,,
Jeremiah,51,17,Jeremiah 51:17 bible,False,318000,318000,False,0,0,False,0,0,0.0,0.0,0.0,0.0
Jeremiah,51,18,Jeremiah 51:18 bible,False,35200,35200,True,8,8,True,8,8,,,,
Jeremiah,51,19,Jeremiah 51:19 bible,False,48600,48600,True,9,9,True,9,9,,,,
Jeremiah,51,20,Jeremiah 51:20 bible,False,135000,135000,False,0,0,False,0,0,0.0,0.0,0.0,0.0
Jeremiah,51,21,Jeremiah 51:21 bible,False,31700,31700,False,0,0,False,0,0,0.0,0.0,0.0,0.0
Jeremiah,51,22,Jeremiah 51:22 bible,False,24600,24600,True,9,9,True,9,9,,,,
Jeremiah,51,23,Jeremiah 51:23 bible,False,30100,30100,True,8,8,True,8,8,,,,
Jeremiah,51,24,Jeremiah 51:24 bible,False,23600,23600,True,9,9,True,9,9,,,,
Jeremiah,51,25,Jeremiah 51:25 bible,False,56200,56200,True,8,8,True,8,8,,,,
Jeremiah,51,26,Jeremiah 51:26 bible,False,20800,20800,False,0,0,False,0,0,0.0,0.0,0.0,0.0
Jeremiah,51,27,Jeremiah 51:27 bible,False,24800,24800,True,9,9,True,9,9,,,,
Jeremiah,51,28,Jeremiah 51:28 bible,False,20000,20000,True,9,9,True,9,9,,,,
Jeremiah,51,29,Jeremiah 51:29 bible,False,16100,16100,True,8,8,True,8,8,,,,
Jeremiah,51,30,Jeremiah 51:30 bible,False,14600,14600,False,0,0,False,0,0,0.0,0.0,0.0,0.0
Jeremiah,51,31,Jeremiah 51:31 bible,False,11000,11000,True,8,8,True,8,8,,,,
Jeremiah,51,32,Jeremiah 51:32 bible,False,21700,21700,False,0,0,False,0,0,0.0,0.0,0.0,0.0
Jeremiah,51,33,Jeremiah 51:33 bible,False,20100,20100,True,9,9,True,9,9,,,,
Jeremiah,51,34,Jeremiah 51:34 bible,True,127,0,False,0,0,False,0,0,0.0,0.0,0.0,0.0
Jeremiah,51,35,Jeremiah 51:35 bible,False,12400,12400,True,9,9,True,9,9,,,,
Jeremiah,51,36,Jeremiah 51:36 bible,False,22900,22900,True,8,8,True,8,8,,,,
Jeremiah,51,37,Jeremiah 51:37 bible,False,20100,20100,True,9,9,True,9,9,,,,
Jeremiah,51,38,Jeremiah 51:38 bible,False,18100,18100,False,0,0,False,0,0,0.0,0.0,0.0,0.0
Jeremiah,51,39,Jeremiah 51:39 bible,False,16300,16300,True,9,9,True,9,9,,,,
Jeremiah,51,40,Jeremiah 51:40 bible,False,25200,25200,True,9,9,True,9,9,,,,
Jeremiah,51,41,Jeremiah 51:41 bible,False,20100,20100,True,9,9,True,9,9,,,,
Jeremiah,51,42,Jeremiah 51:42 bible,False,12700,12700,False,0,0,False,0,0,0.0,0.0,0.0,0.0
Jeremiah,51,43,Jeremiah 51:43 bible,False,19500,19500,True,8,8,True,8,8,,,,
Jeremiah,51,44,Jeremiah 51:44 bible,False,22500,22500,True,9,9,True,9,9,,,,
Jeremiah,51,45,Jeremiah 51:45 bible,False,35100,35100,True,8,8,True,8,8,,,,
Jeremiah,51,46,Jeremiah 51:46 bible,True,199,0,False,0,0,False,0,0,0.0,0.0,0.0,0.0
Jeremiah,51,47,Jeremiah 51:47 bible,False,36400,36400,True,8,8,True,8,8,,,,
Jeremiah,51,48,Jeremiah 51:48 bible,False,30000,30000,False,0,0,False,0,0,0.0,0.0,0.0,0.0
Jeremiah,51,49,Jeremiah 51:49 bible,True,40,0,False,0,0,False,0,0,0.0,0.0,0.0,0.0
Jeremiah,51,50,Jeremiah 51:50 bible,False,23700,23700,False,0,0,False,0,0,0.0,0.0,0.0,0.0
Jeremiah,51,51,Jeremiah 51:51 bible,False,29900,29900,False,0,0,False,0,0,0.0,0.0,0.0,0.0
Jeremiah,51,52,Jeremiah 51:52 bible,False,386000,386000,False,0,0,False,0,0,0.0,0.0,0.0,0.0
Jeremiah,51,53,Jeremiah 51:53 bible,False,229000,229000,True,9,9,True,9,9,,,,
Jeremiah,51,54,Jeremiah 51:54 bible,True,137,0,False,0,0,False,0,0,0.0,0.0,0.0,0.0
Jeremiah,51,55,Jeremiah 51:55 bible,False,72300,72300,True,8,8,True,8,8,,,,
Jeremiah,51,56,Jeremiah 51:56 bible,False,96500,96500,True,9,9,True,9,9,,,,
Jeremiah,51,57,Jeremiah 51:57 bible,True,117,79200,False,0,0,False,0,0,0.0,0.0,0.0,0.0
Jeremiah,51,58,Jeremiah 51:58 bible,False,111000,111000,False,0,0,False,0,0,0.0,0.0,0.0,0.0
Jeremiah,51,59,Jeremiah 51:59 bible,False,42800,42800,True,9,9,True,9,9,,,,
Jeremiah,51,60,Jeremiah 51:60 bible,True,137,0,False,0,0,False,0,0,0.0,0.0,0.0,0.0
Jeremiah,51,61,Jeremiah 51:61 bible,False,21900,21900,False,0,0,False,0,0,0.0,0.0,0.0,0.0
Jeremiah,51,62,Jeremiah 51:62 bible,False,50300,50300,True,10,10,True,10,10,,,,
Jeremiah,51,63,Jeremiah 51:63 bible,False,21400,21400,False,0,0,False,0,0,0.0,0.0,0.0,0.0
Jeremiah,51,64,Jeremiah 51:64 bible,False,21600,21600,True,8,8,True,8,8,,,,
Jeremiah,52,1,Jeremiah 52:1 bible,True,40,0,False,0,0,False,0,0,0.0,0.0,0.0,0.0
Jeremiah,52,2,Jeremiah 52:2 bible,False,111000,111000,False,0,0,False,0,0,0.0,0.0,0.0,0.0
Jeremiah,52,3,Jeremiah 52:3 bible,False,66800,66800,False,0,0,False,0,0,0.0,0.0,0.0,0.0
Jeremiah,52,4,Jeremiah 52:4 bible,False,61200,61200,True,8,8,True,8,8,,,,
Jeremiah,52,5,Jeremiah 52:5 bible,False,89600,89600,False,0,0,False,0,0,0.0,0.0,0.0,0.0
Jeremiah,52,6,Jeremiah 52:6 bible,False,120000,120000,True,8,8,True,8,8,,,,
Jeremiah,52,7,Jeremiah 52:7 bible,True,131,189000,False,0,0,False,0,0,0.0,0.0,0.0,0.0
Jeremiah,52,8,Jeremiah 52:8 bible,False,118000,118000,True,8,8,True,8,8,,,,
Jeremiah,52,9,Jeremiah 52:9 bible,False,62200,62200,True,8,8,True,8,8,,,,
Jeremiah,52,10,Jeremiah 52:10 bible,False,70800,70800,True,8,8,True,8,8,,,,
Jeremiah,52,11,Jeremiah 52:11 bible,False,74000,74000,True,8,8,True,8,8,,,,
Jeremiah,52,12,Jeremiah 52:12 bible,False,109000,109000,True,8,8,True,8,8,,,,
Jeremiah,52,13,Jeremiah 52:13 bible,False,208000,208000,True,8,8,True,8,8,,,,
Jeremiah,52,14,Jeremiah 52:14 bible,False,65200,65200,True,8,8,True,8,8,,,,
Jeremiah,52,15,Jeremiah 52:15 bible,False,44300,44300,True,9,9,True,9,9,,,,
Jeremiah,52,16,Jeremiah 52:16 bible,False,16500,16500,False,0,0,False,0,0,0.0,0.0,0.0,0.0
Jeremiah,52,17,Jeremiah 52:17 bible,True,135,20000,False,0,0,False,0,0,0.0,0.0,0.0,0.0
Jeremiah,52,18,Jeremiah 52:18 bible,False,17900,17900,True,8,8,True,8,8,,,,
Jeremiah,52,19,Jeremiah 52:19 bible,True,43,24300,False,0,0,False,0,0,0.0,0.0,0.0,0.0
Jeremiah,52,20,Jeremiah 52:20 bible,False,16300,16300,False,0,0,False,0,0,0.0,0.0,0.0,0.0
Jeremiah,52,21,Jeremiah 52:21 bible,False,28400,28400,True,8,8,True,8,8,,,,
Jeremiah,52,22,Jeremiah 52:22 bible,True,38,14900,False,0,0,False,0,0,0.0,0.0,0.0,0.0
Jeremiah,52,23,Jeremiah 52:23 bible,True,128,16300,False,0,0,False,0,0,0.0,0.0,0.0,0.0
Jeremiah,52,24,Jeremiah 52:24 bible,False,37800,37800,True,8,8,True,8,8,,,,
Jeremiah,52,25,Jeremiah 52:25 bible,False,13800,13800,True,8,8,True,8,8,,,,
Jeremiah,52,26,Jeremiah 52:26 bible,False,17500,17500,False,0,0,False,0,0,0.0,0.0,0.0,0.0
Jeremiah,52,27,Jeremiah 52:27 bible,False,28300,28300,True,8,8,True,8,8,,,,
Jeremiah,52,28,Jeremiah 52:28 bible,False,19900,19900,True,9,9,True,9,9,,,,
Jeremiah,52,29,Jeremiah 52:29 bible,True,188,10700,False,0,0,False,0,0,0.0,0.0,0.0,0.0
Jeremiah,52,30,Jeremiah 52:30 bible,True,203,0,False,0,0,False,0,0,0.0,0.0,0.0,0.0
Jeremiah,52,31,Jeremiah 52:31 bible,False,29200,29200,True,8,8,True,8,8,,,,
Jeremiah,52,32,Jeremiah 52:32 bible,True,7650,0,False,0,0,False,0,0,0.0,0.0,0.0,0.0
Jeremiah,52,33,Jeremiah 52:33 bible,False,10500,10500,False,0,0,False,0,0,0.0,0.0,0.0,0.0
Jeremiah,52,34,Jeremiah 52:34 bible,False,16800,16800,False,0,0,False,0,0,0.0,0.0,0.0,0.0
