book,chapter,verse,query,retry_applied,raw_hit_count_initial,raw_hit_count_final,has_result_initial,items_count_initial,organic_items_count_initial,has_result_final,items_count_final,organic_items_count_final,log10_raw_hit_count,z_log10_raw_hit_count,minmax_log10_raw_hit_count,fusion_score
Psalms,1,1,Psalms 1:1 bible,False,8000000,8000000,True,8,8,True,8,8,,,,
Psalms,1,2,Psalms 1:2 bible,False,8050000,8050000,True,8,8,True,8,8,,,,
Psalms,1,3,Psalms 1:3 bible,False,5470000,5470000,True,8,8,True,8,8,,,,
Psalms,1,4,Psalms 1:4 bible,True,35,4410000,False,0,0,False,0,0,0.0,0.0,0.0,0.0
Psalms,1,5,Psalms 1:5 bible,False,4350000,4350000,True,8,8,True,8,8,,,,
Psalms,1,6,Psalms 1:6 bible,True,43,4120000,False,0,0,False,0,0,0.0,0.0,0.0,0.0
Psalms,2,1,Psalms 2:1 bible,False,3650000,3650000,False,0,0,False,0,0,0.0,0.0,0.0,0.0
Psalms,2,2,Psalms 2:2 bible,True,39,2290000,False,0,0,False,0,0,0.0,0.0,0.0,0.0
Psalms,2,3,Psalms 2:3 bible,True,41,9790000,False,0,0,False,0,0,0.0,0.0,0.0,0.0
Psalms,2,4,Psalms 2:4 bible,False,3420000,3420000,True,8,8,True,8,8,,,,
Psalms,2,5,Psalms 2:5 bible,True,65,0,False,0,0,False,0,0,0.0,0.0,0.0,0.0
Psalms,2,6,Psalms 2:6 bible,False,1990000,1990000,True,8,8,True,8,8,,,,
Psalms,2,7,Psalms 2:7 bible,False,1570000,1570000,True,8,8,True,8,8,,,,
Psalms,2,8,Psalms 2:8 bible,False,2380000,2380000,True,8,8,True,8,8,,,,
Psalms,2,9,Psalms 2:9 bible,False,2240000,2240000,True,8,8,True,8,8,,,,
Psalms,2,10,Psalms 2:10 bible,False,2050000,2050000,True,8,8,True,8,8,,,,
Psalms,2,11,Psalms 2:11 bible,False,1410000,1410000,False,0,0,False,0,0,0.0,0.0,0.0,0.0
Psalms,2,12,Psalms 2:12 bible,False,1330000,1330000,True,8,8,True,8,8,,,,
Psalms,3,1,Psalms 3:1 bible,False,3600000,3600000,True,8,8,True,8,8,,,,
Psalms,3,2,Psalms 3:2 bible,False,1790000,1790000,True,9,9,True,9,9,,,,
Psalms,3,3,Psalms 3:3 bible,False,2410000,2410000,False,0,0,False,0,0,0.0,0.0,0.0,0.0
Psalms,3,4,Psalms 3:4 bible,False,4900000,4900000,True,8,8,True,8,8,,,,
Psalms,3,5,Psalms 3:5 bible,True,132,0,False,0,0,False,0,0,0.0,0.0,0.0,0.0
Psalms,3,6,Psalms 3:6 bible,False,2450000,2450000,True,8,8,True,8,8,,,,
Psalms,3,7,Psalms 3:7 bible,False,1860000,1860000,False,0,0,False,0,0,0.0,0.0,0.0,0.0
Psalms,3,8,Psalms 3:8 bible,False,2290000,2290000,False,0,0,False,0,0,0.0,0.0,0.0,0.0
Psalms,4,1,Psalms 4:1 bible,False,2880000,2880000,True,9,9,True,9,9,,,,
Psalms,4,2,Psalms 4:2 bible,False,1560000,1560000,False,0,0,False,0,0,0.0,0.0,0.0,0.0
Psalms,4,3,Psalms 4:3 bible,False,1290000,1290000,True,8,8,True,8,8,,,,
Psalms,4,4,Psalms 4:4 bible,False,2390000,2390000,True,8,8,True,8,8,,,,
Psalms,4,5,Psalms 4:5 bible,False,4340000,4340000,True,8,8,True,8,8,,,,
Psalms,4,6,Psalms 4:6 bible,False,3900000,3900000,True,9,9,True,9,9,,,,
Psalms,4,7,Psalms 4:7 bible,True,40,3220000,False,0,0,False,0,0,0.0,0.0,0.0,0.0
Psalms,4,8,Psalms 4:8 bible,False,5120000,5120000,True,7,7,True,7,7,,,,
Psalms,5,1,Psalms 5:1 bible,True,44,2770000,False,0,0,False,0,0,0.0,0.0,0.0,0.0
Psalms,5,2,Psalms 5:2 bible,False,1160000,1160000,True,8,8,True,8,8,,,,
Psalms,5,3,Psalms 5:3 bible,False,1270000,1270000,True,7,7,True,7,7,,,,
Psalms,5,4,Psalms 5:4 bible,False,1070000,1070000,True,8,8,True,8,8,,,,
Psalms,5,5,Psalms 5:5 bible,False,1210000,1210000,True,7,7,True,7,7,,,,
Psalms,5,6,Psalms 5:6 bible,False,4750000,4750000,True,8,8,True,8,8,,,,
Psalms,5,7,Psalms 5:7 bible,False,3280000,3280000,False,0,0,False,0,0,0.0,0.0,0.0,0.0
Psalms,5,8,Psalms 5:8 bible,False,3070000,3070000,True,8,8,True,8,8,,,,
Psalms,5,9,Psalms 5:9 bible,True,141,0,False,0,0,False,0,0,0.0,0.0,0.0,0.0
Psalms,5,10,Psalms 5:10 bible,True,40,1460000,False,0,0,False,0,0,0.0,0.0,0.0,0.0
Psalms,5,11,Psalms 5:11 bible,False,1310000,1310000,False,0,0,False,0,0,0.0,0.0,0.0,0.0
Psalms,5,12,Psalms 5:12 bible,False,3090000,3090000,True,7,7,True,7,7,,,,
Psalms,6,1,Psalms 6:1 bible,False,2330000,2330000,True,8,8,True,8,8,,,,
Psalms,6,2,Psalms 6:2 bible,True,51,1190000,False,0,0,False,0,0,0.0,0.0,0.0,0.0
Psalms,6,3,Psalms 6:3 bible,False,952000,952000,True,9,9,True,9,9,,,,
Psalms,6,4,Psalms 6:4 bible,False,1130000,1130000,True,8,8,True,8,8,,,,
Psalms,6,5,Psalms 6:5 bible,False,1050000,1050000,False,0,0,False,0,0,0.0,0.0,0.0,0.0
Psalms,6,6,Psalms 6:6 bible,False,1210000,1210000,False,0,0,False,0,0,0.0,0.0,0.0,0.0
Psalms,6,7,Psalms 6:7 bible,False,4620000,4620000,False,0,0,False,0,0,0.0,0.0,0.0,0.0
Psalms,6,8,Psalms 6:8 bible,True,140,2840000,False,0,0,False,0,0,0.0,0.0,0.0,0.0
Psalms,6,9,Psalms 6:9 bible,False,2440000,2440000,True,8,8,True,8,8,,,,
Psalms,6,10,Psalms 6:10 bible,False,1940000,1940000,True,7,7,True,7,7,,,,
Psalms,7,1,Psalms 7:1 bible,True,134,0,False,0,0,False,0,0,0.0,0.0,0.0,0.0
Psalms,7,2,Psalms 7:2 bible,False,771000,771000,True,8,8,True,8,8,,,,
Psalms,7,3,Psalms 7:3 bible,True,133,0,False,0,0,False,0,0,0.0,0.0,0.0,0.0
Psalms,7,4,Psalms 7:4 bible,False,636000,636000,False,0,0,False,0,0,0.0,0.0,0.0,0.0
Psalms,7,5,Psalms 7:5 bible,False,915000,915000,True,8,8,True,8,8,,,,
Psalms,7,6,Psalms 7:6 bible,False,1100000,1100000,True,9,9,True,9,9,,,,
Psalms,7,7,Psalms 7:7 bible,False,2220000,2220000,True,8,8,True,8,8,,,,
Psalms,7,8,Psalms 7:8 bible,False,4240000,4240000,False,0,0,False,0,0,0.0,0.0,0.0,0.0
Psalms,7,9,Psalms 7:9 bible,False,2260000,2260000,True,8,8,True,8,8,,,,
Psalms,7,10,Psalms 7:10 bible,False,1390000,1390000,False,0,0,False,0,0,0.0,0.0,0.0,0.0
Psalms,7,11,Psalms 7:11 bible,False,1060000,1060000,True,8,8,True,8,8,,,,
Psalms,7,12,Psalms 7:12 bible,False,1010000,1010000,False,0,0,False,0,0,0.0,0.0,0.0,0.0
Psalms,7,13,Psalms 7:13 bible,False,841000,841000,True,8,8,True,8,8,,,,
Psalms,7,14,Psalms 7:14 bible,False,1300000,1300000,True,8,8,True,8,8,,,,
Psalms,7,15,Psalms 7:15 bible,False,776000,776000,True,8,8,True,8,8,,,,
Psalms,7,16,Psalms 7:16 bible,False,631000,631000,False,0,0,False,0,0,0.0,0.0,0.0,0.0
Psalms,7,17,Psalms 7:17 bible,False,631000,631000,True,8,8,True,8,8,,,,
Psalms,8,1,Psalms 8:1 bible,False,1750000,1750000,True,7,7,True,7,7,,,,
Psalms,8,2,Psalms 8:2 bible,False,903000,903000,True,8,8,True,8,8,,,,
Psalms,8,3,Psalms 8:3 bible,True,43,762000,False,0,0,False,0,0,0.0,0.0,0.0,0.0
Psalms,8,4,Psalms 8:4 bible,False,705000,705000,True,7,7,True,7,7,,,,
Psalms,8,5,Psalms 8:5 bible,False,729000,729000,False,0,0,False,0,0,0.0,0.0,0.0,0.0
Psalms,8,6,Psalms 8:6 bible,False,751000,751000,False,0,0,False,0,0,0.0,0.0,0.0,0.0
Psalms,8,7,Psalms 8:7 bible,False,1060000,1060000,True,8,8,True,8,8,,,,
Psalms,8,8,Psalms 8:8 bible,False,699000,699000,True,8,8,True,8,8,,,,
Psalms,8,9,Psalms 8:9 bible,True,37,3940000,False,0,0,False,0,0,0.0,0.0,0.0,0.0
Psalms,9,1,Psalms 9:1 bible,False,2380000,2380000,True,8,8,True,8,8,,,,
Psalms,9,2,Psalms 9:2 bible,False,1180000,1180000,True,8,8,True,8,8,,,,
Psalms,9,3,Psalms 9:3 bible,False,763000,763000,True,8,8,True,8,8,,,,
Psalms,9,4,Psalms 9:4 bible,False,2160000,2160000,True,8,8,True,8,8,,,,
Psalms,9,5,Psalms 9:5 bible,True,38,0,False,0,0,False,0,0,0.0,0.0,0.0,0.0
Psalms,9,6,Psalms 9:6 bible,False,1170000,1170000,True,9,9,True,9,9,,,,
Psalms,9,7,Psalms 9:7 bible,False,1860000,1860000,True,8,8,True,8,8,,,,
Psalms,9,8,Psalms 9:8 bible,False,1790000,1790000,True,8,8,True,8,8,,,,
Psalms,9,9,Psalms 9:9 bible,False,990000,990000,True,7,7,True,7,7,,,,
Psalms,9,10,Psalms 9:10 bible,False,3970000,3970000,True,8,8,True,8,8,,,,
Psalms,9,11,Psalms 9:11 bible,False,2410000,2410000,True,8,8,True,8,8,,,,
Psalms,9,12,Psalms 9:12 bible,False,1010000,1010000,False,0,0,False,0,0,0.0,0.0,0.0,0.0
Psalms,9,13,Psalms 9:13 bible,False,2300000,2300000,True,8,8,True,8,8,,,,
Psalms,9,14,Psalms 9:14 bible,False,1400000,1400000,False,0,0,False,0,0,0.0,0.0,0.0,0.0
Psalms,9,15,Psalms 9:15 bible,False,782000,782000,True,8,8,True,8,8,,,,
Psalms,9,16,Psalms 9:16 bible,False,673000,673000,True,8,8,True,8,8,,,,
Psalms,9,17,Psalms 9:17 bible,False,623000,623000,True,8,8,True,8,8,,,,
Psalms,9,18,Psalms 9:18 bible,True,43,515000,False,0,0,False,0,0,0.0,0.0,0.0,0.0
Psalms,9,19,Psalms 9:19 bible,False,389000,389000,True,8,8,True,8,8,,,,
Psalms,9,20,Psalms 9:20 bible,False,566000,566000,False,0,0,False,0,0,0.0,0.0,0.0,0.0
Psalms,10,1,Psalms 10:1 bible,False,1360000,1360000,True,8,8,True,8,8,,,,
Psalms,10,2,Psalms 10:2 bible,False,1220000,1220000,True,9,9,True,9,9,,,,
Psalms,10,3,Psalms 10:3 bible,False,699000,699000,False,0,0,False,0,0,0.0,0.0,0.0,0.0
Psalms,10,4,Psalms 10:4 bible,False,803000,803000,True,8,8,True,8,8,,,,
Psalms,10,5,Psalms 10:5 bible,False,736000,736000,True,8,8,True,8,8,,,,
Psalms,10,6,Psalms 10:6 bible,False,613000,613000,True,9,9,True,9,9,,,,
Psalms,10,7,Psalms 10:7 bible,False,638000,638000,True,9,9,True,9,9,,,,
Psalms,10,8,Psalms 10:8 bible,False,889000,889000,False,0,0,False,0,0,0.0,0.0,0.0,0.0
Psalms,10,9,Psalms 10:9 bible,False,2290000,2290000,True,9,9,True,9,9,,,,
Psalms,10,10,Psalms 10:10 bible,False,1300000,1300000,True,8,8,True,8,8,,,,
Psalms,10,11,Psalms 10:11 bible,False,3620000,3620000,True,8,8,True,8,8,,,,
Psalms,10,12,Psalms 10:12 bible,False,2220000,2220000,True,9,8,True,9,8,,,,
Psalms,10,13,Psalms 10:13 bible,False,1430000,1430000,True,8,8,True,8,8,,,,
Psalms,10,14,Psalms 10:14 bible,False,989000,989000,False,0,0,False,0,0,0.0,0.0,0.0,0.0
Psalms,10,15,Psalms 10:15 bible,False,812000,812000,True,8,8,True,8,8,,,,
Psalms,10,16,Psalms 10:16 bible,True,40,0,False,0,0,False,0,0,0.0,0.0,0.0,0.0
Psalms,10,17,Psalms 10:17 bible,False,1040000,1040000,True,8,8,True,8,8,,,,
Psalms,10,18,Psalms 10:18 bible,False,745000,745000,True,8,8,True,8,8,,,,
Psalms,11,1,Psalms 11:1 bible,False,1870000,1870000,True,8,8,True,8,8,,,,
Psalms,11,2,Psalms 11:2 bible,False,829000,829000,True,8,8,True,8,8,,,,
Psalms,11,3,Psalms 11:3 bible,True,20,0,False,0,0,False,0,0,0.0,0.0,0.0,0.0
Psalms,11,4,Psalms 11:4 bible,False,671000,671000,True,8,8,True,8,8,,,,
Psalms,11,5,Psalms 11:5 bible,False,637000,637000,True,8,8,True,8,8,,,,
Psalms,11,6,Psalms 11:6 bible,False,842000,842000,True,8,8,True,8,8,,,,
Psalms,11,7,Psalms 11:7 bible,False,572000,572000,True,8,8,True,8,8,,,,
Psalms,12,1,Psalms 12:1 bible,False,2530000,2530000,True,7,7,True,7,7,,,,
Psalms,12,2,Psalms 12:2 bible,False,1980000,1980000,True,8,8,True,8,8,,,,
Psalms,12,3,Psalms 12:3 bible,False,933000,933000,True,9,9,True,9,9,,,,
Psalms,12,4,Psalms 12:4 bible,False,1060000,1060000,True,8,8,True,8,8,,,,
Psalms,12,5,Psalms 12:5 bible,False,679000,679000,True,8,8,True,8,8,,,,
Psalms,12,6,Psalms 12:6 bible,False,709000,709000,False,0,0,False,0,0,0.0,0.0,0.0,0.0
Psalms,12,7,Psalms 12:7 bible,False,773000,773000,True,8,8,True,8,8,,,,
Psalms,12,8,Psalms 12:8 bible,False,571000,571000,True,9,9,True,9,9,,,,
Psalms,13,1,Psalms 13:1 bible,False,1320000,1320000,True,7,7,True,7,7,,,,
Psalms,13,2,Psalms 13:2 bible,True,41,735000,False,0,0,False,0,0,0.0,0.0,0.0,0.0
Psalms,13,3,Psalms 13:3 bible,False,682000,682000,False,0,0,False,0,0,0.0,0.0,0.0,0.0
Psalms,13,4,Psalms 13:4 bible,False,791000,791000,True,8,8,True,8,8,,,,
Psalms,13,5,Psalms 13:5 bible,False,973000,973000,False,0,0,False,0,0,0.0,0.0,0.0,0.0
Psalms,13,6,Psalms 13:6 bible,False,595000,595000,True,9,9,True,9,9,,,,
Psalms,14,1,Psalms 14:1 bible,False,1290000,1290000,True,8,8,True,8,8,,,,
Psalms,14,2,Psalms 14:2 bible,False,756000,756000,False,0,0,False,0,0,0.0,0.0,0.0,0.0
Psalms,14,3,Psalms 14:3 bible,False,625000,625000,True,9,9,True,9,9,,,,
Psalms,14,4,Psalms 14:4 bible,False,555000,555000,True,8,8,True,8,8,,,,
Psalms,14,5,Psalms 14:5 bible,False,411000,411000,True,8,8,True,8,8,,,,
Psalms,14,6,Psalms 14:6 bible,False,1160000,1160000,True,8,8,True,8,8,,,,
Psalms,14,7,Psalms 14:7 bible,False,718000,718000,False,0,0,False,0,0,0.0,0.0,0.0,0.0
Psalms,15,1,Psalms 15:1 bible,False,1430000,1430000,True,9,9,True,9,9,,,,
Psalms,15,2,Psalms 15:2 bible,True,140,730000,False,0,0,False,0,0,0.0,0.0,0.0,0.0
Psalms,15,3,Psalms 15:3 bible,False,744000,744000,False,0,0,False,0,0,0.0,0.0,0.0,0.0
Psalms,15,4,Psalms 15:4 bible,False,740000,740000,True,8,8,True,8,8,,,,
Psalms,15,5,Psalms 15:5 bible,False,753000,753000,True,9,9,True,9,9,,,,
Psalms,16,1,Psalms 16:1 bible,False,971000,971000,True,8,8,True,8,8,,,,
Psalms,16,2,Psalms 16:2 bible,False,666000,666000,True,7,7,True,7,7,,,,
Psalms,16,3,Psalms 16:3 bible,True,39,718000,False,0,0,False,0,0,0.0,0.0,0.0,0.0
Psalms,16,4,Psalms 16:4 bible,False,426000,426000,True,9,9,True,9,9,,,,
Psalms,16,5,Psalms 16:5 bible,False,445000,445000,True,8,8,True,8,8,,,,
Psalms,16,6,Psalms 16:6 bible,False,437000,437000,True,9,8,True,9,8,,,,
Psalms,16,7,Psalms 16:7 bible,False,729000,729000,True,7,7,True,7,7,,,,
Psalms,16,8,Psalms 16:8 bible,True,137,652000,False,0,0,False,0,0,0.0,0.0,0.0,0.0
Psalms,16,9,Psalms 16:9 bible,False,718000,718000,True,8,8,True,8,8,,,,
Psalms,16,10,Psalms 16:10 bible,False,530000,530000,False,0,0,False,0,0,0.0,0.0,0.0,0.0
Psalms,16,11,Psalms 16:11 bible,True,133,732000,False,0,0,False,0,0,0.0,0.0,0.0,0.0
Psalms,17,1,Psalms 17:1 bible,False,950000,950000,False,0,0,False,0,0,0.0,0.0,0.0,0.0
Psalms,17,2,Psalms 17:2 bible,False,866000,866000,False,0,0,False,0,0,0.0,0.0,0.0,0.0
Psalms,17,3,Psalms 17:3 bible,False,689000,689000,True,8,8,True,8,8,,,,
Psalms,17,4,Psalms 17:4 bible,False,408000,408000,True,10,10,True,10,10,,,,
Psalms,17,5,Psalms 17:5 bible,False,640000,640000,False,0,0,False,0,0,0.0,0.0,0.0,0.0
Psalms,17,6,Psalms 17:6 bible,False,500000,500000,False,0,0,False,0,0,0.0,0.0,0.0,0.0
Psalms,17,7,Psalms 17:7 bible,False,627000,627000,True,8,8,True,8,8,,,,
Psalms,17,8,Psalms 17:8 bible,False,482000,482000,True,9,9,True,9,9,,,,
Psalms,17,9,Psalms 17:9 bible,True,140,0,False,0,0,False,0,0,0.0,0.0,0.0,0.0
Psalms,17,10,Psalms 17:10 bible,False,405000,405000,True,9,9,True,9,9,,,,
Psalms,17,11,Psalms 17:11 bible,False,861000,861000,True,8,8,True,8,8,,,,
Psalms,17,12,Psalms 17:12 bible,False,593000,593000,True,9,9,True,9,9,,,,
Psalms,17,13,Psalms 17:13 bible,False,407000,407000,True,8,8,True,8,8,,,,
Psalms,17,14,Psalms 17:14 bible,False,609000,609000,True,9,9,True,9,9,,,,
Psalms,17,15,Psalms 17:15 bible,False,453000,453000,True,8,8,True,8,8,,,,
Psalms,18,1,Psalms 18:1 bible,True,20,1230000,False,0,0,False,0,0,0.0,0.0,0.0,0.0
Psalms,18,2,Psalms 18:2 bible,False,760000,760000,True,8,8,True,8,8,,,,
Psalms,18,3,Psalms 18:3 bible,False,538000,538000,False,0,0,False,0,0,0.0,0.0,0.0,0.0
Psalms,18,4,Psalms 18:4 bible,False,579000,579000,True,9,9,True,9,9,,,,
Psalms,18,5,Psalms 18:5 bible,False,388000,388000,True,8,8,True,8,8,,,,
Psalms,18,6,Psalms 18:6 bible,False,411000,411000,True,8,8,True,8,8,,,,
Psalms,18,7,Psalms 18:7 bible,False,389000,389000,True,8,8,True,8,8,,,,
Psalms,18,8,Psalms 18:8 bible,False,389000,389000,True,9,9,True,9,9,,,,
Psalms,18,9,Psalms 18:9 bible,False,647000,647000,False,0,0,False,0,0,0.0,0.0,0.0,0.0
Psalms,18,10,Psalms 18:10 bible,True,40,0,False,0,0,False,0,0,0.0,0.0,0.0,0.0
Psalms,18,11,Psalms 18:11 bible,False,387000,387000,True,8,8,True,8,8,,,,
Psalms,18,12,Psalms 18:12 bible,False,436000,436000,True,8,8,True,8,8,,,,
Psalms,18,13,Psalms 18:13 bible,False,388000,388000,True,8,8,True,8,8,,,,
Psalms,18,14,Psalms 18:14 bible,False,496000,496000,True,8,7,True,8,7,,,,
Psalms,18,15,Psalms 18:15 bible,False,415000,415000,True,8,8,True,8,8,,,,
Psalms,18,16,Psalms 18:16 bible,False,391000,391000,True,8,8,True,8,8,,,,
Psalms,18,17,Psalms 18:17 bible,False,388000,388000,True,7,7,True,7,7,,,,
Psalms,18,18,Psalms 18:18 bible,True,38,610000,False,0,0,False,0,0,0.0,0.0,0.0,0.0
Psalms,18,19,Psalms 18:19 bible,False,2740000,2740000,True,8,8,True,8,8,,,,
Psalms,18,20,Psalms 18:20 bible,False,1560000,1560000,False,0,0,False,0,0,0.0,0.0,0.0,0.0
Psalms,18,21,Psalms 18:21 bible,False,964000,964000,True,8,8,True,8,8,,,,
Psalms,18,22,Psalms 18:22 bible,False,686000,686000,True,9,9,True,9,9,,,,
Psalms,18,23,Psalms 18:23 bible,False,768000,768000,True,8,8,True,8,8,,,,
Psalms,18,24,Psalms 18:24 bible,False,455000,455000,True,8,8,True,8,8,,,,
Psalms,18,25,Psalms 18:25 bible,False,487000,487000,True,8,8,True,8,8,,,,
Psalms,18,26,Psalms 18:26 bible,False,414000,414000,False,0,0,False,0,0,0.0,0.0,0.0,0.0
Psalms,18,27,Psalms 18:27 bible,False,389000,389000,True,8,8,True,8,8,,,,
Psalms,18,28,Psalms 18:28 bible,False,387000,387000,True,8,8,True,8,8,,,,
Psalms,18,29,Psalms 18:29 bible,False,344000,344000,True,8,8,True,8,8,,,,
Psalms,18,30,Psalms 18:30 bible,True,140,394000,False,0,0,False,0,0,0.0,0.0,0.0,0.0
Psalms,18,31,Psalms 18:31 bible,True,141,0,False,0,0,False,0,0,0.0,0.0,0.0,0.0
Psalms,18,32,Psalms 18:32 bible,False,387000,387000,True,8,8,True,8,8,,,,
Psalms,18,33,Psalms 18:33 bible,False,252000,252000,False,0,0,False,0,0,0.0,0.0,0.0,0.0
Psalms,18,34,Psalms 18:34 bible,False,201000,201000,False,0,0,False,0,0,0.0,0.0,0.0,0.0
Psalms,18,35,Psalms 18:35 bible,False,317000,317000,True,8,8,True,8,8,,,,
Psalms,18,36,Psalms 18:36 bible,False,386000,386000,False,0,0,False,0,0,0.0,0.0,0.0,0.0
Psalms,18,37,Psalms 18:37 bible,False,386000,386000,True,8,8,True,8,8,,,,
Psalms,18,38,Psalms 18:38 bible,True,40,368000,False,0,0,False,0,0,0.0,0.0,0.0,0.0
Psalms,18,39,Psalms 18:39 bible,False,170000,170000,True,8,8,True,8,8,,,,
Psalms,18,40,Psalms 18:40 bible,False,191000,191000,True,8,8,True,8,8,,,,
Psalms,18,41,Psalms 18:41 bible,False,127000,127000,True,8,8,True,8,8,,,,
Psalms,18,42,Psalms 18:42 bible,False,160000,160000,True,9,9,True,9,9,,,,
Psalms,18,43,Psalms 18:43 bible,False,130000,130000,True,8,8,True,8,8,,,,
Psalms,18,44,Psalms 18:44 bible,False,197000,197000,True,8,8,True,8,8,,,,
Psalms,18,45,Psalms 18:45 bible,False,104000,104000,True,9,9,True,9,9,,,,
Psalms,18,46,Psalms 18:46 bible,False,190000,190000,True,9,9,True,9,9,,,,
Psalms,18,47,Psalms 18:47 bible,False,70200,70200,False,0,0,False,0,0,0.0,0.0,0.0,0.0
Psalms,18,48,Psalms 18:48 bible,False,50200,50200,False,0,0,False,0,0,0.0,0.0,0.0,0.0
Psalms,18,49,Psalms 18:49 bible,False,96900,96900,True,9,9,True,9,9,,,,
Psalms,18,50,Psalms 18:50 bible,True,193,0,False,0,0,False,0,0,0.0,0.0,0.0,0.0
Psalms,19,1,Psalms 19:1 bible,False,997000,997000,True,8,8,True,8,8,,,,
Psalms,19,2,Psalms 19:2 bible,False,627000,627000,True,9,9,True,9,9,,,,
Psalms,19,3,Psalms 19:3 bible,False,394000,394000,True,8,8,True,8,8,,,,
Psalms,19,4,Psalms 19:4 bible,True,42,0,False,0,0,False,0,0,0.0,0.0,0.0,0.0
Psalms,19,5,Psalms 19:5 bible,False,432000,432000,True,8,8,True,8,8,,,,
Psalms,19,6,Psalms 19:6 bible,False,396000,396000,True,8,8,True,8,8,,,,
Psalms,19,7,Psalms 19:7 bible,False,492000,492000,True,7,7,True,7,7,,,,
Psalms,19,8,Psalms 19:8 bible,False,392000,392000,True,8,8,True,8,8,,,,
Psalms,19,9,Psalms 19:9 bible,False,392000,392000,True,8,8,True,8,8,,,,
Psalms,19,10,Psalms 19:10 bible,False,588000,588000,False,0,0,False,0,0,0.0,0.0,0.0,0.0
Psalms,19,11,Psalms 19:11 bible,False,629000,629000,True,8,8,True,8,8,,,,
Psalms,19,12,Psalms 19:12 bible,False,390000,390000,False,0,0,False,0,0,0.0,0.0,0.0,0.0
Psalms,19,13,Psalms 19:13 bible,False,392000,392000,True,8,8,True,8,8,,,,
Psalms,19,14,Psalms 19:14 bible,False,570000,570000,True,7,7,True,7,7,,,,
Psalms,20,1,Psalms 20:1 bible,False,912000,912000,True,8,8,True,8,8,,,,
Psalms,20,2,Psalms 20:2 bible,False,632000,632000,False,0,0,False,0,0,0.0,0.0,0.0,0.0
Psalms,20,3,Psalms 20:3 bible,False,751000,751000,True,8,8,True,8,8,,,,
Psalms,20,4,Psalms 20:4 bible,False,870000,870000,True,8,8,True,8,8,,,,
Psalms,20,5,Psalms 20:5 bible,False,418000,418000,True,8,8,True,8,8,,,,
Psalms,20,6,Psalms 20:6 bible,False,415000,415000,True,8,8,True,8,8,,,,
Psalms,20,7,Psalms 20:7 bible,False,659000,659000,True,7,7,True,7,7,,,,
Psalms,20,8,Psalms 20:8 bible,False,392000,392000,True,8,8,True,8,8,,,,
Psalms,20,9,Psalms 20:9 bible,False,389000,389000,True,8,8,True,8,8,,,,
Psalms,21,1,Psalms 21:1 bible,True,42,0,False,0,0,False,0,0,0.0,0.0,0.0,0.0
Psalms,21,2,Psalms 21:2 bible,False,604000,604000,True,8,8,True,8,8,,,,
Psalms,21,3,Psalms 21:3 bible,False,403000,403000,True,8,8,True,8,8,,,,
Psalms,21,4,Psalms 21:4 bible,False,651000,651000,True,8,8,True,8,8,,,,
Psalms,21,5,Psalms 21:5 bible,False,712000,712000,True,8,8,True,8,8,,,,
Psalms,21,6,Psalms 21:6 bible,False,393000,393000,False,0,0,False,0,0,0.0,0.0,0.0,0.0
Psalms,21,7,Psalms 21:7 bible,False,388000,388000,True,8,8,True,8,8,,,,
Psalms,21,8,Psalms 21:8 bible,False,687000,687000,True,8,8,True,8,8,,,,
Psalms,21,9,Psalms 21:9 bible,False,577000,577000,True,9,9,True,9,9,,,,
Psalms,21,10,Psalms 21:10 bible,False,403000,403000,True,8,8,True,8,8,,,,
Psalms,21,11,Psalms 21:11 bible,False,386000,386000,True,8,8,True,8,8,,,,
Psalms,21,12,Psalms 21:12 bible,False,527000,527000,False,0,0,False,0,0,0.0,0.0,0.0,0.0
Psalms,21,13,Psalms 21:13 bible,False,391000,391000,True,8,8,True,8,8,,,,
Psalms,22,1,Psalms 22:1 bible,False,794000,794000,True,9,9,True,9,9,,,,
Psalms,22,2,Psalms 22:2 bible,False,610000,610000,True,8,8,True,8,8,,,,
Psalms,22,3,Psalms 22:3 bible,False,594000,594000,True,8,8,True,8,8,,,,
Psalms,22,4,Psalms 22:4 bible,False,390000,390000,True,9,9,True,9,9,,,,
Psalms,22,5,Psalms 22:5 bible,False,559000,559000,True,8,8,True,8,8,,,,
Psalms,22,6,Psalms 22:6 bible,False,594000,594000,True,8,8,True,8,8,,,,
Psalms,22,7,Psalms 22:7 bible,False,390000,390000,False,0,0,False,0,0,0.0,0.0,0.0,0.0
Psalms,22,8,Psalms 22:8 bible,False,387000,387000,True,9,9,True,9,9,,,,
Psalms,22,9,Psalms 22:9 bible,False,392000,392000,False,0,0,False,0,0,0.0,0.0,0.0,0.0
Psalms,22,10,Psalms 22:10 bible,False,386000,386000,True,9,9,True,9,9,,,,
Psalms,22,11,Psalms 22:11 bible,False,392000,392000,True,8,8,True,8,8,,,,
Psalms,22,12,Psalms 22:12 bible,False,391000,391000,True,9,9,True,9,9,,,,
Psalms,22,13,Psalms 22:13 bible,False,510000,510000,True,8,8,True,8,8,,,,
Psalms,22,14,Psalms 22:14 bible,False,419000,419000,True,8,8,True,8,8,,,,
Psalms,22,15,Psalms 22:15 bible,False,449000,449000,True,8,8,True,8,8,,,,
Psalms,22,16,Psalms 22:16 bible,False,415000,415000,True,9,9,True,9,9,,,,
Psalms,22,17,Psalms 22:17 bible,True,40,627000,False,0,0,False,0,0,0.0,0.0,0.0,0.0
Psalms,22,18,Psalms 22:18 bible,False,394000,394000,True,8,8,True,8,8,,,,
Psalms,22,19,Psalms 22:19 bible,False,391000,391000,False,0,0,False,0,0,0.0,0.0,0.0,0.0
Psalms,22,20,Psalms 22:20 bible,False,598000,598000,True,9,9,True,9,9,,,,
Psalms,22,21,Psalms 22:21 bible,True,35,0,False,0,0,False,0,0,0.0,0.0,0.0,0.0
Psalms,22,22,Psalms 22:22 bible,False,402000,402000,True,8,8,True,8,8,,,,
Psalms,22,23,Psalms 22:23 bible,False,4450000,4450000,True,9,9,True,9,9,,,,
Psalms,22,24,Psalms 22:24 bible,False,914000,914000,True,8,8,True,8,8,,,,
Psalms,22,25,Psalms 22:25 bible,False,655000,655000,False,0,0,False,0,0,0.0,0.0,0.0,0.0
Psalms,22,26,Psalms 22:26 bible,False,473000,473000,True,8,8,True,8,8,,,,
Psalms,22,27,Psalms 22:27 bible,False,395000,395000,True,8,8,True,8,8,,,,
Psalms,22,28,Psalms 22:28 bible,False,523000,523000,True,8,8,True,8,8,,,,
Psalms,22,29,Psalms 22:29 bible,True,40,438000,False,0,0,False,0,0,0.0,0.0,0.0,0.0
Psalms,22,30,Psalms 22:30 bible,False,390000,390000,False,0,0,False,0,0,0.0,0.0,0.0,0.0
Psalms,22,31,Psalms 22:31 bible,False,604000,604000,False,0,0,False,0,0,0.0,0.0,0.0,0.0
Psalms,23,1,Psalms 23:1 bible,False,2910000,2910000,True,8,8,True,8,8,,,,
Psalms,23,2,Psalms 23:2 bible,False,631000,631000,True,7,7,True,7,7,,,,
Psalms,23,3,Psalms 23:3 bible,False,564000,564000,True,7,7,True,7,7,,,,
Psalms,23,4,Psalms 23:4 bible,False,797000,797000,True,8,8,True,8,8,,,,
Psalms,23,5,Psalms 23:5 bible,False,886000,886000,False,0,0,False,0,0,0.0,0.0,0.0,0.0
Psalms,23,6,Psalms 23:6 bible,False,654000,654000,True,8,8,True,8,8,,,,
Psalms,24,1,Psalms 24:1 bible,True,42,777000,False,0,0,False,0,0,0.0,0.0,0.0,0.0
Psalms,24,2,Psalms 24:2 bible,False,398000,398000,True,8,8,True,8,8,,,,
Psalms,24,3,Psalms 24:3 bible,False,472000,472000,True,8,8,True,8,8,,,,
Psalms,24,4,Psalms 24:4 bible,False,389000,389000,True,8,8,True,8,8,,,,
Psalms,24,5,Psalms 24:5 bible,False,388000,388000,True,9,9,True,9,9,,,,
Psalms,24,6,Psalms 24:6 bible,False,389000,389000,False,0,0,False,0,0,0.0,0.0,0.0,0.0
Psalms,24,7,Psalms 24:7 bible,True,138,0,False,0,0,False,0,0,0.0,0.0,0.0,0.0
Psalms,24,8,Psalms 24:8 bible,True,42,391000,False,0,0,False,0,0,0.0,0.0,0.0,0.0
Psalms,24,9,Psalms 24:9 bible,False,386000,386000,True,8,8,True,8,8,,,,
Psalms,24,10,Psalms 24:10 bible,True,44,388000,False,0,0,False,0,0,0.0,0.0,0.0,0.0
Psalms,25,1,Psalms 25:1 bible,False,687000,687000,True,7,7,True,7,7,,,,
Psalms,25,2,Psalms 25:2 bible,True,53,0,False,0,0,False,0,0,0.0,0.0,0.0,0.0
Psalms,25,3,Psalms 25:3 bible,True,39,0,False,0,0,False,0,0,0.0,0.0,0.0,0.0
Psalms,25,4,Psalms 25:4 bible,True,140,398000,False,0,0,False,0,0,0.0,0.0,0.0,0.0
Psalms,25,5,Psalms 25:5 bible,True,0,388000,False,0,0,False,0,0,0.0,0.0,0.0,0.0
Psalms,25,6,Psalms 25:6 bible,False,388000,388000,True,7,7,True,7,7,,,,
Psalms,25,7,Psalms 25:7 bible,False,368000,368000,True,8,8,True,8,8,,,,
Psalms,25,8,Psalms 25:8 bible,True,45,389000,False,0,0,False,0,0,0.0,0.0,0.0,0.0
Psalms,25,9,Psalms 25:9 bible,False,387000,387000,True,8,8,True,8,8,,,,
Psalms,25,10,Psalms 25:10 bible,False,381000,381000,True,8,8,True,8,8,,,,
Psalms,25,11,Psalms 25:11 bible,False,388000,388000,True,9,9,True,9,9,,,,
Psalms,25,12,Psalms 25:12 bible,False,321000,321000,True,8,8,True,8,8,,,,
Psalms,25,13,Psalms 25:13 bible,False,387000,387000,True,9,9,True,9,9,,,,
Psalms,25,14,Psalms 25:14 bible,False,388000,388000,True,8,8,True,8,8,,,,
Psalms,25,15,Psalms 25:15 bible,False,276000,276000,True,9,9,True,9,9,,,,
Psalms,25,16,Psalms 25:16 bible,False,336000,336000,True,8,8,True,8,8,,,,
Psalms,25,17,Psalms 25:17 bible,True,38,291000,False,0,0,False,0,0,0.0,0.0,0.0,0.0
Psalms,25,18,Psalms 25:18 bible,False,255000,255000,True,9,9,True,9,9,,,,
Psalms,25,19,Psalms 25:19 bible,False,312000,312000,True,8,8,True,8,8,,,,
Psalms,25,20,Psalms 25:20 bible,False,342000,342000,True,8,8,True,8,8,,,,
Psalms,25,21,Psalms 25:21 bible,False,388000,388000,False,0,0,False,0,0,0.0,0.0,0.0,0.0
Psalms,25,22,Psalms 25:22 bible,True,41,349000,False,0,0,False,0,0,0.0,0.0,0.0,0.0
Psalms,26,1,Psalms 26:1 bible,False,576000,576000,True,8,8,True,8,8,,,,
Psalms,26,2,Psalms 26:2 bible,False,394000,394000,True,8,8,True,8,8,,,,
Psalms,26,3,Psalms 26:3 bible,False,695000,695000,True,9,9,True,9,9,,,,
Psalms,26,4,Psalms 26:4 bible,False,393000,393000,True,8,8,True,8,8,,,,
Psalms,26,5,Psalms 26:5 bible,False,386000,386000,True,9,9,True,9,9,,,,
Psalms,26,6,Psalms 26:6 bible,False,380000,380000,True,9,9,True,9,9,,,,
Psalms,26,7,Psalms 26:7 bible,False,382000,382000,True,9,8,True,9,8,,,,
Psalms,26,8,Psalms 26:8 bible,False,293000,293000,False,0,0,False,0,0,0.0,0.0,0.0,0.0
Psalms,26,9,Psalms 26:9 bible,True,39,387000,False,0,0,False,0,0,0.0,0.0,0.0,0.0
Psalms,26,10,Psalms 26:10 bible,True,135,384000,False,0,0,False,0,0,0.0,0.0,0.0,0.0
Psalms,26,11,Psalms 26:11 bible,False,387000,387000,True,9,9,True,9,9,,,,
Psalms,26,12,Psalms 26:12 bible,False,388000,388000,True,8,8,True,8,8,,,,
Psalms,27,1,Psalms 27:1 bible,True,19,891000,False,0,0,False,0,0,0.0,0.0,0.0,0.0
Psalms,27,2,Psalms 27:2 bible,False,390000,390000,True,7,7,True,7,7,,,,
Psalms,27,3,Psalms 27:3 bible,False,387000,387000,True,7,7,True,7,7,,,,
Psalms,27,4,Psalms 27:4 bible,True,50,0,False,0,0,False,0,0,0.0,0.0,0.0,0.0
Psalms,27,5,Psalms 27:5 bible,False,388000,388000,True,7,7,True,7,7,,,,
Psalms,27,6,Psalms 27:6 bible,False,386000,386000,True,9,9,True,9,9,,,,
Psalms,27,7,Psalms 27:7 bible,False,265000,265000,True,9,9,True,9,9,,,,
Psalms,27,8,Psalms 27:8 bible,False,350000,350000,True,8,8,True,8,8,,,,
Psalms,27,9,Psalms 27:9 bible,False,370000,370000,True,9,8,True,9,8,,,,
Psalms,27,10,Psalms 27:10 bible,False,353000,353000,False,0,0,False,0,0,0.0,0.0,0.0,0.0
Psalms,27,11,Psalms 27:11 bible,False,330000,330000,True,8,8,True,8,8,,,,
Psalms,27,12,Psalms 27:12 bible,False,312000,312000,False,0,0,False,0,0,0.0,0.0,0.0,0.0
Psalms,27,13,Psalms 27:13 bible,False,387000,387000,True,7,7,True,7,7,,,,
Psalms,27,14,Psalms 27:14 bible,False,406000,406000,True,7,7,True,7,7,,,,
Psalms,28,1,Psalms 28:1 bible,False,735000,735000,True,7,7,True,7,7,,,,
Psalms,28,2,Psalms 28:2 bible,False,429000,429000,True,8,8,True,8,8,,,,
Psalms,28,3,Psalms 28:3 bible,True,39,0,False,0,0,False,0,0,0.0,0.0,0.0,0.0
Psalms,28,4,Psalms 28:4 bible,False,333000,333000,True,8,8,True,8,8,,,,
Psalms,28,5,Psalms 28:5 bible,False,386000,386000,True,8,7,True,8,7,,,,
Psalms,28,6,Psalms 28:6 bible,False,417000,417000,True,7,7,True,7,7,,,,
Psalms,28,7,Psalms 28:7 bible,False,632000,632000,True,8,8,True,8,8,,,,
Psalms,28,8,Psalms 28:8 bible,False,387000,387000,True,8,8,True,8,8,,,,
Psalms,28,9,Psalms 28:9 bible,False,392000,392000,True,8,8,True,8,8,,,,
Psalms,29,1,Psalms 29:1 bible,False,404000,404000,True,8,8,True,8,8,,,,
Psalms,29,2,Psalms 29:2 bible,False,390000,390000,True,7,7,True,7,7,,,,
Psalms,29,3,Psalms 29:3 bible,False,386000,386000,True,8,8,True,8,8,,,,
Psalms,29,4,Psalms 29:4 bible,False,298000,298000,False,0,0,False,0,0,0.0,0.0,0.0,0.0
Psalms,29,5,Psalms 29:5 bible,False,220000,220000,True,9,9,True,9,9,,,,
Psalms,29,6,Psalms 29:6 bible,False,243000,243000,True,9,9,True,9,9,,,,
Psalms,29,7,Psalms 29:7 bible,False,283000,283000,True,8,8,True,8,8,,,,
Psalms,29,8,Psalms 29:8 bible,False,163000,163000,True,8,8,True,8,8,,,,
Psalms,29,9,Psalms 29:9 bible,False,321000,321000,False,0,0,False,0,0,0.0,0.0,0.0,0.0
Psalms,29,10,Psalms 29:10 bible,False,373000,373000,True,8,8,True,8,8,,,,
Psalms,29,11,Psalms 29:11 bible,False,1450000,1450000,True,8,8,True,8,8,,,,
Psalms,30,1,Psalms 30:1 bible,False,444000,444000,False,0,0,False,0,0,0.0,0.0,0.0,0.0
Psalms,30,2,Psalms 30:2 bible,False,395000,395000,False,0,0,False,0,0,0.0,0.0,0.0,0.0
Psalms,30,3,Psalms 30:3 bible,False,381000,381000,True,9,9,True,9,9,,,,
Psalms,30,4,Psalms 30:4 bible,False,390000,390000,True,8,8,True,8,8,,,,
Psalms,30,5,Psalms 30:5 bible,False,652000,652000,True,7,7,True,7,7,,,,
Psalms,30,6,Psalms 30:6 bible,False,388000,388000,True,8,8,True,8,8,,,,
Psalms,30,7,Psalms 30:7 bible,False,386000,386000,False,0,0,False,0,0,0.0,0.0,0.0,0.0
Psalms,30,8,Psalms 30:8 bible,False,606000,606000,True,7,6,True,7,6,,,,
Psalms,30,9,Psalms 30:9 bible,False,356000,356000,True,8,8,True,8,8,,,,
Psalms,30,10,Psalms 30:10 bible,False,383000,383000,False,0,0,False,0,0,0.0,0.0,0.0,0.0
Psalms,30,11,Psalms 30:11 bible,False,388000,388000,True,7,7,True,7,7,,,,
Psalms,30,12,Psalms 30:12 bible,False,288000,288000,True,8,8,True,8,8,,,,
Psalms,31,1,Psalms 31:1 bible,False,419000,419000,False,0,0,False,0,0,0.0,0.0,0.0,0.0
Psalms,31,2,Psalms 31:2 bible,False,388000,388000,True,9,9,True,9,9,,,,
Psalms,31,3,Psalms 31:3 bible,False,431000,431000,True,8,8,True,8,8,,,,
Psalms,31,4,Psalms 31:4 bible,False,285000,285000,True,8,8,True,8,8,,,,
Psalms,31,5,Psalms 31:5 bible,False,322000,322000,True,8,8,True,8,8,,,,
Psalms,31,6,Psalms 31:6 bible,False,565000,565000,True,9,9,True,9,9,,,,
Psalms,31,7,Psalms 31:7 bible,False,274000,274000,True,10,9,True,10,9,,,,
Psalms,31,8,Psalms 31:8 bible,False,419000,419000,False,0,0,False,0,0,0.0,0.0,0.0,0.0
Psalms,31,9,Psalms 31:9 bible,False,314000,314000,True,8,8,True,8,8,,,,
Psalms,31,10,Psalms 31:10 bible,False,460000,460000,True,8,8,True,8,8,,,,
Psalms,31,11,Psalms 31:11 bible,False,332000,332000,True,8,8,True,8,8,,,,
Psalms,31,12,Psalms 31:12 bible,False,289000,289000,True,9,9,True,9,9,,,,
Psalms,31,13,Psalms 31:13 bible,False,359000,359000,True,8,8,True,8,8,,,,
Psalms,31,14,Psalms 31:14 bible,False,357000,357000,False,0,0,False,0,0,0.0,0.0,0.0,0.0
Psalms,31,15,Psalms 31:15 bible,False,362000,362000,True,8,8,True,8,8,,,,
Psalms,31,16,Psalms 31:16 bible,False,327000,327000,True,9,9,True,9,9,,,,
Psalms,31,17,Psalms 31:17 bible,False,276000,276000,True,9,9,True,9,9,,,,
Psalms,31,18,Psalms 31:18 bible,False,257000,257000,True,9,9,True,9,9,,,,
Psalms,31,19,Psalms 31:19 bible,False,305000,305000,True,8,8,True,8,8,,,,
Psalms,31,20,Psalms 31:20 bible,False,234000,234000,True,8,8,True,8,8,,,,
Psalms,31,21,Psalms 31:21 bible,False,144000,144000,True,8,8,True,8,8,,,,
Psalms,31,22,Psalms 31:22 bible,False,140000,140000,True,8,8,True,8,8,,,,
Psalms,31,23,Psalms 31:23 bible,False,222000,222000,False,0,0,False,0,0,0.0,0.0,0.0,0.0
Psalms,31,24,Psalms 31:24 bible,False,386000,386000,False,0,0,False,0,0,0.0,0.0,0.0,0.0
Psalms,32,1,Psalms 32:1 bible,False,405000,405000,True,7,7,True,7,7,,,,
Psalms,32,2,Psalms 32:2 bible,False,386000,386000,True,8,8,True,8,8,,,,
Psalms,32,3,Psalms 32:3 bible,False,320000,320000,True,8,8,True,8,8,,,,
Psalms,32,4,Psalms 32:4 bible,False,388000,388000,True,8,8,True,8,8,,,,
Psalms,32,5,Psalms 32:5 bible,False,328000,328000,False,0,0,False,0,0,0.0,0.0,0.0,0.0
Psalms,32,6,Psalms 32:6 bible,False,253000,253000,True,8,8,True,8,8,,,,
Psalms,32,7,Psalms 32:7 bible,False,388000,388000,True,7,7,True,7,7,,,,
Psalms,32,8,Psalms 32:8 bible,False,490000,490000,True,8,7,True,8,7,,,,
Psalms,32,9,Psalms 32:9 bible,False,210000,210000,False,0,0,False,0,0,0.0,0.0,0.0,0.0
Psalms,32,10,Psalms 32:10 bible,False,297000,297000,True,8,8,True,8,8,,,,
Psalms,32,11,Psalms 32:11 bible,True,134,271000,False,0,0,False,0,0,0.0,0.0,0.0,0.0
Psalms,33,1,Psalms 33:1 bible,False,389000,389000,True,8,8,True,8,8,,,,
Psalms,33,2,Psalms 33:2 bible,False,387000,387000,True,8,8,True,8,8,,,,
Psalms,33,3,Psalms 33:3 bible,False,606000,606000,False,0,0,False,0,0,0.0,0.0,0.0,0.0
Psalms,33,4,Psalms 33:4 bible,False,387000,387000,True,7,7,True,7,7,,,,
Psalms,33,5,Psalms 33:5 bible,False,242000,242000,True,8,8,True,8,8,,,,
Psalms,33,6,Psalms 33:6 bible,False,389000,389000,True,8,8,True,8,8,,,,
Psalms,33,7,Psalms 33:7 bible,True,42,0,False,0,0,False,0,0,0.0,0.0,0.0,0.0
Psalms,33,8,Psalms 33:8 bible,True,42,235000,False,0,0,False,0,0,0.0,0.0,0.0,0.0
Psalms,33,9,Psalms 33:9 bible,False,246000,246000,True,7,7,True,7,7,,,,
Psalms,33,10,Psalms 33:10 bible,False,231000,231000,True,9,9,True,9,9,,,,
Psalms,33,11,Psalms 33:11 bible,False,388000,388000,True,8,8,True,8,8,,,,
Psalms,33,12,Psalms 33:12 bible,False,387000,387000,True,7,7,True,7,7,,,,
Psalms,33,13,Psalms 33:13 bible,False,279000,279000,True,8,8,True,8,8,,,,
Psalms,33,14,Psalms 33:14 bible,False,388000,388000,False,0,0,False,0,0,0.0,0.0,0.0,0.0
Psalms,33,15,Psalms 33:15 bible,False,284000,284000,True,8,8,True,8,8,,,,
Psalms,33,16,Psalms 33:16 bible,False,224000,224000,True,8,8,True,8,8,,,,
Psalms,33,17,Psalms 33:17 bible,False,315000,315000,True,9,9,True,9,9,,,,
Psalms,33,18,Psalms 33:18 bible,False,386000,386000,True,8,8,True,8,8,,,,
Psalms,33,19,Psalms 33:19 bible,False,277000,277000,True,9,8,True,9,8,,,,
Psalms,33,20,Psalms 33:20 bible,False,386000,386000,True,8,8,True,8,8,,,,
Psalms,33,21,Psalms 33:21 bible,False,218000,218000,False,0,0,False,0,0,0.0,0.0,0.0,0.0
Psalms,33,22,Psalms 33:22 bible,True,39,0,False,0,0,False,0,0,0.0,0.0,0.0,0.0
Psalms,34,1,Psalms 34:1 bible,False,574000,574000,True,8,8,True,8,8,,,,
Psalms,34,2,Psalms 34:2 bible,False,350000,350000,True,9,9,True,9,9,,,,
Psalms,34,3,Psalms 34:3 bible,False,256000,256000,False,0,0,False,0,0,0.0,0.0,0.0,0.0
Psalms,34,4,Psalms 34:4 bible,False,390000,390000,True,8,8,True,8,8,,,,
Psalms,34,5,Psalms 34:5 bible,False,386000,386000,True,8,8,True,8,8,,,,
Psalms,34,6,Psalms 34:6 bible,False,388000,388000,False,0,0,False,0,0,0.0,0.0,0.0,0.0
Psalms,34,7,Psalms 34:7 bible,False,390000,390000,True,9,9,True,9,9,,,,
Psalms,34,8,Psalms 34:8 bible,False,686000,686000,True,7,7,True,7,7,,,,
Psalms,34,9,Psalms 34:9 bible,False,290000,290000,True,8,8,True,8,8,,,,
Psalms,34,10,Psalms 34:10 bible,False,387000,387000,True,9,9,True,9,9,,,,
Psalms,34,11,Psalms 34:11 bible,False,325000,325000,True,8,8,True,8,8,,,,
Psalms,34,12,Psalms 34:12 bible,False,191000,191000,True,8,8,True,8,8,,,,
Psalms,34,13,Psalms 34:13 bible,False,199000,199000,False,0,0,False,0,0,0.0,0.0,0.0,0.0
Psalms,34,14,Psalms 34:14 bible,False,385000,385000,True,8,8,True,8,8,,,,
Psalms,34,15,Psalms 34:15 bible,False,352000,352000,True,8,8,True,8,8,,,,
Psalms,34,16,Psalms 34:16 bible,False,276000,276000,True,9,9,True,9,9,,,,
Psalms,34,17,Psalms 34:17 bible,False,391000,391000,False,0,0,False,0,0,0.0,0.0,0.0,0.0
Psalms,34,18,Psalms 34:18 bible,False,682000,682000,True,7,7,True,7,7,,,,
Psalms,34,19,Psalms 34:19 bible,False,445000,445000,True,7,7,True,7,7,,,,
Psalms,34,20,Psalms 34:20 bible,False,136000,136000,False,0,0,False,0,0,0.0,0.0,0.0,0.0
Psalms,34,21,Psalms 34:21 bible,False,167000,167000,True,8,8,True,8,8,,,,
Psalms,34,22,Psalms 34:22 bible,False,189000,189000,False,0,0,False,0,0,0.0,0.0,0.0,0.0
Psalms,35,1,Psalms 35:1 bible,False,389000,389000,True,8,8,True,8,8,,,,
Psalms,35,2,Psalms 35:2 bible,False,387000,387000,True,7,7,True,7,7,,,,
Psalms,35,3,Psalms 35:3 bible,False,319000,319000,False,0,0,False,0,0,0.0,0.0,0.0,0.0
Psalms,35,4,Psalms 35:4 bible,False,387000,387000,True,8,8,True,8,8,,,,
Psalms,35,5,Psalms 35:5 bible,False,265000,265000,True,7,7,True,7,7,,,,
Psalms,35,6,Psalms 35:6 bible,False,276000,276000,True,8,8,True,8,8,,,,
Psalms,35,7,Psalms 35:7 bible,False,125000,125000,False,0,0,False,0,0,0.0,0.0,0.0,0.0
Psalms,35,8,Psalms 35:8 bible,False,219000,219000,False,0,0,False,0,0,0.0,0.0,0.0,0.0
Psalms,35,9,Psalms 35:9 bible,False,187000,187000,True,9,9,True,9,9,,,,
Psalms,35,10,Psalms 35:10 bible,False,386000,386000,True,8,8,True,8,8,,,,
Psalms,35,11,Psalms 35:11 bible,False,196000,196000,True,8,8,True,8,8,,,,
Psalms,35,12,Psalms 35:12 bible,False,125000,125000,True,8,8,True,8,8,,,,
Psalms,35,13,Psalms 35:13 bible,False,110000,110000,True,8,8,True,8,8,,,,
Psalms,35,14,Psalms 35:14 bible,False,92300,92300,True,8,8,True,8,8,,,,
Psalms,35,15,Psalms 35:15 bible,False,135000,135000,True,8,8,True,8,8,,,,
Psalms,35,16,Psalms 35:16 bible,True,0,0,False,0,0,False,0,0,0.0,0.0,0.0,0.0
Psalms,35,17,Psalms 35:17 bible,False,141000,141000,True,8,8,True,8,8,,,,
Psalms,35,18,Psalms 35:18 bible,False,147000,147000,True,8,8,True,8,8,,,,
Psalms,35,19,Psalms 35:19 bible,False,109000,109000,True,8,8,True,8,8,,,,
Psalms,35,20,Psalms 35:20 bible,False,85800,85800,False,0,0,False,0,0,0.0,0.0,0.0,0.0
Psalms,35,21,Psalms 35:21 bible,False,71700,71700,True,8,8,True,8,8,,,,
Psalms,35,22,Psalms 35:22 bible,False,120000,120000,True,8,8,True,8,8,,,,
Psalms,35,23,Psalms 35:23 bible,False,92900,92900,True,8,8,True,8,8,,,,
Psalms,35,24,Psalms 35:24 bible,False,79700,79700,False,0,0,False,0,0,0.0,0.0,0.0,0.0
Psalms,35,25,Psalms 35:25 bible,True,131,0,False,0,0,False,0,0,0.0,0.0,0.0,0.0
Psalms,35,26,Psalms 35:26 bible,False,97800,97800,True,8,8,True,8,8,,,,
Psalms,35,27,Psalms 35:27 bible,False,272000,272000,True,9,9,True,9,9,,,,
Psalms,35,28,Psalms 35:28 bible,False,89800,89800,True,9,9,True,9,9,,,,
Psalms,36,1,Psalms 36:1 bible,False,367000,367000,True,8,8,True,8,8,,,,
Psalms,36,2,Psalms 36:2 bible,True,36,277000,False,0,0,False,0,0,0.0,0.0,0.0,0.0
Psalms,36,3,Psalms 36:3 bible,False,202000,202000,True,9,9,True,9,9,,,,
Psalms,36,4,Psalms 36:4 bible,False,118000,118000,True,8,8,True,8,8,,,,
Psalms,36,5,Psalms 36:5 bible,False,316000,316000,True,8,8,True,8,8,,,,
Psalms,36,6,Psalms 36:6 bible,False,142000,142000,True,9,9,True,9,9,,,,
Psalms,36,7,Psalms 36:7 bible,False,257000,257000,True,8,8,True,8,8,,,,
Psalms,36,8,Psalms 36:8 bible,False,159000,159000,True,8,8,True,8,8,,,,
Psalms,36,9,Psalms 36:9 bible,False,247000,247000,True,9,9,True,9,9,,,,
Psalms,36,10,Psalms 36:10 bible,False,117000,117000,True,10,9,True,10,9,,,,
Psalms,36,11,Psalms 36:11 bible,False,375000,375000,False,0,0,False,0,0,0.0,0.0,0.0,0.0
Psalms,36,12,Psalms 36:12 bible,False,107000,107000,True,8,8,True,8,8,,,,
Psalms,37,1,Psalms 37:1 bible,False,390000,390000,True,8,7,True,8,7,,,,
Psalms,37,2,Psalms 37:2 bible,False,243000,243000,False,0,0,False,0,0,0.0,0.0,0.0,0.0
Psalms,37,3,Psalms 37:3 bible,False,388000,388000,True,8,8,True,8,8,,,,
Psalms,37,4,Psalms 37:4 bible,True,41,529000,False,0,0,False,0,0,0.0,0.0,0.0,0.0
Psalms,37,5,Psalms 37:5 bible,False,446000,446000,True,7,7,True,7,7,,,,
Psalms,37,6,Psalms 37:6 bible,False,171000,171000,True,8,8,True,8,8,,,,
Psalms,37,7,Psalms 37:7 bible,False,387000,387000,False,0,0,False,0,0,0.0,0.0,0.0,0.0
Psalms,37,8,Psalms 37:8 bible,False,192000,192000,False,0,0,False,0,0,0.0,0.0,0.0,0.0
Psalms,37,9,Psalms 37:9 bible,False,231000,231000,True,8,8,True,8,8,,,,
Psalms,37,10,Psalms 37:10 bible,False,161000,161000,True,8,8,True,8,8,,,,
Psalms,37,11,Psalms 37:11 bible,False,183000,183000,False,0,0,False,0,0,0.0,0.0,0.0,0.0
Psalms,37,12,Psalms 37:12 bible,False,158000,158000,True,8,8,True,8,8,,,,
Psalms,37,13,Psalms 37:13 bible,True,135,0,False,0,0,False,0,0,0.0,0.0,0.0,0.0
Psalms,37,14,Psalms 37:14 bible,True,39,191000,False,0,0,False,0,0,0.0,0.0,0.0,0.0
Psalms,37,15,Psalms 37:15 bible,False,116000,116000,True,8,8,True,8,8,,,,
Psalms,37,16,Psalms 37:16 bible,False,158000,158000,True,8,8,True,8,8,,,,
Psalms,37,17,Psalms 37:17 bible,False,96100,96100,True,8,8,True,8,8,,,,
Psalms,37,18,Psalms 37:18 bible,False,172000,172000,True,8,8,True,8,8,,,,
Psalms,37,19,Psalms 37:19 bible,False,106000,106000,True,8,8,True,8,8,,,,
Psalms,37,20,Psalms 37:20 bible,False,145000,145000,True,8,8,True,8,8,,,,
Psalms,37,21,Psalms 37:21 bible,False,141000,141000,True,8,8,True,8,8,,,,
Psalms,37,22,Psalms 37:22 bible,False,194000,194000,True,8,8,True,8,8,,,,
Psalms,37,23,Psalms 37:23 bible,False,396000,396000,True,8,8,True,8,8,,,,
Psalms,37,24,Psalms 37:24 bible,False,242000,242000,True,8,8,True,8,8,,,,
Psalms,37,25,Psalms 37:25 bible,False,342000,342000,False,0,0,False,0,0,0.0,0.0,0.0,0.0
Psalms,37,26,Psalms 37:26 bible,False,180000,180000,False,0,0,False,0,0,0.0,0.0,0.0,0.0
Psalms,37,27,Psalms 37:27 bible,False,101000,101000,False,0,0,False,0,0,0.0,0.0,0.0,0.0
Psalms,37,28,Psalms 37:28 bible,False,160000,160000,True,9,9,True,9,9,,,,
Psalms,37,29,Psalms 37:29 bible,True,43,122000,False,0,0,False,0,0,0.0,0.0,0.0,0.0
Psalms,37,30,Psalms 37:30 bible,False,146000,146000,False,0,0,False,0,0,0.0,0.0,0.0,0.0
Psalms,37,31,Psalms 37:31 bible,False,147000,147000,True,8,8,True,8,8,,,,
Psalms,37,32,Psalms 37:32 bible,False,76200,76200,True,8,8,True,8,8,,,,
Psalms,37,33,Psalms 37:33 bible,False,79100,79100,True,8,8,True,8,8,,,,
Psalms,37,34,Psalms 37:34 bible,False,117000,117000,True,8,8,True,8,8,,,,
Psalms,37,35,Psalms 37:35 bible,True,41,122000,False,0,0,False,0,0,0.0,0.0,0.0,0.0
Psalms,37,36,Psalms 37:36 bible,True,39,144000,False,0,0,False,0,0,0.0,0.0,0.0,0.0
Psalms,37,37,Psalms 37:37 bible,False,169000,169000,True,7,7,True,7,7,,,,
Psalms,37,38,Psalms 37:38 bible,False,647000,647000,True,8,8,True,8,8,,,,
Psalms,37,39,Psalms 37:39 bible,False,595000,595000,True,8,8,True,8,8,,,,
Psalms,37,40,Psalms 37:40 bible,False,416000,416000,True,8,8,True,8,8,,,,
Psalms,38,1,Psalms 38:1 bible,False,388000,388000,True,8,8,True,8,8,,,,
Psalms,38,2,Psalms 38:2 bible,False,343000,343000,True,8,8,True,8,8,,,,
Psalms,38,3,Psalms 38:3 bible,False,245000,245000,True,8,8,True,8,8,,,,
Psalms,38,4,Psalms 38:4 bible,False,349000,349000,True,8,8,True,8,8,,,,
Psalms,38,5,Psalms 38:5 bible,False,187000,187000,True,8,8,True,8,8,,,,
Psalms,38,6,Psalms 38:6 bible,False,169000,169000,False,0,0,False,0,0,0.0,0.0,0.0,0.0
Psalms,38,7,Psalms 38:7 bible,False,189000,189000,True,8,8,True,8,8,,,,
Psalms,38,8,Psalms 38:8 bible,False,174000,174000,True,8,8,True,8,8,,,,
Psalms,38,9,Psalms 38:9 bible,False,134000,134000,True,8,8,True,8,8,,,,
Psalms,38,10,Psalms 38:10 bible,True,39,210000,False,0,0,False,0,0,0.0,0.0,0.0,0.0
Psalms,38,11,Psalms 38:11 bible,False,150000,150000,True,8,8,True,8,8,,,,
Psalms,38,12,Psalms 38:12 bible,False,220000,220000,True,9,9,True,9,9,,,,
Psalms,38,13,Psalms 38:13 bible,False,115000,115000,True,9,9,True,9,9,,,,
Psalms,38,14,Psalms 38:14 bible,False,141000,141000,True,8,8,True,8,8,,,,
Psalms,38,15,Psalms 38:15 bible,False,89600,89600,True,8,8,True,8,8,,,,
Psalms,38,16,Psalms 38:16 bible,True,130,184000,False,0,0,False,0,0,0.0,0.0,0.0,0.0
Psalms,38,17,Psalms 38:17 bible,False,179000,179000,True,9,9,True,9,9,,,,
Psalms,38,18,Psalms 38:18 bible,False,162000,162000,True,8,8,True,8,8,,,,
Psalms,38,19,Psalms 38:19 bible,False,137000,137000,True,8,8,True,8,8,,,,
Psalms,38,20,Psalms 38:20 bible,False,85500,85500,True,8,8,True,8,8,,,,
Psalms,38,21,Psalms 38:21 bible,False,103000,103000,True,8,8,True,8,8,,,,
Psalms,38,22,Psalms 38:22 bible,False,166000,166000,True,8,8,True,8,8,,,,
Psalms,39,1,Psalms 39:1 bible,False,386000,386000,True,9,9,True,9,9,,,,
Psalms,39,2,Psalms 39:2 bible,False,330000,330000,True,9,9,True,9,9,,,,
Psalms,39,3,Psalms 39:3 bible,False,237000,237000,True,8,8,True,8,8,,,,
Psalms,39,4,Psalms 39:4 bible,False,172000,172000,True,9,9,True,9,9,,,,
Psalms,39,5,Psalms 39:5 bible,False,147000,147000,True,8,8,True,8,8,,,,
Psalms,39,6,Psalms 39:6 bible,False,138000,138000,False,0,0,False,0,0,0.0,0.0,0.0,0.0
Psalms,39,7,Psalms 39:7 bible,False,248000,248000,True,8,8,True,8,8,,,,
Psalms,39,8,Psalms 39:8 bible,False,140000,140000,True,9,9,True,9,9,,,,
Psalms,39,9,Psalms 39:9 bible,False,236000,236000,True,8,8,True,8,8,,,,
Psalms,39,10,Psalms 39:10 bible,False,137000,137000,True,9,9,True,9,9,,,,
Psalms,39,11,Psalms 39:11 bible,False,102000,102000,False,0,0,False,0,0,0.0,0.0,0.0,0.0
Psalms,39,12,Psalms 39:12 bible,False,126000,126000,False,0,0,False,0,0,0.0,0.0,0.0,0.0
Psalms,39,13,Psalms 39:13 bible,False,61700,61700,True,8,8,True,8,8,,,,
Psalms,40,1,Psalms 40:1 bible,False,404000,404000,True,8,8,True,8,8,,,,
Psalms,40,2,Psalms 40:2 bible,False,391000,391000,True,9,9,True,9,9,,,,
Psalms,40,3,Psalms 40:3 bible,False,387000,387000,True,8,8,True,8,8,,,,
Psalms,40,4,Psalms 40:4 bible,False,283000,283000,True,8,8,True,8,8,,,,
Psalms,40,5,Psalms 40:5 bible,False,270000,270000,True,7,7,True,7,7,,,,
Psalms,40,6,Psalms 40:6 bible,False,240000,240000,False,0,0,False,0,0,0.0,0.0,0.0,0.0
Psalms,40,7,Psalms 40:7 bible,False,180000,180000,True,8,8,True,8,8,,,,
Psalms,40,8,Psalms 40:8 bible,False,388000,388000,True,8,8,True,8,8,,,,
Psalms,40,9,Psalms 40:9 bible,False,173000,173000,True,8,8,True,8,8,,,,
Psalms,40,10,Psalms 40:10 bible,False,194000,194000,True,9,8,True,9,8,,,,
Psalms,40,11,Psalms 40:11 bible,True,140,299000,False,0,0,False,0,0,0.0,0.0,0.0,0.0
Psalms,40,12,Psalms 40:12 bible,False,161000,161000,True,8,8,True,8,8,,,,
Psalms,40,13,Psalms 40:13 bible,False,238000,238000,False,0,0,False,0,0,0.0,0.0,0.0,0.0
Psalms,40,14,Psalms 40:14 bible,False,133000,133000,True,8,8,True,8,8,,,,
Psalms,40,15,Psalms 40:15 bible,False,146000,146000,True,8,8,True,8,8,,,,
Psalms,40,16,Psalms 40:16 bible,False,110000,110000,True,8,8,True,8,8,,,,
Psalms,40,17,Psalms 40:17 bible,True,42,136000,False,0,0,False,0,0,0.0,0.0,0.0,0.0
Psalms,41,1,Psalms 41:1 bible,False,387000,387000,True,8,8,True,8,8,,,,
Psalms,41,2,Psalms 41:2 bible,False,199000,199000,True,6,6,True,6,6,,,,
Psalms,41,3,Psalms 41:3 bible,True,38,182000,False,0,0,False,0,0,0.0,0.0,0.0,0.0
Psalms,41,4,Psalms 41:4 bible,False,201000,201000,False,0,0,False,0,0,0.0,0.0,0.0,0.0
Psalms,41,5,Psalms 41:5 bible,False,87000,87000,True,9,9,True,9,9,,,,
Psalms,41,6,Psalms 41:6 bible,True,138,0,False,0,0,False,0,0,0.0,0.0,0.0,0.0
Psalms,41,7,Psalms 41:7 bible,False,82500,82500,False,0,0,False,0,0,0.0,0.0,0.0,0.0
Psalms,41,8,Psalms 41:8 bible,False,246000,246000,True,8,8,True,8,8,,,,
Psalms,41,9,Psalms 41:9 bible,False,264000,264000,True,8,8,True,8,8,,,,
Psalms,41,10,Psalms 41:10 bible,False,930000,930000,True,8,8,True,8,8,,,,
Psalms,41,11,Psalms 41:11 bible,True,41,194000,False,0,0,False,0,0,0.0,0.0,0.0,0.0
Psalms,41,12,Psalms 41:12 bible,False,95300,95300,False,0,0,False,0,0,0.0,0.0,0.0,0.0
Psalms,41,13,Psalms 41:13 bible,True,41,387000,False,0,0,False,0,0,0.0,0.0,0.0,0.0
Psalms,42,1,Psalms 42:1 bible,False,436000,436000,False,0,0,False,0,0,0.0,0.0,0.0,0.0
Psalms,42,2,Psalms 42:2 bible,False,382000,382000,True,8,8,True,8,8,,,,
Psalms,42,3,Psalms 42:3 bible,True,139,291000,False,0,0,False,0,0,0.0,0.0,0.0,0.0
Psalms,42,4,Psalms 42:4 bible,True,0,193000,False,0,0,False,0,0,0.0,0.0,0.0,0.0
Psalms,42,5,Psalms 42:5 bible,False,391000,391000,True,7,7,True,7,7,,,,
Psalms,42,6,Psalms 42:6 bible,False,376000,376000,False,0,0,False,0,0,0.0,0.0,0.0,0.0
Psalms,42,7,Psalms 42:7 bible,False,224000,224000,True,8,8,True,8,8,,,,
Psalms,42,8,Psalms 42:8 bible,False,386000,386000,True,7,7,True,7,7,,,,
Psalms,42,9,Psalms 42:9 bible,False,182000,182000,False,0,0,False,0,0,0.0,0.0,0.0,0.0
Psalms,42,10,Psalms 42:10 bible,False,388000,388000,True,9,9,True,9,9,,,,
Psalms,42,11,Psalms 42:11 bible,False,319000,319000,True,9,9,True,9,9,,,,
Psalms,43,1,Psalms 43:1 bible,False,393000,393000,True,8,8,True,8,8,,,,
Psalms,43,2,Psalms 43:2 bible,False,757000,757000,True,8,8,True,8,8,,,,
Psalms,43,3,Psalms 43:3 bible,False,382000,382000,True,8,8,True,8,8,,,,
Psalms,43,4,Psalms 43:4 bible,False,259000,259000,True,9,9,True,9,9,,,,
Psalms,43,5,Psalms 43:5 bible,False,243000,243000,True,8,8,True,8,8,,,,
Psalms,44,1,Psalms 44:1 bible,False,342000,342000,True,8,8,True,8,8,,,,
Psalms,44,2,Psalms 44:2 bible,False,246000,246000,False,0,0,False,0,0,0.0,0.0,0.0,0.0
Psalms,44,3,Psalms 44:3 bible,False,341000,341000,True,8,8,True,8,8,,,,
Psalms,44,4,Psalms 44:4 bible,False,150000,150000,True,8,8,True,8,8,,,,
Psalms,44,5,Psalms 44:5 bible,True,140,150000,False,0,0,False,0,0,0.0,0.0,0.0,0.0
Psalms,44,6,Psalms 44:6 bible,False,298000,298000,True,9,9,True,9,9,,,,
Psalms,44,7,Psalms 44:7 bible,False,118000,118000,True,8,8,True,8,8,,,,
Psalms,44,8,Psalms 44:8 bible,False,160000,160000,True,8,8,True,8,8,,,,
Psalms,44,9,Psalms 44:9 bible,True,139,144000,False,0,0,False,0,0,0.0,0.0,0.0,0.0
Psalms,44,10,Psalms 44:10 bible,False,92800,92800,False,0,0,False,0,0,0.0,0.0,0.0,0.0
Psalms,44,11,Psalms 44:11 bible,False,81900,81900,True,8,8,True,8,8,,,,
Psalms,44,12,Psalms 44:12 bible,False,67000,67000,True,8,8,True,8,8,,,,
Psalms,44,13,Psalms 44:13 bible,False,72100,72100,True,8,8,True,8,8,,,,
Psalms,44,14,Psalms 44:14 bible,False,81900,81900,True,9,9,True,9,9,,,,
Psalms,44,15,Psalms 44:15 bible,False,96400,96400,False,0,0,False,0,0,0.0,0.0,0.0,0.0
Psalms,44,16,Psalms 44:16 bible,False,88900,88900,False,0,0,False,0,0,0.0,0.0,0.0,0.0
Psalms,44,17,Psalms 44:17 bible,False,101000,101000,True,9,8,True,9,8,,,,
Psalms,44,18,Psalms 44:18 bible,False,98400,98400,True,8,8,True,8,8,,,,
Psalms,44,19,Psalms 44:19 bible,False,61200,61200,True,8,8,True,8,8,,,,
Psalms,44,20,Psalms 44:20 bible,False,93000,93000,False,0,0,False,0,0,0.0,0.0,0.0,0.0
Psalms,44,21,Psalms 44:21 bible,False,152000,152000,True,8,8,True,8,8,,,,
Psalms,44,22,Psalms 44:22 bible,False,216000,216000,True,8,8,True,8,8,,,,
Psalms,44,23,Psalms 44:23 bible,True,40,187000,False,0,0,False,0,0,0.0,0.0,0.0,0.0
Psalms,44,24,Psalms 44:24 bible,False,259000,259000,True,9,9,True,9,9,,,,
Psalms,44,25,Psalms 44:25 bible,False,169000,169000,True,9,9,True,9,9,,,,
Psalms,44,26,Psalms 44:26 bible,False,133000,133000,False,0,0,False,0,0,0.0,0.0,0.0,0.0
Psalms,45,1,Psalms 45:1 bible,False,386000,386000,False,0,0,False,0,0,0.0,0.0,0.0,0.0
Psalms,45,2,Psalms 45:2 bible,False,387000,387000,True,9,9,True,9,9,,,,
Psalms,45,3,Psalms 45:3 bible,False,220000,220000,True,9,9,True,9,9,,,,
Psalms,45,4,Psalms 45:4 bible,False,167000,167000,True,8,8,True,8,8,,,,
Psalms,45,5,Psalms 45:5 bible,False,314000,314000,False,0,0,False,0,0,0.0,0.0,0.0,0.0
Psalms,45,6,Psalms 45:6 bible,False,248000,248000,True,8,8,True,8,8,,,,
Psalms,45,7,Psalms 45:7 bible,False,323000,323000,True,8,8,True,8,8,,,,
Psalms,45,8,Psalms 45:8 bible,False,160000,160000,True,9,9,True,9,9,,,,
Psalms,45,9,Psalms 45:9 bible,False,202000,202000,True,9,9,True,9,9,,,,
Psalms,45,10,Psalms 45:10 bible,False,80500,80500,False,0,0,False,0,0,0.0,0.0,0.0,0.0
Psalms,45,11,Psalms 45:11 bible,False,117000,117000,True,9,9,True,9,9,,,,
Psalms,45,12,Psalms 45:12 bible,True,37,192000,False,0,0,False,0,0,0.0,0.0,0.0,0.0
Psalms,45,13,Psalms 45:13 bible,False,79000,79000,True,8,8,True,8,8,,,,
Psalms,45,14,Psalms 45:14 bible,True,39,77500,False,0,0,False,0,0,0.0,0.0,0.0,0.0
Psalms,45,15,Psalms 45:15 bible,True,42,0,False,0,0,False,0,0,0.0,0.0,0.0,0.0
Psalms,45,16,Psalms 45:16 bible,False,82400,82400,True,8,8,True,8,8,,,,
Psalms,45,17,Psalms 45:17 bible,False,113000,113000,False,0,0,False,0,0,0.0,0.0,0.0,0.0
Psalms,46,1,Psalms 46:1 bible,False,819000,819000,True,7,7,True,7,7,,,,
Psalms,46,2,Psalms 46:2 bible,False,224000,224000,True,7,7,True,7,7,,,,
Psalms,46,3,Psalms 46:3 bible,False,165000,165000,True,9,9,True,9,9,,,,
Psalms,46,4,Psalms 46:4 bible,True,43,363000,False,0,0,False,0,0,0.0,0.0,0.0,0.0
Psalms,46,5,Psalms 46:5 bible,False,617000,617000,True,7,7,True,7,7,,,,
Psalms,46,6,Psalms 46:6 bible,False,84400,84400,False,0,0,False,0,0,0.0,0.0,0.0,0.0
Psalms,46,7,Psalms 46:7 bible,False,130000,130000,False,0,0,False,0,0,0.0,0.0,0.0,0.0
Psalms,46,8,Psalms 46:8 bible,False,115000,115000,True,9,9,True,9,9,,,,
Psalms,46,9,Psalms 46:9 bible,True,43,382000,False,0,0,False,0,0,0.0,0.0,0.0,0.0
Psalms,46,10,Psalms 46:10 bible,False,794000,794000,True,8,8,True,8,8,,,,
Psalms,46,11,Psalms 46:11 bible,False,122000,122000,True,8,8,True,8,8,,,,
Psalms,47,1,Psalms 47:1 bible,False,345000,345000,True,8,8,True,8,8,,,,
Psalms,47,2,Psalms 47:2 bible,False,192000,192000,True,9,8,True,9,8,,,,
Psalms,47,3,Psalms 47:3 bible,False,92100,92100,True,8,8,True,8,8,,,,
Psalms,47,4,Psalms 47:4 bible,True,43,115000,False,0,0,False,0,0,0.0,0.0,0.0,0.0
Psalms,47,5,Psalms 47:5 bible,False,85900,85900,True,9,9,True,9,9,,,,
Psalms,47,6,Psalms 47:6 bible,False,137000,137000,False,0,0,False,0,0,0.0,0.0,0.0,0.0
Psalms,47,7,Psalms 47:7 bible,False,106000,106000,True,8,8,True,8,8,,,,
Psalms,47,8,Psalms 47:8 bible,False,108000,108000,False,0,0,False,0,0,0.0,0.0,0.0,0.0
Psalms,47,9,Psalms 47:9 bible,False,103000,103000,True,9,9,True,9,9,,,,
Psalms,48,1,Psalms 48:1 bible,False,289000,289000,True,8,8,True,8,8,,,,
Psalms,48,2,Psalms 48:2 bible,True,41,177000,False,0,0,False,0,0,0.0,0.0,0.0,0.0
Psalms,48,3,Psalms 48:3 bible,False,120000,120000,True,9,9,True,9,9,,,,
Psalms,48,4,Psalms 48:4 bible,False,95500,95500,True,8,8,True,8,8,,,,
Psalms,48,5,Psalms 48:5 bible,False,92300,92300,True,8,8,True,8,8,,,,
Psalms,48,6,Psalms 48:6 bible,False,98900,98900,True,9,9,True,9,9,,,,
Psalms,48,7,Psalms 48:7 bible,False,78500,78500,True,8,8,True,8,8,,,,
Psalms,48,8,Psalms 48:8 bible,False,76400,76400,True,8,8,True,8,8,,,,
Psalms,48,9,Psalms 48:9 bible,False,108000,108000,True,8,8,True,8,8,,,,
Psalms,48,10,Psalms 48:10 bible,False,190000,190000,True,9,9,True,9,9,,,,
Psalms,48,11,Psalms 48:11 bible,False,158000,158000,True,8,8,True,8,8,,,,
Psalms,48,12,Psalms 48:12 bible,False,170000,170000,True,8,8,True,8,8,,,,
Psalms,48,13,Psalms 48:13 bible,False,109000,109000,True,8,8,True,8,8,,,,
Psalms,48,14,Psalms 48:14 bible,False,165000,165000,True,8,8,True,8,8,,,,
Psalms,49,1,Psalms 49:1 bible,True,43,0,False,0,0,False,0,0,0.0,0.0,0.0,0.0
Psalms,49,2,Psalms 49:2 bible,False,176000,176000,True,8,8,True,8,8,,,,
Psalms,49,3,Psalms 49:3 bible,False,156000,156000,True,9,9,True,9,9,,,,
Psalms,49,4,Psalms 49:4 bible,False,135000,135000,True,8,8,True,8,8,,,,
Psalms,49,5,Psalms 49:5 bible,False,198000,198000,True,8,8,True,8,8,,,,
Psalms,49,6,Psalms 49:6 bible,False,224000,224000,False,0,0,False,0,0,0.0,0.0,0.0,0.0
Psalms,49,7,Psalms 49:7 bible,False,139000,139000,True,8,8,True,8,8,,,,
Psalms,49,8,Psalms 49:8 bible,False,203000,203000,True,8,8,True,8,8,,,,
Psalms,49,9,Psalms 49:9 bible,True,139,0,False,0,0,False,0,0,0.0,0.0,0.0,0.0
Psalms,49,10,Psalms 49:10 bible,False,350000,350000,True,8,8,True,8,8,,,,
Psalms,49,11,Psalms 49:11 bible,False,77600,77600,False,0,0,False,0,0,0.0,0.0,0.0,0.0
Psalms,49,12,Psalms 49:12 bible,False,106000,106000,True,8,8,True,8,8,,,,
Psalms,49,13,Psalms 49:13 bible,True,140,176000,False,0,0,False,0,0,0.0,0.0,0.0,0.0
Psalms,49,14,Psalms 49:14 bible,False,194000,194000,True,8,8,True,8,8,,,,
Psalms,49,15,Psalms 49:15 bible,False,296000,296000,False,0,0,False,0,0,0.0,0.0,0.0,0.0
Psalms,49,16,Psalms 49:16 bible,False,192000,192000,True,8,8,True,8,8,,,,
Psalms,49,17,Psalms 49:17 bible,False,86000,86000,True,7,7,True,7,7,,,,
Psalms,49,18,Psalms 49:18 bible,False,95900,95900,False,0,0,False,0,0,0.0,0.0,0.0,0.0
Psalms,49,19,Psalms 49:19 bible,False,60000,60000,False,0,0,False,0,0,0.0,0.0,0.0,0.0
Psalms,49,20,Psalms 49:20 bible,True,0,62000,False,0,0,False,0,0,0.0,0.0,0.0,0.0
Psalms,50,1,Psalms 50:1 bible,False,222000,222000,True,8,8,True,8,8,,,,
Psalms,50,2,Psalms 50:2 bible,False,174000,174000,True,10,9,True,10,9,,,,
Psalms,50,3,Psalms 50:3 bible,False,103000,103000,True,9,9,True,9,9,,,,
Psalms,50,4,Psalms 50:4 bible,False,387000,387000,False,0,0,False,0,0,0.0,0.0,0.0,0.0
Psalms,50,5,Psalms 50:5 bible,False,147000,147000,True,8,8,True,8,8,,,,
Psalms,50,6,Psalms 50:6 bible,False,224000,224000,False,0,0,False,0,0,0.0,0.0,0.0,0.0
Psalms,50,7,Psalms 50:7 bible,False,174000,174000,True,8,8,True,8,8,,,,
Psalms,50,8,Psalms 50:8 bible,False,131000,131000,False,0,0,False,0,0,0.0,0.0,0.0,0.0
Psalms,50,9,Psalms 50:9 bible,True,43,0,False,0,0,False,0,0,0.0,0.0,0.0,0.0
Psalms,50,10,Psalms 50:10 bible,False,217000,217000,False,0,0,False,0,0,0.0,0.0,0.0,0.0
Psalms,50,11,Psalms 50:11 bible,False,80300,80300,True,8,8,True,8,8,,,,
Psalms,50,12,Psalms 50:12 bible,False,104000,104000,True,8,8,True,8,8,,,,
Psalms,50,13,Psalms 50:13 bible,False,54900,54900,False,0,0,False,0,0,0.0,0.0,0.0,0.0
Psalms,50,14,Psalms 50:14 bible,False,171000,171000,False,0,0,False,0,0,0.0,0.0,0.0,0.0
Psalms,50,15,Psalms 50:15 bible,False,387000,387000,True,8,8,True,8,8,,,,
Psalms,50,16,Psalms 50:16 bible,False,72200,72200,False,0,0,False,0,0,0.0,0.0,0.0,0.0
Psalms,50,17,Psalms 50:17 bible,False,82700,82700,True,8,8,True,8,8,,,,
Psalms,50,18,Psalms 50:18 bible,False,72700,72700,True,9,9,True,9,9,,,,
Psalms,50,19,Psalms 50:19 bible,False,134000,134000,True,8,8,True,8,8,,,,
Psalms,50,20,Psalms 50:20 bible,False,414000,414000,True,9,8,True,9,8,,,,
Psalms,50,21,Psalms 50:21 bible,True,0,77900,False,0,0,False,0,0,0.0,0.0,0.0,0.0
Psalms,50,22,Psalms 50:22 bible,False,73500,73500,True,9,9,True,9,9,,,,
Psalms,50,23,Psalms 50:23 bible,False,213000,213000,True,8,8,True,8,8,,,,
Psalms,51,1,Psalms 51:1 bible,True,41,389000,False,0,0,False,0,0,0.0,0.0,0.0,0.0
Psalms,51,2,Psalms 51:2 bible,False,230000,230000,True,8,8,True,8,8,,,,
Psalms,51,3,Psalms 51:3 bible,False,263000,263000,False,0,0,False,0,0,0.0,0.0,0.0,0.0
Psalms,51,4,Psalms 51:4 bible,False,163000,163000,True,8,8,True,8,8,,,,
Psalms,51,5,Psalms 51:5 bible,False,283000,283000,True,8,7,True,8,7,,,,
Psalms,51,6,Psalms 51:6 bible,True,45,0,False,0,0,False,0,0,0.0,0.0,0.0,0.0
Psalms,51,7,Psalms 51:7 bible,False,224000,224000,False,0,0,False,0,0,0.0,0.0,0.0,0.0
Psalms,51,8,Psalms 51:8 bible,False,118000,118000,False,0,0,False,0,0,0.0,0.0,0.0,0.0
Psalms,51,9,Psalms 51:9 bible,False,169000,169000,True,8,8,True,8,8,,,,
Psalms,51,10,Psalms 51:10 bible,False,409000,409000,True,8,8,True,8,8,,,,
Psalms,51,11,Psalms 51:11 bible,False,266000,266000,True,8,8,True,8,8,,,,
Psalms,51,12,Psalms 51:12 bible,False,348000,348000,True,8,8,True,8,8,,,,
Psalms,51,13,Psalms 51:13 bible,True,39,75000,False,0,0,False,0,0,0.0,0.0,0.0,0.0
Psalms,51,14,Psalms 51:14 bible,False,83400,83400,True,9,8,True,9,8,,,,
Psalms,51,15,Psalms 51:15 bible,False,119000,119000,True,8,8,True,8,8,,,,
Psalms,51,16,Psalms 51:16 bible,False,169000,169000,True,8,8,True,8,8,,,,
Psalms,51,17,Psalms 51:17 bible,False,358000,358000,True,8,8,True,8,8,,,,
Psalms,51,18,Psalms 51:18 bible,False,64100,64100,True,8,8,True,8,8,,,,
Psalms,51,19,Psalms 51:19 bible,False,76700,76700,True,8,8,True,8,8,,,,
Psalms,52,1,Psalms 52:1 bible,False,316000,316000,True,8,8,True,8,8,,,,
Psalms,52,2,Psalms 52:2 bible,False,159000,159000,True,8,8,True,8,8,,,,
Psalms,52,3,Psalms 52:3 bible,False,98700,98700,True,8,8,True,8,8,,,,
Psalms,52,4,Psalms 52:4 bible,False,75700,75700,True,8,8,True,8,8,,,,
Psalms,52,5,Psalms 52:5 bible,False,87400,87400,True,8,8,True,8,8,,,,
Psalms,52,6,Psalms 52:6 bible,False,107000,107000,True,8,8,True,8,8,,,,
Psalms,52,7,Psalms 52:7 bible,False,309000,309000,True,8,8,True,8,8,,,,
Psalms,52,8,Psalms 52:8 bible,False,144000,144000,False,0,0,False,0,0,0.0,0.0,0.0,0.0
Psalms,52,9,Psalms 52:9 bible,False,77500,77500,False,0,0,False,0,0,0.0,0.0,0.0,0.0
Psalms,53,1,Psalms 53:1 bible,False,386000,386000,True,8,8,True,8,8,,,,
Psalms,53,2,Psalms 53:2 bible,True,37,301000,False,0,0,False,0,0,0.0,0.0,0.0,0.0
Psalms,53,3,Psalms 53:3 bible,False,382000,382000,True,8,8,True,8,8,,,,
Psalms,53,4,Psalms 53:4 bible,False,395000,395000,True,8,8,True,8,8,,,,
Psalms,53,5,Psalms 53:5 bible,False,785000,785000,True,8,8,True,8,8,,,,
Psalms,53,6,Psalms 53:6 bible,False,387000,387000,True,8,8,True,8,8,,,,
Psalms,54,1,Psalms 54:1 bible,True,137,256000,False,0,0,False,0,0,0.0,0.0,0.0,0.0
Psalms,54,2,Psalms 54:2 bible,False,288000,288000,True,8,8,True,8,8,,,,
Psalms,54,3,Psalms 54:3 bible,False,136000,136000,True,7,7,True,7,7,,,,
Psalms,54,4,Psalms 54:4 bible,False,309000,309000,True,7,7,True,7,7,,,,
Psalms,54,5,Psalms 54:5 bible,True,55,244000,False,0,0,False,0,0,0.0,0.0,0.0,0.0
Psalms,54,6,Psalms 54:6 bible,False,73700,73700,True,8,8,True,8,8,,,,
Psalms,54,7,Psalms 54:7 bible,False,150000,150000,True,7,7,True,7,7,,,,
Psalms,55,1,Psalms 55:1 bible,False,338000,338000,True,7,7,True,7,7,,,,
Psalms,55,2,Psalms 55:2 bible,False,136000,136000,True,8,8,True,8,8,,,,
Psalms,55,3,Psalms 55:3 bible,False,218000,218000,True,8,8,True,8,8,,,,
Psalms,55,4,Psalms 55:4 bible,False,104000,104000,True,8,8,True,8,8,,,,
Psalms,55,5,Psalms 55:5 bible,False,94700,94700,True,8,8,True,8,8,,,,
Psalms,55,6,Psalms 55:6 bible,True,45,387000,False,0,0,False,0,0,0.0,0.0,0.0,0.0
Psalms,55,7,Psalms 55:7 bible,True,45,0,False,0,0,False,0,0,0.0,0.0,0.0,0.0
Psalms,55,8,Psalms 55:8 bible,False,623000,623000,True,8,8,True,8,8,,,,
Psalms,55,9,Psalms 55:9 bible,False,378000,378000,True,8,8,True,8,8,,,,
Psalms,55,10,Psalms 55:10 bible,False,387000,387000,False,0,0,False,0,0,0.0,0.0,0.0,0.0
Psalms,55,11,Psalms 55:11 bible,False,415000,415000,False,0,0,False,0,0,0.0,0.0,0.0,0.0
Psalms,55,12,Psalms 55:12 bible,False,226000,226000,False,0,0,False,0,0,0.0,0.0,0.0,0.0
Psalms,55,13,Psalms 55:13 bible,False,53700,53700,True,8,8,True,8,8,,,,
Psalms,55,14,Psalms 55:14 bible,False,40200,40200,True,8,8,True,8,8,,,,
Psalms,55,15,Psalms 55:15 bible,False,56900,56900,True,7,7,True,7,7,,,,
Psalms,55,16,Psalms 55:16 bible,False,118000,118000,False,0,0,False,0,0,0.0,0.0,0.0,0.0
Psalms,55,17,Psalms 55:17 bible,False,155000,155000,True,7,7,True,7,7,,,,
Psalms,55,18,Psalms 55:18 bible,False,38900,38900,True,7,7,True,7,7,,,,
Psalms,55,19,Psalms 55:19 bible,False,52300,52300,False,0,0,False,0,0,0.0,0.0,0.0,0.0
Psalms,55,20,Psalms 55:20 bible,False,34400,34400,True,7,7,True,7,7,,,,
Psalms,55,21,Psalms 55:21 bible,False,45300,45300,True,9,9,True,9,9,,,,
Psalms,55,22,Psalms 55:22 bible,True,20,659000,False,0,0,False,0,0,0.0,0.0,0.0,0.0
Psalms,55,23,Psalms 55:23 bible,True,38,0,False,0,0,False,0,0,0.0,0.0,0.0,0.0
Psalms,56,1,Psalms 56:1 bible,False,175000,175000,True,8,8,True,8,8,,,,
Psalms,56,2,Psalms 56:2 bible,False,141000,141000,False,0,0,False,0,0,0.0,0.0,0.0,0.0
Psalms,56,3,Psalms 56:3 bible,False,388000,388000,False,0,0,False,0,0,0.0,0.0,0.0,0.0
Psalms,56,4,Psalms 56:4 bible,False,171000,171000,False,0,0,False,0,0,0.0,0.0,0.0,0.0
Psalms,56,5,Psalms 56:5 bible,False,95500,95500,False,0,0,False,0,0,0.0,0.0,0.0,0.0
Psalms,56,6,Psalms 56:6 bible,False,128000,128000,True,8,8,True,8,8,,,,
Psalms,56,7,Psalms 56:7 bible,False,190000,190000,True,8,8,True,8,8,,,,
Psalms,56,8,Psalms 56:8 bible,False,293000,293000,True,7,7,True,7,7,,,,
Psalms,56,9,Psalms 56:9 bible,False,157000,157000,True,8,8,True,8,8,,,,
Psalms,56,10,Psalms 56:10 bible,True,53,91100,False,0,0,False,0,0,0.0,0.0,0.0,0.0
Psalms,56,11,Psalms 56:11 bible,False,121000,121000,True,8,8,True,8,8,,,,
Psalms,56,12,Psalms 56:12 bible,False,62100,62100,True,8,8,True,8,8,,,,
Psalms,56,13,Psalms 56:13 bible,False,98200,98200,True,8,8,True,8,8,,,,
Psalms,57,1,Psalms 57:1 bible,False,315000,315000,True,7,7,True,7,7,,,,
Psalms,57,2,Psalms 57:2 bible,False,164000,164000,True,8,8,True,8,8,,,,
Psalms,57,3,Psalms 57:3 bible,False,92400,92400,False,0,0,False,0,0,0.0,0.0,0.0,0.0
Psalms,57,4,Psalms 57:4 bible,False,68700,68700,True,8,8,True,8,8,,,,
Psalms,57,5,Psalms 57:5 bible,False,83300,83300,True,8,8,True,8,8,,,,
Psalms,57,6,Psalms 57:6 bible,False,52500,52500,False,0,0,False,0,0,0.0,0.0,0.0,0.0
Psalms,57,7,Psalms 57:7 bible,False,120000,120000,True,8,8,True,8,8,,,,
Psalms,57,8,Psalms 57:8 bible,False,86900,86900,True,9,8,True,9,8,,,,
Psalms,57,9,Psalms 57:9 bible,True,34,0,False,0,0,False,0,0,0.0,0.0,0.0,0.0
Psalms,57,10,Psalms 57:10 bible,False,61500,61500,True,8,8,True,8,8,,,,
Psalms,57,11,Psalms 57:11 bible,False,58500,58500,True,8,8,True,8,8,,,,
Psalms,58,1,Psalms 58:1 bible,False,301000,301000,True,8,8,True,8,8,,,,
Psalms,58,2,Psalms 58:2 bible,False,117000,117000,True,8,8,True,8,8,,,,
Psalms,58,3,Psalms 58:3 bible,False,130000,130000,True,8,8,True,8,8,,,,
Psalms,58,4,Psalms 58:4 bible,False,71200,71200,True,8,8,True,8,8,,,,
Psalms,58,5,Psalms 58:5 bible,True,40,0,False,0,0,False,0,0,0.0,0.0,0.0,0.0
Psalms,58,6,Psalms 58:6 bible,False,265000,265000,True,8,8,True,8,8,,,,
Psalms,58,7,Psalms 58:7 bible,False,118000,118000,False,0,0,False,0,0,0.0,0.0,0.0,0.0
Psalms,58,8,Psalms 58:8 bible,True,141,253000,False,0,0,False,0,0,0.0,0.0,0.0,0.0
Psalms,58,9,Psalms 58:9 bible,False,140000,140000,False,0,0,False,0,0,0.0,0.0,0.0,0.0
Psalms,58,10,Psalms 58:10 bible,False,124000,124000,True,8,8,True,8,8,,,,
Psalms,58,11,Psalms 58:11 bible,False,386000,386000,True,8,8,True,8,8,,,,
Psalms,59,1,Psalms 59:1 bible,False,387000,387000,True,9,9,True,9,9,,,,
Psalms,59,2,Psalms 59:2 bible,False,387000,387000,False,0,0,False,0,0,0.0,0.0,0.0,0.0
Psalms,59,3,Psalms 59:3 bible,False,66000,66000,True,8,8,True,8,8,,,,
Psalms,59,4,Psalms 59:4 bible,False,64300,64300,True,8,8,True,8,8,,,,
Psalms,59,5,Psalms 59:5 bible,False,66200,66200,False,0,0,False,0,0,0.0,0.0,0.0,0.0
Psalms,59,6,Psalms 59:6 bible,False,34900,34900,True,8,8,True,8,8,,,,
Psalms,59,7,Psalms 59:7 bible,False,79000,79000,True,8,8,True,8,8,,,,
Psalms,59,8,Psalms 59:8 bible,True,38,0,False,0,0,False,0,0,0.0,0.0,0.0,0.0
Psalms,59,9,Psalms 59:9 bible,False,120000,120000,True,9,9,True,9,9,,,,
Psalms,59,10,Psalms 59:10 bible,False,64600,64600,True,8,8,True,8,8,,,,
Psalms,59,11,Psalms 59:11 bible,False,84500,84500,True,9,9,True,9,9,,,,
Psalms,59,12,Psalms 59:12 bible,False,54100,54100,True,8,8,True,8,8,,,,
Psalms,59,13,Psalms 59:13 bible,False,46600,46600,True,7,7,True,7,7,,,,
Psalms,59,14,Psalms 59:14 bible,False,51200,51200,True,8,8,True,8,8,,,,
Psalms,59,15,Psalms 59:15 bible,False,42800,42800,True,8,8,True,8,8,,,,
Psalms,59,16,Psalms 59:16 bible,False,271000,271000,True,8,8,True,8,8,,,,
Psalms,59,17,Psalms 59:17 bible,True,42,144000,False,0,0,False,0,0,0.0,0.0,0.0,0.0
Psalms,60,1,Psalms 60:1 bible,False,668000,668000,True,8,8,True,8,8,,,,
Psalms,60,2,Psalms 60:2 bible,True,133,197000,False,0,0,False,0,0,0.0,0.0,0.0,0.0
Psalms,60,3,Psalms 60:3 bible,False,133000,133000,True,8,8,True,8,8,,,,
Psalms,60,4,Psalms 60:4 bible,False,81900,81900,False,0,0,False,0,0,0.0,0.0,0.0,0.0
Psalms,60,5,Psalms 60:5 bible,False,136000,136000,False,0,0,False,0,0,0.0,0.0,0.0,0.0
Psalms,60,6,Psalms 60:6 bible,False,69800,69800,True,8,8,True,8,8,,,,
Psalms,60,7,Psalms 60:7 bible,False,58200,58200,True,8,8,True,8,8,,,,
Psalms,60,8,Psalms 60:8 bible,False,70300,70300,True,9,9,True,9,9,,,,
Psalms,60,9,Psalms 60:9 bible,False,55200,55200,True,9,9,True,9,9,,,,
Psalms,60,10,Psalms 60:10 bible,False,118000,118000,False,0,0,False,0,0,0.0,0.0,0.0,0.0
Psalms,60,11,Psalms 60:11 bible,True,140,204000,False,0,0,False,0,0,0.0,0.0,0.0,0.0
Psalms,60,12,Psalms 60:12 bible,False,104000,104000,True,8,8,True,8,8,,,,
Psalms,61,1,Psalms 61:1 bible,False,412000,412000,True,8,8,True,8,8,,,,
Psalms,61,2,Psalms 61:2 bible,False,265000,265000,True,7,7,True,7,7,,,,
Psalms,61,3,Psalms 61:3 bible,False,387000,387000,False,0,0,False,0,0,0.0,0.0,0.0,0.0
Psalms,61,4,Psalms 61:4 bible,False,117000,117000,True,8,8,True,8,8,,,,
Psalms,61,5,Psalms 61:5 bible,False,67500,67500,True,8,8,True,8,8,,,,
Psalms,61,6,Psalms 61:6 bible,False,164000,164000,True,8,8,True,8,8,,,,
Psalms,61,7,Psalms 61:7 bible,False,348000,348000,True,8,8,True,8,8,,,,
Psalms,61,8,Psalms 61:8 bible,False,86000,86000,True,8,8,True,8,8,,,,
Psalms,62,1,Psalms 62:1 bible,False,386000,386000,False,0,0,False,0,0,0.0,0.0,0.0,0.0
Psalms,62,2,Psalms 62:2 bible,False,202000,202000,False,0,0,False,0,0,0.0,0.0,0.0,0.0
Psalms,62,3,Psalms 62:3 bible,False,134000,134000,True,8,8,True,8,8,,,,
Psalms,62,4,Psalms 62:4 bible,False,92000,92000,True,8,8,True,8,8,,,,
Psalms,62,5,Psalms 62:5 bible,False,232000,232000,True,7,7,True,7,7,,,,
Psalms,62,6,Psalms 62:6 bible,False,219000,219000,True,7,7,True,7,7,,,,
Psalms,62,7,Psalms 62:7 bible,False,156000,156000,False,0,0,False,0,0,0.0,0.0,0.0,0.0
Psalms,62,8,Psalms 62:8 bible,False,350000,350000,True,7,7,True,7,7,,,,
Psalms,62,9,Psalms 62:9 bible,False,61500,61500,False,0,0,False,0,0,0.0,0.0,0.0,0.0
Psalms,62,10,Psalms 62:10 bible,False,105000,105000,True,8,8,True,8,8,,,,
Psalms,62,11,Psalms 62:11 bible,False,184000,184000,True,8,8,True,8,8,,,,
Psalms,62,12,Psalms 62:12 bible,False,85400,85400,False,0,0,False,0,0,0.0,0.0,0.0,0.0
Psalms,63,1,Psalms 63:1 bible,False,388000,388000,False,0,0,False,0,0,0.0,0.0,0.0,0.0
Psalms,63,2,Psalms 63:2 bible,True,35,0,False,0,0,False,0,0,0.0,0.0,0.0,0.0
Psalms,63,3,Psalms 63:3 bible,False,230000,230000,True,8,8,True,8,8,,,,
Psalms,63,4,Psalms 63:4 bible,False,145000,145000,True,8,8,True,8,8,,,,
Psalms,63,5,Psalms 63:5 bible,False,104000,104000,True,8,8,True,8,8,,,,
Psalms,63,6,Psalms 63:6 bible,False,134000,134000,True,9,8,True,9,8,,,,
Psalms,63,7,Psalms 63:7 bible,True,45,170000,False,0,0,False,0,0,0.0,0.0,0.0,0.0
Psalms,63,8,Psalms 63:8 bible,False,106000,106000,False,0,0,False,0,0,0.0,0.0,0.0,0.0
Psalms,63,9,Psalms 63:9 bible,False,189000,189000,True,8,8,True,8,8,,,,
Psalms,63,10,Psalms 63:10 bible,False,118000,118000,False,0,0,False,0,0,0.0,0.0,0.0,0.0
Psalms,63,11,Psalms 63:11 bible,False,77000,77000,True,8,8,True,8,8,,,,
Psalms,64,1,Psalms 64:1 bible,False,157000,157000,True,8,8,True,8,8,,,,
Psalms,64,2,Psalms 64:2 bible,True,36,0,False,0,0,False,0,0,0.0,0.0,0.0,0.0
Psalms,64,3,Psalms 64:3 bible,False,80500,80500,True,9,8,True,9,8,,,,
Psalms,64,4,Psalms 64:4 bible,False,204000,204000,False,0,0,False,0,0,0.0,0.0,0.0,0.0
Psalms,64,5,Psalms 64:5 bible,False,68300,68300,True,8,8,True,8,8,,,,
Psalms,64,6,Psalms 64:6 bible,False,387000,387000,False,0,0,False,0,0,0.0,0.0,0.0,0.0
Psalms,64,7,Psalms 64:7 bible,False,86500,86500,True,8,8,True,8,8,,,,
Psalms,64,8,Psalms 64:8 bible,True,141,315000,False,0,0,False,0,0,0.0,0.0,0.0,0.0
Psalms,64,9,Psalms 64:9 bible,False,41600,41600,False,0,0,False,0,0,0.0,0.0,0.0,0.0
Psalms,64,10,Psalms 64:10 bible,False,57400,57400,True,8,8,True,8,8,,,,
Psalms,65,1,Psalms 65:1 bible,True,143,157000,False,0,0,False,0,0,0.0,0.0,0.0,0.0
Psalms,65,2,Psalms 65:2 bible,False,173000,173000,False,0,0,False,0,0,0.0,0.0,0.0,0.0
Psalms,65,3,Psalms 65:3 bible,False,52200,52200,True,8,8,True,8,8,,,,
Psalms,65,4,Psalms 65:4 bible,False,166000,166000,False,0,0,False,0,0,0.0,0.0,0.0,0.0
Psalms,65,5,Psalms 65:5 bible,False,87900,87900,False,0,0,False,0,0,0.0,0.0,0.0,0.0
Psalms,65,6,Psalms 65:6 bible,False,70500,70500,False,0,0,False,0,0,0.0,0.0,0.0,0.0
Psalms,65,7,Psalms 65:7 bible,False,67300,67300,True,8,7,True,8,7,,,,
Psalms,65,8,Psalms 65:8 bible,False,95900,95900,True,8,8,True,8,8,,,,
Psalms,65,9,Psalms 65:9 bible,False,103000,103000,True,8,8,True,8,8,,,,
Psalms,65,10,Psalms 65:10 bible,False,40500,40500,True,8,8,True,8,8,,,,
Psalms,65,11,Psalms 65:11 bible,True,45,224000,False,0,0,False,0,0,0.0,0.0,0.0,0.0
Psalms,65,12,Psalms 65:12 bible,False,38500,38500,True,8,8,True,8,8,,,,
Psalms,65,13,Psalms 65:13 bible,True,37,58200,False,0,0,False,0,0,0.0,0.0,0.0,0.0
Psalms,66,1,Psalms 66:1 bible,False,335000,335000,True,7,7,True,7,7,,,,
Psalms,66,2,Psalms 66:2 bible,False,313000,313000,False,0,0,False,0,0,0.0,0.0,0.0,0.0
Psalms,66,3,Psalms 66:3 bible,False,97400,97400,True,8,8,True,8,8,,,,
Psalms,66,4,Psalms 66:4 bible,False,106000,106000,False,0,0,False,0,0,0.0,0.0,0.0,0.0
Psalms,66,5,Psalms 66:5 bible,False,90700,90700,True,8,8,True,8,8,,,,
Psalms,66,6,Psalms 66:6 bible,False,58000,58000,True,8,8,True,8,8,,,,
Psalms,66,7,Psalms 66:7 bible,False,150000,150000,True,8,8,True,8,8,,,,
Psalms,66,8,Psalms 66:8 bible,True,141,210000,False,0,0,False,0,0,0.0,0.0,0.0,0.0
Psalms,66,9,Psalms 66:9 bible,False,92700,92700,True,8,8,True,8,8,,,,
Psalms,66,10,Psalms 66:10 bible,False,102000,102000,True,8,8,True,8,8,,,,
Psalms,66,11,Psalms 66:11 bible,False,34500,34500,True,9,9,True,9,9,,,,
Psalms,66,12,Psalms 66:12 bible,True,52,167000,False,0,0,False,0,0,0.0,0.0,0.0,0.0
Psalms,66,13,Psalms 66:13 bible,False,199000,199000,True,8,8,True,8,8,,,,
Psalms,66,14,Psalms 66:14 bible,True,40,37400,False,0,0,False,0,0,0.0,0.0,0.0,0.0
Psalms,66,15,Psalms 66:15 bible,False,130000,130000,False,0,0,False,0,0,0.0,0.0,0.0,0.0
Psalms,66,16,Psalms 66:16 bible,False,111000,111000,True,8,8,True,8,8,,,,
Psalms,66,17,Psalms 66:17 bible,False,75200,75200,True,8,8,True,8,8,,,,
Psalms,66,18,Psalms 66:18 bible,False,289000,289000,True,8,8,True,8,8,,,,
Psalms,66,19,Psalms 66:19 bible,True,135,83700,False,0,0,False,0,0,0.0,0.0,0.0,0.0
Psalms,66,20,Psalms 66:20 bible,False,80100,80100,True,8,8,True,8,8,,,,
Psalms,67,1,Psalms 67:1 bible,False,212000,212000,True,8,8,True,8,8,,,,
Psalms,67,2,Psalms 67:2 bible,False,92200,92200,True,7,7,True,7,7,,,,
Psalms,67,3,Psalms 67:3 bible,True,44,71800,False,0,0,False,0,0,0.0,0.0,0.0,0.0
Psalms,67,4,Psalms 67:4 bible,False,69000,69000,True,8,8,True,8,8,,,,
Psalms,67,5,Psalms 67:5 bible,False,141000,141000,True,9,9,True,9,9,,,,
Psalms,67,6,Psalms 67:6 bible,False,69000,69000,True,8,8,True,8,8,,,,
Psalms,67,7,Psalms 67:7 bible,False,49500,49500,True,8,8,True,8,8,,,,
Psalms,68,1,Psalms 68:1 bible,False,381000,381000,True,7,7,True,7,7,,,,
Psalms,68,2,Psalms 68:2 bible,False,76400,76400,True,9,9,True,9,9,,,,
Psalms,68,3,Psalms 68:3 bible,False,72600,72600,True,9,9,True,9,9,,,,
Psalms,68,4,Psalms 68:4 bible,False,148000,148000,True,8,8,True,8,8,,,,
Psalms,68,5,Psalms 68:5 bible,False,147000,147000,False,0,0,False,0,0,0.0,0.0,0.0,0.0
Psalms,68,6,Psalms 68:6 bible,False,127000,127000,True,8,8,True,8,8,,,,
Psalms,68,7,Psalms 68:7 bible,False,34500,34500,True,8,8,True,8,8,,,,
Psalms,68,8,Psalms 68:8 bible,False,69800,69800,True,9,9,True,9,9,,,,
Psalms,68,9,Psalms 68:9 bible,False,41900,41900,True,9,9,True,9,9,,,,
Psalms,68,10,Psalms 68:10 bible,False,49700,49700,True,8,8,True,8,8,,,,
Psalms,68,11,Psalms 68:11 bible,False,84200,84200,True,8,8,True,8,8,,,,
Psalms,68,12,Psalms 68:12 bible,False,19600,19600,True,8,8,True,8,8,,,,
Psalms,68,13,Psalms 68:13 bible,False,18600,18600,False,0,0,False,0,0,0.0,0.0,0.0,0.0
Psalms,68,14,Psalms 68:14 bible,False,16700,16700,True,9,9,True,9,9,,,,
Psalms,68,15,Psalms 68:15 bible,False,27200,27200,True,9,9,True,9,9,,,,
Psalms,68,16,Psalms 68:16 bible,False,34700,34700,False,0,0,False,0,0,0.0,0.0,0.0,0.0
Psalms,68,17,Psalms 68:17 bible,False,47600,47600,True,9,9,True,9,9,,,,
Psalms,68,18,Psalms 68:18 bible,False,110000,110000,True,8,8,True,8,8,,,,
Psalms,68,19,Psalms 68:19 bible,False,383000,383000,True,8,8,True,8,8,,,,
Psalms,68,20,Psalms 68:20 bible,False,61900,61900,True,9,9,True,9,9,,,,
Psalms,68,21,Psalms 68:21 bible,False,23800,23800,True,9,9,True,9,9,,,,
Psalms,68,22,Psalms 68:22 bible,False,19400,19400,False,0,0,False,0,0,0.0,0.0,0.0,0.0
Psalms,68,23,Psalms 68:23 bible,True,135,0,False,0,0,False,0,0,0.0,0.0,0.0,0.0
Psalms,68,24,Psalms 68:24 bible,False,30400,30400,True,9,8,True,9,8,,,,
Psalms,68,25,Psalms 68:25 bible,True,39,28100,False,0,0,False,0,0,0.0,0.0,0.0,0.0
Psalms,68,26,Psalms 68:26 bible,False,24000,24000,True,8,8,True,8,8,,,,
Psalms,68,27,Psalms 68:27 bible,False,22200,22200,True,9,9,True,9,9,,,,
Psalms,68,28,Psalms 68:28 bible,False,25600,25600,True,9,9,True,9,9,,,,
Psalms,68,29,Psalms 68:29 bible,False,27900,27900,True,9,9,True,9,9,,,,
Psalms,68,30,Psalms 68:30 bible,False,25500,25500,True,9,9,True,9,9,,,,
Psalms,68,31,Psalms 68:31 bible,False,27800,27800,False,0,0,False,0,0,0.0,0.0,0.0,0.0
Psalms,68,32,Psalms 68:32 bible,False,35100,35100,True,8,8,True,8,8,,,,
Psalms,68,33,Psalms 68:33 bible,True,192,47200,False,0,0,False,0,0,0.0,0.0,0.0,0.0
Psalms,68,34,Psalms 68:34 bible,False,24000,24000,False,0,0,False,0,0,0.0,0.0,0.0,0.0
Psalms,68,35,Psalms 68:35 bible,False,67900,67900,True,8,8,True,8,8,,,,
Psalms,69,1,Psalms 69:1 bible,False,101000,101000,False,0,0,False,0,0,0.0,0.0,0.0,0.0
Psalms,69,2,Psalms 69:2 bible,False,73700,73700,False,0,0,False,0,0,0.0,0.0,0.0,0.0
Psalms,69,3,Psalms 69:3 bible,True,65,61100,False,0,0,False,0,0,0.0,0.0,0.0,0.0
Psalms,69,4,Psalms 69:4 bible,False,60500,60500,True,9,9,True,9,9,,,,
Psalms,69,5,Psalms 69:5 bible,True,42,0,False,0,0,False,0,0,0.0,0.0,0.0,0.0
Psalms,69,6,Psalms 69:6 bible,True,43,44400,False,0,0,False,0,0,0.0,0.0,0.0,0.0
Psalms,69,7,Psalms 69:7 bible,False,49300,49300,True,8,8,True,8,8,,,,
Psalms,69,8,Psalms 69:8 bible,False,72500,72500,True,8,8,True,8,8,,,,
Psalms,69,9,Psalms 69:9 bible,False,90700,90700,True,8,8,True,8,8,,,,
Psalms,69,10,Psalms 69:10 bible,False,37200,37200,True,10,10,True,10,10,,,,
Psalms,69,11,Psalms 69:11 bible,False,21300,21300,True,9,9,True,9,9,,,,
Psalms,69,12,Psalms 69:12 bible,False,22800,22800,False,0,0,False,0,0,0.0,0.0,0.0,0.0
Psalms,69,13,Psalms 69:13 bible,False,67700,67700,True,8,8,True,8,8,,,,
Psalms,69,14,Psalms 69:14 bible,False,62300,62300,True,9,9,True,9,9,,,,
Psalms,69,15,Psalms 69:15 bible,False,24700,24700,True,8,8,True,8,8,,,,
Psalms,69,16,Psalms 69:16 bible,False,76600,76600,True,9,9,True,9,9,,,,
Psalms,69,17,Psalms 69:17 bible,False,33200,33200,True,8,8,True,8,8,,,,
Psalms,69,18,Psalms 69:18 bible,False,21200,21200,True,8,8,True,8,8,,,,
Psalms,69,19,Psalms 69:19 bible,False,42000,42000,True,9,9,True,9,9,,,,
Psalms,69,20,Psalms 69:20 bible,False,55500,55500,True,8,8,True,8,8,,,,
Psalms,69,21,Psalms 69:21 bible,False,54900,54900,True,8,8,True,8,8,,,,
Psalms,69,22,Psalms 69:22 bible,False,34800,34800,True,8,8,True,8,8,,,,
Psalms,69,23,Psalms 69:23 bible,False,24100,24100,True,9,9,True,9,9,,,,
Psalms,69,24,Psalms 69:24 bible,False,18500,18500,True,9,9,True,9,9,,,,
Psalms,69,25,Psalms 69:25 bible,False,42600,42600,True,9,9,True,9,9,,,,
Psalms,69,26,Psalms 69:26 bible,False,23100,23100,True,9,9,True,9,9,,,,
Psalms,69,27,Psalms 69:27 bible,False,30800,30800,True,9,9,True,9,9,,,,
Psalms,69,28,Psalms 69:28 bible,False,42600,42600,True,9,9,True,9,9,,,,
Psalms,69,29,Psalms 69:29 bible,False,46000,46000,True,8,8,True,8,8,,,,
Psalms,69,30,Psalms 69:30 bible,False,173000,173000,True,8,8,True,8,8,,,,
Psalms,69,31,Psalms 69:31 bible,False,16800,16800,False,0,0,False,0,0,0.0,0.0,0.0,0.0
Psalms,69,32,Psalms 69:32 bible,False,38200,38200,True,8,8,True,8,8,,,,
Psalms,69,33,Psalms 69:33 bible,False,36800,36800,True,8,8,True,8,8,,,,
Psalms,69,34,Psalms 69:34 bible,True,40,0,False,0,0,False,0,0,0.0,0.0,0.0,0.0
Psalms,69,35,Psalms 69:35 bible,False,25300,25300,False,0,0,False,0,0,0.0,0.0,0.0,0.0
Psalms,69,36,Psalms 69:36 bible,False,26800,26800,True,8,8,True,8,8,,,,
Psalms,70,1,Psalms 70:1 bible,False,129000,129000,True,8,8,True,8,8,,,,
Psalms,70,2,Psalms 70:2 bible,False,52400,52400,True,8,8,True,8,8,,,,
Psalms,70,3,Psalms 70:3 bible,False,42800,42800,False,0,0,False,0,0,0.0,0.0,0.0,0.0
Psalms,70,4,Psalms 70:4 bible,False,74800,74800,True,9,9,True,9,9,,,,
Psalms,70,5,Psalms 70:5 bible,False,48600,48600,True,8,8,True,8,8,,,,
Psalms,71,1,Psalms 71:1 bible,False,140000,140000,True,8,8,True,8,8,,,,
Psalms,71,2,Psalms 71:2 bible,False,111000,111000,True,8,8,True,8,8,,,,
Psalms,71,3,Psalms 71:3 bible,False,73800,73800,True,8,8,True,8,8,,,,
Psalms,71,4,Psalms 71:4 bible,False,83400,83400,True,8,8,True,8,8,,,,
Psalms,71,5,Psalms 71:5 bible,False,96500,96500,True,8,8,True,8,8,,,,
Psalms,71,6,Psalms 71:6 bible,False,78000,78000,True,8,7,True,8,7,,,,
Psalms,71,7,Psalms 71:7 bible,False,98600,98600,True,7,7,True,7,7,,,,
Psalms,71,8,Psalms 71:8 bible,False,77100,77100,True,8,7,True,8,7,,,,
Psalms,71,9,Psalms 71:9 bible,False,35300,35300,True,8,8,True,8,8,,,,
Psalms,71,10,Psalms 71:10 bible,False,35900,35900,True,8,8,True,8,8,,,,
Psalms,71,11,Psalms 71:11 bible,False,23400,23400,False,0,0,False,0,0,0.0,0.0,0.0,0.0
Psalms,71,12,Psalms 71:12 bible,True,39,0,False,0,0,False,0,0,0.0,0.0,0.0,0.0
Psalms,71,13,Psalms 71:13 bible,False,37100,37100,False,0,0,False,0,0,0.0,0.0,0.0,0.0
Psalms,71,14,Psalms 71:14 bible,False,92700,92700,False,0,0,False,0,0,0.0,0.0,0.0,0.0
Psalms,71,15,Psalms 71:15 bible,True,144,56900,False,0,0,False,0,0,0.0,0.0,0.0,0.0
Psalms,71,16,Psalms 71:16 bible,False,50100,50100,False,0,0,False,0,0,0.0,0.0,0.0,0.0
Psalms,71,17,Psalms 71:17 bible,False,46000,46000,True,8,8,True,8,8,,,,
Psalms,71,18,Psalms 71:18 bible,True,40,52300,False,0,0,False,0,0,0.0,0.0,0.0,0.0
Psalms,71,19,Psalms 71:19 bible,True,43,57100,False,0,0,False,0,0,0.0,0.0,0.0,0.0
Psalms,71,20,Psalms 71:20 bible,False,113000,113000,True,8,8,True,8,8,,,,
Psalms,71,21,Psalms 71:21 bible,False,124000,124000,True,8,8,True,8,8,,,,
Psalms,71,22,Psalms 71:22 bible,False,51700,51700,False,0,0,False,0,0,0.0,0.0,0.0,0.0
Psalms,71,23,Psalms 71:23 bible,False,53000,53000,True,8,8,True,8,8,,,,
Psalms,71,24,Psalms 71:24 bible,False,20000,20000,False,0,0,False,0,0,0.0,0.0,0.0,0.0
Psalms,72,1,Psalms 72:1 bible,False,148000,148000,False,0,0,False,0,0,0.0,0.0,0.0,0.0
Psalms,72,2,Psalms 72:2 bible,False,52700,52700,True,8,8,True,8,8,,,,
Psalms,72,3,Psalms 72:3 bible,False,42800,42800,False,0,0,False,0,0,0.0,0.0,0.0,0.0
Psalms,72,4,Psalms 72:4 bible,False,82600,82600,False,0,0,False,0,0,0.0,0.0,0.0,0.0
Psalms,72,5,Psalms 72:5 bible,False,36900,36900,True,8,8,True,8,8,,,,
Psalms,72,6,Psalms 72:6 bible,False,49300,49300,True,8,8,True,8,8,,,,
Psalms,72,7,Psalms 72:7 bible,False,61300,61300,True,8,8,True,8,8,,,,
Psalms,72,8,Psalms 72:8 bible,False,69500,69500,True,8,8,True,8,8,,,,
Psalms,72,9,Psalms 72:9 bible,False,25300,25300,False,0,0,False,0,0,0.0,0.0,0.0,0.0
Psalms,72,10,Psalms 72:10 bible,False,48700,48700,True,9,9,True,9,9,,,,
Psalms,72,11,Psalms 72:11 bible,False,50300,50300,False,0,0,False,0,0,0.0,0.0,0.0,0.0
Psalms,72,12,Psalms 72:12 bible,False,65400,65400,True,8,8,True,8,8,,,,
Psalms,72,13,Psalms 72:13 bible,False,24400,24400,False,0,0,False,0,0,0.0,0.0,0.0,0.0
Psalms,72,14,Psalms 72:14 bible,False,41500,41500,True,9,9,True,9,9,,,,
Psalms,72,15,Psalms 72:15 bible,False,25800,25800,True,8,8,True,8,8,,,,
Psalms,72,16,Psalms 72:16 bible,True,41,29800,False,0,0,False,0,0,0.0,0.0,0.0,0.0
Psalms,72,17,Psalms 72:17 bible,False,56900,56900,True,9,9,True,9,9,,,,
Psalms,72,18,Psalms 72:18 bible,True,47,76300,False,0,0,False,0,0,0.0,0.0,0.0,0.0
Psalms,72,19,Psalms 72:19 bible,False,69100,69100,True,8,8,True,8,8,,,,
Psalms,72,20,Psalms 72:20 bible,True,40,22500,False,0,0,False,0,0,0.0,0.0,0.0,0.0
Psalms,73,1,Psalms 73:1 bible,True,142,0,False,0,0,False,0,0,0.0,0.0,0.0,0.0
Psalms,73,2,Psalms 73:2 bible,False,82100,82100,True,7,7,True,7,7,,,,
Psalms,73,3,Psalms 73:3 bible,False,74000,74000,True,9,9,True,9,9,,,,
Psalms,73,4,Psalms 73:4 bible,False,46500,46500,True,8,8,True,8,8,,,,
Psalms,73,5,Psalms 73:5 bible,False,26300,26300,True,8,8,True,8,8,,,,
Psalms,73,6,Psalms 73:6 bible,False,37300,37300,True,7,7,True,7,7,,,,
Psalms,73,7,Psalms 73:7 bible,False,27800,27800,True,8,8,True,8,8,,,,
Psalms,73,8,Psalms 73:8 bible,False,28400,28400,True,8,8,True,8,8,,,,
Psalms,73,9,Psalms 73:9 bible,True,138,0,False,0,0,False,0,0,0.0,0.0,0.0,0.0
Psalms,73,10,Psalms 73:10 bible,False,19000,19000,True,9,9,True,9,9,,,,
Psalms,73,11,Psalms 73:11 bible,False,43800,43800,True,9,9,True,9,9,,,,
Psalms,73,12,Psalms 73:12 bible,False,24500,24500,True,9,9,True,9,9,,,,
Psalms,73,13,Psalms 73:13 bible,True,39,0,False,0,0,False,0,0,0.0,0.0,0.0,0.0
Psalms,73,14,Psalms 73:14 bible,False,14600,14600,True,7,7,True,7,7,,,,
Psalms,73,15,Psalms 73:15 bible,False,23300,23300,False,0,0,False,0,0,0.0,0.0,0.0,0.0
Psalms,73,16,Psalms 73:16 bible,False,36600,36600,False,0,0,False,0,0,0.0,0.0,0.0,0.0
Psalms,73,17,Psalms 73:17 bible,False,37800,37800,True,8,8,True,8,8,,,,
Psalms,73,18,Psalms 73:18 bible,False,23900,23900,False,0,0,False,0,0,0.0,0.0,0.0,0.0
Psalms,73,19,Psalms 73:19 bible,False,19700,19700,False,0,0,False,0,0,0.0,0.0,0.0,0.0
Psalms,73,20,Psalms 73:20 bible,False,30900,30900,True,9,9,True,9,9,,,,
Psalms,73,21,Psalms 73:21 bible,False,31700,31700,True,8,8,True,8,8,,,,
Psalms,73,22,Psalms 73:22 bible,False,32700,32700,True,8,8,True,8,8,,,,
Psalms,73,23,Psalms 73:23 bible,False,120000,120000,True,8,8,True,8,8,,,,
Psalms,73,24,Psalms 73:24 bible,False,102000,102000,True,9,9,True,9,9,,,,
Psalms,73,25,Psalms 73:25 bible,False,162000,162000,True,7,7,True,7,7,,,,
Psalms,73,26,Psalms 73:26 bible,False,383000,383000,True,8,8,True,8,8,,,,
Psalms,73,27,Psalms 73:27 bible,False,24300,24300,True,9,9,True,9,9,,,,
Psalms,73,28,Psalms 73:28 bible,False,128000,128000,True,8,8,True,8,8,,,,
Psalms,74,1,Psalms 74:1 bible,False,85700,85700,True,8,8,True,8,8,,,,
Psalms,74,2,Psalms 74:2 bible,False,31300,31300,True,8,8,True,8,8,,,,
Psalms,74,3,Psalms 74:3 bible,False,23600,23600,True,9,9,True,9,9,,,,
Psalms,74,4,Psalms 74:4 bible,False,21100,21100,True,8,8,True,8,8,,,,
Psalms,74,5,Psalms 74:5 bible,False,27600,27600,True,8,8,True,8,8,,,,
Psalms,74,6,Psalms 74:6 bible,False,17100,17100,True,8,8,True,8,8,,,,
Psalms,74,7,Psalms 74:7 bible,False,29400,29400,False,0,0,False,0,0,0.0,0.0,0.0,0.0
Psalms,74,8,Psalms 74:8 bible,False,22100,22100,True,9,8,True,9,8,,,,
Psalms,74,9,Psalms 74:9 bible,False,31300,31300,True,9,9,True,9,9,,,,
Psalms,74,10,Psalms 74:10 bible,False,49300,49300,True,8,8,True,8,8,,,,
Psalms,74,11,Psalms 74:11 bible,False,15900,15900,True,8,8,True,8,8,,,,
Psalms,74,12,Psalms 74:12 bible,False,51000,51000,True,8,8,True,8,8,,,,
Psalms,74,13,Psalms 74:13 bible,False,38900,38900,True,9,9,True,9,9,,,,
Psalms,74,14,Psalms 74:14 bible,False,26200,26200,True,8,8,True,8,8,,,,
Psalms,74,15,Psalms 74:15 bible,False,14200,14200,True,9,9,True,9,9,,,,
Psalms,74,16,Psalms 74:16 bible,False,42900,42900,True,8,8,True,8,8,,,,
Psalms,74,17,Psalms 74:17 bible,True,40,23100,False,0,0,False,0,0,0.0,0.0,0.0,0.0
Psalms,74,18,Psalms 74:18 bible,True,140,0,False,0,0,False,0,0,0.0,0.0,0.0,0.0
Psalms,74,19,Psalms 74:19 bible,False,22800,22800,True,8,8,True,8,8,,,,
Psalms,74,20,Psalms 74:20 bible,False,45100,45100,True,8,8,True,8,8,,,,
Psalms,74,21,Psalms 74:21 bible,False,33200,33200,True,9,9,True,9,9,,,,
Psalms,74,22,Psalms 74:22 bible,False,20100,20100,True,8,8,True,8,8,,,,
Psalms,74,23,Psalms 74:23 bible,False,12500,12500,False,0,0,False,0,0,0.0,0.0,0.0,0.0
Psalms,75,1,Psalms 75:1 bible,False,108000,108000,True,8,8,True,8,8,,,,
Psalms,75,2,Psalms 75:2 bible,False,41700,41700,True,8,8,True,8,8,,,,
Psalms,75,3,Psalms 75:3 bible,True,44,0,False,0,0,False,0,0,0.0,0.0,0.0,0.0
Psalms,75,4,Psalms 75:4 bible,False,66100,66100,True,8,8,True,8,8,,,,
Psalms,75,5,Psalms 75:5 bible,False,47100,47100,True,8,8,True,8,8,,,,
Psalms,75,6,Psalms 75:6 bible,False,221000,221000,True,7,7,True,7,7,,,,
Psalms,75,7,Psalms 75:7 bible,False,73600,73600,True,8,8,True,8,8,,,,
Psalms,75,8,Psalms 75:8 bible,False,43800,43800,False,0,0,False,0,0,0.0,0.0,0.0,0.0
Psalms,75,9,Psalms 75:9 bible,False,35000,35000,True,8,8,True,8,8,,,,
Psalms,75,10,Psalms 75:10 bible,False,38300,38300,True,9,9,True,9,9,,,,
Psalms,76,1,Psalms 76:1 bible,False,66500,66500,True,8,8,True,8,8,,,,
Psalms,76,2,Psalms 76:2 bible,False,54500,54500,True,8,8,True,8,8,,,,
Psalms,76,3,Psalms 76:3 bible,False,36700,36700,True,8,8,True,8,8,,,,
Psalms,76,4,Psalms 76:4 bible,False,37500,37500,True,8,8,True,8,8,,,,
Psalms,76,5,Psalms 76:5 bible,False,41500,41500,True,8,8,True,8,8,,,,
Psalms,76,6,Psalms 76:6 bible,True,38,0,False,0,0,False,0,0,0.0,0.0,0.0,0.0
Psalms,76,7,Psalms 76:7 bible,False,53600,53600,True,8,8,True,8,8,,,,
Psalms,76,8,Psalms 76:8 bible,False,29700,29700,False,0,0,False,0,0,0.0,0.0,0.0,0.0
Psalms,76,9,Psalms 76:9 bible,False,28700,28700,True,8,8,True,8,8,,,,
Psalms,76,10,Psalms 76:10 bible,False,36000,36000,True,8,8,True,8,8,,,,
Psalms,76,11,Psalms 76:11 bible,True,40,0,False,0,0,False,0,0,0.0,0.0,0.0,0.0
Psalms,76,12,Psalms 76:12 bible,False,28500,28500,True,8,8,True,8,8,,,,
Psalms,77,1,Psalms 77:1 bible,False,77300,77300,True,8,8,True,8,8,,,,
Psalms,77,2,Psalms 77:2 bible,False,47100,47100,True,9,9,True,9,9,,,,
Psalms,77,3,Psalms 77:3 bible,False,35600,35600,True,8,8,True,8,8,,,,
Psalms,77,4,Psalms 77:4 bible,True,49,25300,False,0,0,False,0,0,0.0,0.0,0.0,0.0
Psalms,77,5,Psalms 77:5 bible,False,22100,22100,True,8,8,True,8,8,,,,
Psalms,77,6,Psalms 77:6 bible,True,44,0,False,0,0,False,0,0,0.0,0.0,0.0,0.0
Psalms,77,7,Psalms 77:7 bible,False,41800,41800,True,9,9,True,9,9,,,,
Psalms,77,8,Psalms 77:8 bible,False,44000,44000,True,8,8,True,8,8,,,,
Psalms,77,9,Psalms 77:9 bible,False,27600,27600,False,0,0,False,0,0,0.0,0.0,0.0,0.0
Psalms,77,10,Psalms 77:10 bible,False,35800,35800,True,8,8,True,8,8,,,,
Psalms,77,11,Psalms 77:11 bible,False,122000,122000,True,8,8,True,8,8,,,,
Psalms,77,12,Psalms 77:12 bible,True,140,0,False,0,0,False,0,0,0.0,0.0,0.0,0.0
Psalms,77,13,Psalms 77:13 bible,False,48600,48600,False,0,0,False,0,0,0.0,0.0,0.0,0.0
Psalms,77,14,Psalms 77:14 bible,False,82500,82500,True,8,8,True,8,8,,,,
Psalms,77,15,Psalms 77:15 bible,False,26500,26500,True,8,8,True,8,8,,,,
Psalms,77,16,Psalms 77:16 bible,False,26100,26100,True,8,8,True,8,8,,,,
Psalms,77,17,Psalms 77:17 bible,False,24900,24900,True,9,9,True,9,9,,,,
Psalms,77,18,Psalms 77:18 bible,False,23600,23600,True,9,8,True,9,8,,,,
Psalms,77,19,Psalms 77:19 bible,False,42700,42700,True,9,9,True,9,9,,,,
Psalms,77,20,Psalms 77:20 bible,False,42600,42600,False,0,0,False,0,0,0.0,0.0,0.0,0.0
Psalms,78,1,Psalms 78:1 bible,False,143000,143000,True,8,8,True,8,8,,,,
Psalms,78,2,Psalms 78:2 bible,False,65700,65700,True,9,9,True,9,9,,,,
Psalms,78,3,Psalms 78:3 bible,False,37300,37300,True,8,8,True,8,8,,,,
Psalms,78,4,Psalms 78:4 bible,False,78600,78600,True,8,8,True,8,8,,,,
Psalms,78,5,Psalms 78:5 bible,False,63700,63700,True,9,9,True,9,9,,,,
Psalms,78,6,Psalms 78:6 bible,False,54500,54500,True,9,9,True,9,9,,,,
Psalms,78,7,Psalms 78:7 bible,False,33300,33300,True,8,8,True,8,8,,,,
Psalms,78,8,Psalms 78:8 bible,False,45200,45200,True,9,9,True,9,9,,,,
Psalms,78,9,Psalms 78:9 bible,False,36100,36100,False,0,0,False,0,0,0.0,0.0,0.0,0.0
Psalms,78,10,Psalms 78:10 bible,False,23300,23300,False,0,0,False,0,0,0.0,0.0,0.0,0.0
Psalms,78,11,Psalms 78:11 bible,False,22200,22200,False,0,0,False,0,0,0.0,0.0,0.0,0.0
Psalms,78,12,Psalms 78:12 bible,False,26300,26300,True,8,8,True,8,8,,,,
Psalms,78,13,Psalms 78:13 bible,False,25400,25400,True,8,8,True,8,8,,,,
Psalms,78,14,Psalms 78:14 bible,False,28100,28100,True,9,9,True,9,9,,,,
Psalms,78,15,Psalms 78:15 bible,True,139,0,False,0,0,False,0,0,0.0,0.0,0.0,0.0
Psalms,78,16,Psalms 78:16 bible,False,14300,14300,True,8,8,True,8,8,,,,
Psalms,78,17,Psalms 78:17 bible,True,43,25300,False,0,0,False,0,0,0.0,0.0,0.0,0.0
Psalms,78,18,Psalms 78:18 bible,False,39400,39400,False,0,0,False,0,0,0.0,0.0,0.0,0.0
Psalms,78,19,Psalms 78:19 bible,False,27000,27000,True,8,8,True,8,8,,,,
Psalms,78,20,Psalms 78:20 bible,False,18100,18100,True,9,9,True,9,9,,,,
Psalms,78,21,Psalms 78:21 bible,False,23800,23800,True,8,8,True,8,8,,,,
Psalms,78,22,Psalms 78:22 bible,False,25500,25500,False,0,0,False,0,0,0.0,0.0,0.0,0.0
Psalms,78,23,Psalms 78:23 bible,False,43000,43000,True,8,8,True,8,8,,,,
Psalms,78,24,Psalms 78:24 bible,False,46900,46900,True,9,9,True,9,9,,,,
Psalms,78,25,Psalms 78:25 bible,False,21000,21000,True,8,8,True,8,8,,,,
Psalms,78,26,Psalms 78:26 bible,False,15600,15600,True,9,9,True,9,9,,,,
Psalms,78,27,Psalms 78:27 bible,False,11100,11100,True,9,9,True,9,9,,,,
Psalms,78,28,Psalms 78:28 bible,True,7210,0,False,0,0,False,0,0,0.0,0.0,0.0,0.0
Psalms,78,29,Psalms 78:29 bible,False,13000,13000,True,8,8,True,8,8,,,,
Psalms,78,30,Psalms 78:30 bible,False,11300,11300,True,8,8,True,8,8,,,,
Psalms,78,31,Psalms 78:31 bible,False,27100,27100,True,8,8,True,8,8,,,,
Psalms,78,32,Psalms 78:32 bible,True,38,0,False,0,0,False,0,0,0.0,0.0,0.0,0.0
Psalms,78,33,Psalms 78:33 bible,False,15200,15200,False,0,0,False,0,0,0.0,0.0,0.0,0.0
Psalms,78,34,Psalms 78:34 bible,False,27600,27600,True,9,9,True,9,9,,,,
Psalms,78,35,Psalms 78:35 bible,False,42500,42500,True,8,8,True,8,8,,,,
Psalms,78,36,Psalms 78:36 bible,False,18700,18700,True,8,8,True,8,8,,,,
Psalms,78,37,Psalms 78:37 bible,False,22300,22300,True,9,9,True,9,9,,,,
Psalms,78,38,Psalms 78:38 bible,False,56100,56100,True,8,8,True,8,8,,,,
Psalms,78,39,Psalms 78:39 bible,False,25000,25000,True,9,9,True,9,9,,,,
Psalms,78,40,Psalms 78:40 bible,False,54600,54600,False,0,0,False,0,0,0.0,0.0,0.0,0.0
Psalms,78,41,Psalms 78:41 bible,False,48300,48300,True,8,8,True,8,8,,,,
Psalms,78,42,Psalms 78:42 bible,False,23800,23800,True,8,8,True,8,8,,,,
Psalms,78,43,Psalms 78:43 bible,False,17300,17300,True,9,9,True,9,9,,,,
Psalms,78,44,Psalms 78:44 bible,True,137,0,False,0,0,False,0,0,0.0,0.0,0.0,0.0
Psalms,78,45,Psalms 78:45 bible,False,13200,13200,True,9,9,True,9,9,,,,
Psalms,78,46,Psalms 78:46 bible,False,23200,23200,True,8,8,True,8,8,,,,
Psalms,78,47,Psalms 78:47 bible,False,33500,33500,True,9,9,True,9,9,,,,
Psalms,78,48,Psalms 78:48 bible,False,42200,42200,True,9,9,True,9,9,,,,
Psalms,78,49,Psalms 78:49 bible,False,30100,30100,True,8,8,True,8,8,,,,
Psalms,78,50,Psalms 78:50 bible,False,11400,11400,False,0,0,False,0,0,0.0,0.0,0.0,0.0
Psalms,78,51,Psalms 78:51 bible,False,27600,27600,True,9,9,True,9,9,,,,
Psalms,78,52,Psalms 78:52 bible,False,40800,40800,True,9,9,True,9,9,,,,
Psalms,78,53,Psalms 78:53 bible,False,41100,41100,False,0,0,False,0,0,0.0,0.0,0.0,0.0
Psalms,78,54,Psalms 78:54 bible,False,14600,14600,True,8,8,True,8,8,,,,
Psalms,78,55,Psalms 78:55 bible,False,23500,23500,False,0,0,False,0,0,0.0,0.0,0.0,0.0
Psalms,78,56,Psalms 78:56 bible,True,37,29300,False,0,0,False,0,0,0.0,0.0,0.0,0.0
Psalms,78,57,Psalms 78:57 bible,False,24100,24100,True,8,8,True,8,8,,,,
Psalms,78,58,Psalms 78:58 bible,False,20400,20400,True,9,9,True,9,9,,,,
Psalms,78,59,Psalms 78:59 bible,False,17700,17700,True,8,8,True,8,8,,,,
Psalms,78,60,Psalms 78:60 bible,False,17200,17200,True,9,9,True,9,9,,,,
Psalms,78,61,Psalms 78:61 bible,False,12500,12500,True,9,9,True,9,9,,,,
Psalms,78,62,Psalms 78:62 bible,True,33,16800,False,0,0,False,0,0,0.0,0.0,0.0,0.0
Psalms,78,63,Psalms 78:63 bible,True,9060,0,False,0,0,False,0,0,0.0,0.0,0.0,0.0
Psalms,78,64,Psalms 78:64 bible,True,7110,0,False,0,0,False,0,0,0.0,0.0,0.0,0.0
Psalms,78,65,Psalms 78:65 bible,True,188,0,False,0,0,False,0,0,0.0,0.0,0.0,0.0
Psalms,78,66,Psalms 78:66 bible,True,33,0,False,0,0,False,0,0,0.0,0.0,0.0,0.0
Psalms,78,67,Psalms 78:67 bible,False,17300,17300,False,0,0,False,0,0,0.0,0.0,0.0,0.0
Psalms,78,68,Psalms 78:68 bible,False,20600,20600,True,9,9,True,9,9,,,,
Psalms,78,69,Psalms 78:69 bible,False,25200,25200,True,8,8,True,8,8,,,,
Psalms,78,70,Psalms 78:70 bible,False,51500,51500,True,8,8,True,8,8,,,,
Psalms,78,71,Psalms 78:71 bible,False,13000,13000,True,9,9,True,9,9,,,,
Psalms,78,72,Psalms 78:72 bible,False,45400,45400,True,7,7,True,7,7,,,,
Psalms,79,1,Psalms 79:1 bible,False,74800,74800,True,8,8,True,8,8,,,,
Psalms,79,2,Psalms 79:2 bible,False,35400,35400,False,0,0,False,0,0,0.0,0.0,0.0,0.0
Psalms,79,3,Psalms 79:3 bible,False,22900,22900,True,8,8,True,8,8,,,,
Psalms,79,4,Psalms 79:4 bible,False,27000,27000,True,9,9,True,9,9,,,,
Psalms,79,5,Psalms 79:5 bible,False,37900,37900,True,9,9,True,9,9,,,,
Psalms,79,6,Psalms 79:6 bible,False,38500,38500,True,8,8,True,8,8,,,,
Psalms,79,7,Psalms 79:7 bible,False,13400,13400,False,0,0,False,0,0,0.0,0.0,0.0,0.0
Psalms,79,8,Psalms 79:8 bible,False,46400,46400,True,8,8,True,8,8,,,,
Psalms,79,9,Psalms 79:9 bible,True,40,0,False,0,0,False,0,0,0.0,0.0,0.0,0.0
Psalms,79,10,Psalms 79:10 bible,False,24000,24000,False,0,0,False,0,0,0.0,0.0,0.0,0.0
Psalms,79,11,Psalms 79:11 bible,False,38700,38700,True,8,8,True,8,8,,,,
Psalms,79,12,Psalms 79:12 bible,False,19300,19300,True,8,8,True,8,8,,,,
Psalms,79,13,Psalms 79:13 bible,False,65600,65600,False,0,0,False,0,0,0.0,0.0,0.0,0.0
Psalms,80,1,Psalms 80:1 bible,True,41,196000,False,0,0,False,0,0,0.0,0.0,0.0,0.0
Psalms,80,2,Psalms 80:2 bible,False,54500,54500,False,0,0,False,0,0,0.0,0.0,0.0,0.0
Psalms,80,3,Psalms 80:3 bible,True,138,0,False,0,0,False,0,0,0.0,0.0,0.0,0.0
Psalms,80,4,Psalms 80:4 bible,False,43900,43900,False,0,0,False,0,0,0.0,0.0,0.0,0.0
Psalms,80,5,Psalms 80:5 bible,False,50900,50900,True,8,8,True,8,8,,,,
Psalms,80,6,Psalms 80:6 bible,False,29600,29600,True,8,8,True,8,8,,,,
Psalms,80,7,Psalms 80:7 bible,False,48600,48600,True,9,9,True,9,9,,,,
Psalms,80,8,Psalms 80:8 bible,False,56100,56100,False,0,0,False,0,0,0.0,0.0,0.0,0.0
Psalms,80,9,Psalms 80:9 bible,True,40,40200,False,0,0,False,0,0,0.0,0.0,0.0,0.0
Psalms,80,10,Psalms 80:10 bible,False,30500,30500,True,8,8,True,8,8,,,,
Psalms,80,11,Psalms 80:11 bible,False,18800,18800,True,8,8,True,8,8,,,,
Psalms,80,12,Psalms 80:12 bible,False,22500,22500,True,8,8,True,8,8,,,,
Psalms,80,13,Psalms 80:13 bible,False,33400,33400,False,0,0,False,0,0,0.0,0.0,0.0,0.0
Psalms,80,14,Psalms 80:14 bible,False,26800,26800,True,8,8,True,8,8,,,,
Psalms,80,15,Psalms 80:15 bible,True,39,19000,False,0,0,False,0,0,0.0,0.0,0.0,0.0
Psalms,80,16,Psalms 80:16 bible,False,22300,22300,True,8,8,True,8,8,,,,
Psalms,80,17,Psalms 80:17 bible,False,70800,70800,True,8,8,True,8,8,,,,
Psalms,80,18,Psalms 80:18 bible,False,48400,48400,True,8,8,True,8,8,,,,
Psalms,80,19,Psalms 80:19 bible,False,41400,41400,True,8,8,True,8,8,,,,
Psalms,81,1,Psalms 81:1 bible,False,84000,84000,True,8,8,True,8,8,,,,
Psalms,81,2,Psalms 81:2 bible,False,55600,55600,True,9,9,True,9,9,,,,
Psalms,81,3,Psalms 81:3 bible,False,54100,54100,True,8,8,True,8,8,,,,
Psalms,81,4,Psalms 81:4 bible,False,30500,30500,True,8,8,True,8,8,,,,
Psalms,81,5,Psalms 81:5 bible,False,21600,21600,True,9,9,True,9,9,,,,
Psalms,81,6,Psalms 81:6 bible,False,38300,38300,True,8,8,True,8,8,,,,
Psalms,81,7,Psalms 81:7 bible,False,29900,29900,True,8,8,True,8,8,,,,
Psalms,81,8,Psalms 81:8 bible,False,29200,29200,True,8,8,True,8,8,,,,
Psalms,81,9,Psalms 81:9 bible,False,33500,33500,True,9,9,True,9,9,,,,
Psalms,81,10,Psalms 81:10 bible,True,42,88700,False,0,0,False,0,0,0.0,0.0,0.0,0.0
Psalms,81,11,Psalms 81:11 bible,False,50900,50900,True,8,8,True,8,8,,,,
Psalms,81,12,Psalms 81:12 bible,False,39900,39900,True,8,8,True,8,8,,,,
Psalms,81,13,Psalms 81:13 bible,True,135,45400,False,0,0,False,0,0,0.0,0.0,0.0,0.0
Psalms,81,14,Psalms 81:14 bible,False,17800,17800,False,0,0,False,0,0,0.0,0.0,0.0,0.0
Psalms,81,15,Psalms 81:15 bible,False,17900,17900,False,0,0,False,0,0,0.0,0.0,0.0,0.0
Psalms,81,16,Psalms 81:16 bible,False,42600,42600,True,8,8,True,8,8,,,,
Psalms,82,1,Psalms 82:1 bible,True,68,117000,False,0,0,False,0,0,0.0,0.0,0.0,0.0
Psalms,82,2,Psalms 82:2 bible,False,36400,36400,True,8,8,True,8,8,,,,
Psalms,82,3,Psalms 82:3 bible,False,131000,131000,True,8,8,True,8,8,,,,
Psalms,82,4,Psalms 82:4 bible,False,33300,33300,True,9,9,True,9,9,,,,
Psalms,82,5,Psalms 82:5 bible,False,90700,90700,True,8,8,True,8,8,,,,
Psalms,82,6,Psalms 82:6 bible,False,315000,315000,True,8,8,True,8,8,,,,
Psalms,82,7,Psalms 82:7 bible,False,22700,22700,True,8,8,True,8,8,,,,
Psalms,82,8,Psalms 82:8 bible,True,34,30700,False,0,0,False,0,0,0.0,0.0,0.0,0.0
Psalms,83,1,Psalms 83:1 bible,False,75900,75900,True,8,8,True,8,8,,,,
Psalms,83,2,Psalms 83:2 bible,False,36500,36500,True,9,9,True,9,9,,,,
Psalms,83,3,Psalms 83:3 bible,False,49900,49900,True,9,9,True,9,9,,,,
Psalms,83,4,Psalms 83:4 bible,False,65300,65300,True,9,9,True,9,9,,,,
Psalms,83,5,Psalms 83:5 bible,True,43,37600,False,0,0,False,0,0,0.0,0.0,0.0,0.0
Psalms,83,6,Psalms 83:6 bible,False,35100,35100,True,9,9,True,9,9,,,,
Psalms,83,7,Psalms 83:7 bible,False,21500,21500,True,8,8,True,8,8,,,,
Psalms,83,8,Psalms 83:8 bible,False,18400,18400,True,8,8,True,8,8,,,,
Psalms,83,9,Psalms 83:9 bible,False,20100,20100,True,8,8,True,8,8,,,,
Psalms,83,10,Psalms 83:10 bible,True,132,0,False,0,0,False,0,0,0.0,0.0,0.0,0.0
Psalms,83,11,Psalms 83:11 bible,False,17200,17200,False,0,0,False,0,0,0.0,0.0,0.0,0.0
Psalms,83,12,Psalms 83:12 bible,False,20300,20300,False,0,0,False,0,0,0.0,0.0,0.0,0.0
Psalms,83,13,Psalms 83:13 bible,False,31100,31100,True,8,8,True,8,8,,,,
Psalms,83,14,Psalms 83:14 bible,True,40,17900,False,0,0,False,0,0,0.0,0.0,0.0,0.0
Psalms,83,15,Psalms 83:15 bible,False,26700,26700,False,0,0,False,0,0,0.0,0.0,0.0,0.0
Psalms,83,16,Psalms 83:16 bible,False,36600,36600,True,8,8,True,8,8,,,,
Psalms,83,17,Psalms 83:17 bible,False,26600,26600,True,8,8,True,8,8,,,,
Psalms,83,18,Psalms 83:18 bible,False,145000,145000,True,8,8,True,8,8,,,,
Psalms,84,1,Psalms 84:1 bible,False,129000,129000,True,8,8,True,8,8,,,,
Psalms,84,2,Psalms 84:2 bible,False,95500,95500,True,8,8,True,8,8,,,,
Psalms,84,3,Psalms 84:3 bible,False,59100,59100,True,8,8,True,8,8,,,,
Psalms,84,4,Psalms 84:4 bible,True,37,76700,False,0,0,False,0,0,0.0,0.0,0.0,0.0
Psalms,84,5,Psalms 84:5 bible,False,112000,112000,True,7,7,True,7,7,,,,
Psalms,84,6,Psalms 84:6 bible,False,46200,46200,True,8,8,True,8,8,,,,
Psalms,84,7,Psalms 84:7 bible,False,119000,119000,True,9,9,True,9,9,,,,
Psalms,84,8,Psalms 84:8 bible,False,51400,51400,True,8,8,True,8,8,,,,
Psalms,84,9,Psalms 84:9 bible,False,44800,44800,True,8,8,True,8,8,,,,
Psalms,84,10,Psalms 84:10 bible,False,142000,142000,True,7,7,True,7,7,,,,
Psalms,84,11,Psalms 84:11 bible,True,53,0,False,0,0,False,0,0,0.0,0.0,0.0,0.0
Psalms,84,12,Psalms 84:12 bible,False,99200,99200,True,8,8,True,8,8,,,,
Psalms,85,1,Psalms 85:1 bible,False,97200,97200,True,8,8,True,8,8,,,,
Psalms,85,2,Psalms 85:2 bible,False,51500,51500,True,8,8,True,8,8,,,,
Psalms,85,3,Psalms 85:3 bible,False,27100,27100,True,8,8,True,8,8,,,,
Psalms,85,4,Psalms 85:4 bible,True,44,0,False,0,0,False,0,0,0.0,0.0,0.0,0.0
Psalms,85,5,Psalms 85:5 bible,False,30900,30900,True,8,8,True,8,8,,,,
Psalms,85,6,Psalms 85:6 bible,False,143000,143000,True,8,8,True,8,8,,,,
Psalms,85,7,Psalms 85:7 bible,False,58900,58900,True,8,8,True,8,8,,,,
Psalms,85,8,Psalms 85:8 bible,False,151000,151000,True,9,9,True,9,9,,,,
Psalms,85,9,Psalms 85:9 bible,False,64500,64500,True,8,8,True,8,8,,,,
Psalms,85,10,Psalms 85:10 bible,False,106000,106000,True,8,8,True,8,8,,,,
Psalms,85,11,Psalms 85:11 bible,False,30100,30100,True,8,8,True,8,8,,,,
Psalms,85,12,Psalms 85:12 bible,False,53800,53800,True,8,8,True,8,8,,,,
Psalms,85,13,Psalms 85:13 bible,False,32700,32700,False,0,0,False,0,0,0.0,0.0,0.0,0.0
Psalms,86,1,Psalms 86:1 bible,False,160000,160000,True,9,9,True,9,9,,,,
Psalms,86,2,Psalms 86:2 bible,False,101000,101000,False,0,0,False,0,0,0.0,0.0,0.0,0.0
Psalms,86,3,Psalms 86:3 bible,False,56400,56400,True,8,8,True,8,8,,,,
Psalms,86,4,Psalms 86:4 bible,True,39,69300,False,0,0,False,0,0,0.0,0.0,0.0,0.0
Psalms,86,5,Psalms 86:5 bible,False,262000,262000,True,8,8,True,8,8,,,,
Psalms,86,6,Psalms 86:6 bible,True,38,62400,False,0,0,False,0,0,0.0,0.0,0.0,0.0
Psalms,86,7,Psalms 86:7 bible,False,87700,87700,True,9,8,True,9,8,,,,
Psalms,86,8,Psalms 86:8 bible,False,74700,74700,True,9,9,True,9,9,,,,
Psalms,86,9,Psalms 86:9 bible,False,72200,72200,True,8,8,True,8,8,,,,
Psalms,86,10,Psalms 86:10 bible,False,74200,74200,True,8,8,True,8,8,,,,
Psalms,86,11,Psalms 86:11 bible,False,205000,205000,True,8,8,True,8,8,,,,
Psalms,86,12,Psalms 86:12 bible,False,112000,112000,True,8,8,True,8,8,,,,
Psalms,86,13,Psalms 86:13 bible,False,92500,92500,True,8,8,True,8,8,,,,
Psalms,86,14,Psalms 86:14 bible,False,29900,29900,True,9,9,True,9,9,,,,
Psalms,86,15,Psalms 86:15 bible,False,238000,238000,True,8,8,True,8,8,,,,
Psalms,86,16,Psalms 86:16 bible,False,31000,31000,True,8,8,True,8,8,,,,
Psalms,86,17,Psalms 86:17 bible,False,81400,81400,False,0,0,False,0,0,0.0,0.0,0.0,0.0
Psalms,87,1,Psalms 87:1 bible,False,70700,70700,False,0,0,False,0,0,0.0,0.0,0.0,0.0
Psalms,87,2,Psalms 87:2 bible,False,35700,35700,True,9,9,True,9,9,,,,
Psalms,87,3,Psalms 87:3 bible,False,42600,42600,False,0,0,False,0,0,0.0,0.0,0.0,0.0
Psalms,87,4,Psalms 87:4 bible,False,37300,37300,True,8,8,True,8,8,,,,
Psalms,87,5,Psalms 87:5 bible,False,32500,32500,True,8,8,True,8,8,,,,
Psalms,87,6,Psalms 87:6 bible,False,28200,28200,True,8,8,True,8,8,,,,
Psalms,87,7,Psalms 87:7 bible,False,29200,29200,True,8,8,True,8,8,,,,
Psalms,88,1,Psalms 88:1 bible,False,85400,85400,True,8,8,True,8,8,,,,
Psalms,88,2,Psalms 88:2 bible,False,58900,58900,True,7,7,True,7,7,,,,
Psalms,88,3,Psalms 88:3 bible,False,43900,43900,True,8,8,True,8,8,,,,
Psalms,88,4,Psalms 88:4 bible,False,41300,41300,True,8,8,True,8,8,,,,
Psalms,88,5,Psalms 88:5 bible,False,32600,32600,True,8,8,True,8,8,,,,
Psalms,88,6,Psalms 88:6 bible,True,40,0,False,0,0,False,0,0,0.0,0.0,0.0,0.0
Psalms,88,7,Psalms 88:7 bible,False,22500,22500,True,8,8,True,8,8,,,,
Psalms,88,8,Psalms 88:8 bible,False,42300,42300,True,8,8,True,8,8,,,,
Psalms,88,9,Psalms 88:9 bible,False,42200,42200,True,7,7,True,7,7,,,,
Psalms,88,10,Psalms 88:10 bible,False,28600,28600,True,8,8,True,8,8,,,,
Psalms,88,11,Psalms 88:11 bible,False,29400,29400,True,10,10,True,10,10,,,,
Psalms,88,12,Psalms 88:12 bible,False,18900,18900,True,8,8,True,8,8,,,,
Psalms,88,13,Psalms 88:13 bible,False,61600,61600,True,8,8,True,8,8,,,,
Psalms,88,14,Psalms 88:14 bible,False,22700,22700,True,8,8,True,8,8,,,,
Psalms,88,15,Psalms 88:15 bible,False,25200,25200,True,8,8,True,8,8,,,,
Psalms,88,16,Psalms 88:16 bible,False,14800,14800,True,8,8,True,8,8,,,,
Psalms,88,17,Psalms 88:17 bible,False,22400,22400,True,8,8,True,8,8,,,,
Psalms,88,18,Psalms 88:18 bible,False,18200,18200,False,0,0,False,0,0,0.0,0.0,0.0,0.0
Psalms,89,1,Psalms 89:1 bible,False,217000,217000,True,8,8,True,8,8,,,,
Psalms,89,2,Psalms 89:2 bible,False,78000,78000,True,8,8,True,8,8,,,,
Psalms,89,3,Psalms 89:3 bible,False,64900,64900,True,9,9,True,9,9,,,,
Psalms,89,4,Psalms 89:4 bible,False,55800,55800,True,8,8,True,8,8,,,,
Psalms,89,5,Psalms 89:5 bible,False,95400,95400,False,0,0,False,0,0,0.0,0.0,0.0,0.0
Psalms,89,6,Psalms 89:6 bible,False,59500,59500,True,9,9,True,9,9,,,,
Psalms,89,7,Psalms 89:7 bible,False,59400,59400,False,0,0,False,0,0,0.0,0.0,0.0,0.0
Psalms,89,8,Psalms 89:8 bible,False,93600,93600,True,8,8,True,8,8,,,,
Psalms,89,9,Psalms 89:9 bible,False,72900,72900,True,8,8,True,8,8,,,,
Psalms,89,10,Psalms 89:10 bible,False,31200,31200,True,9,9,True,9,9,,,,
Psalms,89,11,Psalms 89:11 bible,False,67100,67100,True,8,8,True,8,8,,,,
Psalms,89,12,Psalms 89:12 bible,False,28700,28700,False,0,0,False,0,0,0.0,0.0,0.0,0.0
Psalms,89,13,Psalms 89:13 bible,False,53800,53800,True,9,9,True,9,9,,,,
Psalms,89,14,Psalms 89:14 bible,False,112000,112000,True,8,8,True,8,8,,,,
Psalms,89,15,Psalms 89:15 bible,False,141000,141000,True,8,8,True,8,8,,,,
Psalms,89,16,Psalms 89:16 bible,False,37500,37500,True,8,8,True,8,8,,,,
Psalms,89,17,Psalms 89:17 bible,False,64400,64400,True,9,9,True,9,9,,,,
Psalms,89,18,Psalms 89:18 bible,False,47500,47500,True,9,9,True,9,9,,,,
Psalms,89,19,Psalms 89:19 bible,False,43400,43400,True,8,8,True,8,8,,,,
Psalms,89,20,Psalms 89:20 bible,False,144000,144000,True,9,9,True,9,9,,,,
Psalms,89,21,Psalms 89:21 bible,False,37200,37200,True,9,9,True,9,9,,,,
Psalms,89,22,Psalms 89:22 bible,False,36000,36000,True,9,9,True,9,9,,,,
Psalms,89,23,Psalms 89:23 bible,False,27300,27300,True,8,8,True,8,8,,,,
Psalms,89,24,Psalms 89:24 bible,False,38300,38300,True,9,8,True,9,8,,,,
Psalms,89,25,Psalms 89:25 bible,False,19800,19800,True,9,8,True,9,8,,,,
Psalms,89,26,Psalms 89:26 bible,False,73100,73100,True,9,9,True,9,9,,,,
Psalms,89,27,Psalms 89:27 bible,False,60800,60800,True,8,8,True,8,8,,,,
Psalms,89,28,Psalms 89:28 bible,False,33600,33600,False,0,0,False,0,0,0.0,0.0,0.0,0.0
Psalms,89,29,Psalms 89:29 bible,False,58100,58100,True,8,8,True,8,8,,,,
Psalms,89,30,Psalms 89:30 bible,False,41700,41700,True,9,9,True,9,9,,,,
Psalms,89,31,Psalms 89:31 bible,False,32400,32400,False,0,0,False,0,0,0.0,0.0,0.0,0.0
Psalms,89,32,Psalms 89:32 bible,False,19700,19700,True,8,8,True,8,8,,,,
Psalms,89,33,Psalms 89:33 bible,False,54000,54000,False,0,0,False,0,0,0.0,0.0,0.0,0.0
Psalms,89,34,Psalms 89:34 bible,False,158000,158000,True,8,8,True,8,8,,,,
Psalms,89,35,Psalms 89:35 bible,False,38900,38900,True,9,9,True,9,9,,,,
Psalms,89,36,Psalms 89:36 bible,False,31000,31000,False,0,0,False,0,0,0.0,0.0,0.0,0.0
Psalms,89,37,Psalms 89:37 bible,False,32900,32900,True,8,8,True,8,8,,,,
Psalms,89,38,Psalms 89:38 bible,False,30600,30600,True,8,8,True,8,8,,,,
Psalms,89,39,Psalms 89:39 bible,False,19000,19000,True,8,8,True,8,8,,,,
Psalms,89,40,Psalms 89:40 bible,False,13100,13100,True,8,8,True,8,8,,,,
Psalms,89,41,Psalms 89:41 bible,False,28300,28300,True,9,9,True,9,9,,,,
Psalms,89,42,Psalms 89:42 bible,True,38,11000,False,0,0,False,0,0,0.0,0.0,0.0,0.0
Psalms,89,43,Psalms 89:43 bible,False,11100,11100,False,0,0,False,0,0,0.0,0.0,0.0,0.0
Psalms,89,44,Psalms 89:44 bible,False,14500,14500,True,9,9,True,9,9,,,,
Psalms,89,45,Psalms 89:45 bible,False,27600,27600,False,0,0,False,0,0,0.0,0.0,0.0,0.0
Psalms,89,46,Psalms 89:46 bible,False,28900,28900,True,8,8,True,8,8,,,,
Psalms,89,47,Psalms 89:47 bible,False,31100,31100,True,9,9,True,9,9,,,,
Psalms,89,48,Psalms 89:48 bible,False,42800,42800,False,0,0,False,0,0,0.0,0.0,0.0,0.0
Psalms,89,49,Psalms 89:49 bible,False,16200,16200,True,9,9,True,9,9,,,,
Psalms,89,50,Psalms 89:50 bible,True,39,18100,False,0,0,False,0,0,0.0,0.0,0.0,0.0
Psalms,89,51,Psalms 89:51 bible,False,17300,17300,False,0,0,False,0,0,0.0,0.0,0.0,0.0
Psalms,89,52,Psalms 89:52 bible,False,38500,38500,True,9,8,True,9,8,,,,
Psalms,90,1,Psalms 90:1 bible,False,194000,194000,True,7,7,True,7,7,,,,
Psalms,90,2,Psalms 90:2 bible,False,244000,244000,True,8,8,True,8,8,,,,
Psalms,90,3,Psalms 90:3 bible,False,47000,47000,True,9,9,True,9,9,,,,
Psalms,90,4,Psalms 90:4 bible,True,42,0,False,0,0,False,0,0,0.0,0.0,0.0,0.0
Psalms,90,5,Psalms 90:5 bible,False,59000,59000,True,9,9,True,9,9,,,,
Psalms,90,6,Psalms 90:6 bible,False,25800,25800,True,8,8,True,8,8,,,,
Psalms,90,7,Psalms 90:7 bible,False,30100,30100,True,8,8,True,8,8,,,,
Psalms,90,8,Psalms 90:8 bible,False,52100,52100,True,8,8,True,8,8,,,,
Psalms,90,9,Psalms 90:9 bible,False,41400,41400,False,0,0,False,0,0,0.0,0.0,0.0,0.0
Psalms,90,10,Psalms 90:10 bible,False,209000,209000,False,0,0,False,0,0,0.0,0.0,0.0,0.0
Psalms,90,11,Psalms 90:11 bible,False,52400,52400,False,0,0,False,0,0,0.0,0.0,0.0,0.0
Psalms,90,12,Psalms 90:12 bible,False,332000,332000,True,7,7,True,7,7,,,,
Psalms,90,13,Psalms 90:13 bible,True,42,40300,False,0,0,False,0,0,0.0,0.0,0.0,0.0
Psalms,90,14,Psalms 90:14 bible,False,288000,288000,False,0,0,False,0,0,0.0,0.0,0.0,0.0
Psalms,90,15,Psalms 90:15 bible,False,21200,21200,True,8,8,True,8,8,,,,
Psalms,90,16,Psalms 90:16 bible,False,28800,28800,True,8,8,True,8,8,,,,
Psalms,90,17,Psalms 90:17 bible,False,297000,297000,True,7,7,True,7,7,,,,
Psalms,91,1,Psalms 91:1 bible,False,632000,632000,True,7,7,True,7,7,,,,
Psalms,91,2,Psalms 91:2 bible,False,387000,387000,True,7,7,True,7,7,,,,
Psalms,91,3,Psalms 91:3 bible,False,261000,261000,True,7,7,True,7,7,,,,
Psalms,91,4,Psalms 91:4 bible,False,388000,388000,True,7,7,True,7,7,,,,
Psalms,91,5,Psalms 91:5 bible,False,283000,283000,True,8,8,True,8,8,,,,
Psalms,91,6,Psalms 91:6 bible,False,65700,65700,False,0,0,False,0,0,0.0,0.0,0.0,0.0
Psalms,91,7,Psalms 91:7 bible,False,269000,269000,True,8,8,True,8,8,,,,
Psalms,91,8,Psalms 91:8 bible,False,65800,65800,True,8,8,True,8,8,,,,
Psalms,91,9,Psalms 91:9 bible,True,34,0,False,0,0,False,0,0,0.0,0.0,0.0,0.0
Psalms,91,10,Psalms 91:10 bible,False,389000,389000,True,9,9,True,9,9,,,,
Psalms,91,11,Psalms 91:11 bible,False,430000,430000,False,0,0,False,0,0,0.0,0.0,0.0,0.0
Psalms,91,12,Psalms 91:12 bible,False,74100,74100,True,8,8,True,8,8,,,,
Psalms,91,13,Psalms 91:13 bible,True,139,0,False,0,0,False,0,0,0.0,0.0,0.0,0.0
Psalms,91,14,Psalms 91:14 bible,False,342000,342000,True,7,7,True,7,7,,,,
Psalms,91,15,Psalms 91:15 bible,False,223000,223000,False,0,0,False,0,0,0.0,0.0,0.0,0.0
Psalms,91,16,Psalms 91:16 bible,False,254000,254000,True,7,7,True,7,7,,,,
Psalms,92,1,Psalms 92:1 bible,False,366000,366000,True,8,8,True,8,8,,,,
Psalms,92,2,Psalms 92:2 bible,False,84400,84400,True,8,8,True,8,8,,,,
Psalms,92,3,Psalms 92:3 bible,False,53000,53000,True,8,8,True,8,8,,,,
Psalms,92,4,Psalms 92:4 bible,False,80600,80600,True,8,8,True,8,8,,,,
Psalms,92,5,Psalms 92:5 bible,True,41,0,False,0,0,False,0,0,0.0,0.0,0.0,0.0
Psalms,92,6,Psalms 92:6 bible,False,37500,37500,True,8,8,True,8,8,,,,
Psalms,92,7,Psalms 92:7 bible,True,0,0,False,0,0,False,0,0,0.0,0.0,0.0,0.0
Psalms,92,8,Psalms 92:8 bible,False,33400,33400,True,8,8,True,8,8,,,,
Psalms,92,9,Psalms 92:9 bible,False,34200,34200,True,9,9,True,9,9,,,,
Psalms,92,10,Psalms 92:10 bible,False,146000,146000,False,0,0,False,0,0,0.0,0.0,0.0,0.0
Psalms,92,11,Psalms 92:11 bible,False,36300,36300,True,9,9,True,9,9,,,,
Psalms,92,12,Psalms 92:12 bible,False,245000,245000,True,8,8,True,8,8,,,,
Psalms,92,13,Psalms 92:13 bible,False,117000,117000,True,8,8,True,8,8,,,,
Psalms,92,14,Psalms 92:14 bible,False,69800,69800,True,8,8,True,8,8,,,,
Psalms,92,15,Psalms 92:15 bible,False,50500,50500,True,8,8,True,8,8,,,,
Psalms,93,1,Psalms 93:1 bible,False,148000,148000,True,8,8,True,8,8,,,,
Psalms,93,2,Psalms 93:2 bible,False,47100,47100,True,8,8,True,8,8,,,,
Psalms,93,3,Psalms 93:3 bible,False,41900,41900,False,0,0,False,0,0,0.0,0.0,0.0,0.0
Psalms,93,4,Psalms 93:4 bible,False,73100,73100,True,8,8,True,8,8,,,,
Psalms,93,5,Psalms 93:5 bible,False,51000,51000,True,8,8,True,8,8,,,,
Psalms,94,1,Psalms 94:1 bible,False,107000,107000,True,8,8,True,8,8,,,,
Psalms,94,2,Psalms 94:2 bible,False,40700,40700,True,8,8,True,8,8,,,,
Psalms,94,3,Psalms 94:3 bible,False,32000,32000,True,8,8,True,8,8,,,,
Psalms,94,4,Psalms 94:4 bible,False,41300,41300,True,9,9,True,9,9,,,,
Psalms,94,5,Psalms 94:5 bible,False,47500,47500,True,9,9,True,9,9,,,,
Psalms,94,6,Psalms 94:6 bible,False,38400,38400,True,9,9,True,9,9,,,,
Psalms,94,7,Psalms 94:7 bible,False,34000,34000,True,8,8,True,8,8,,,,
Psalms,94,8,Psalms 94:8 bible,False,38400,38400,True,9,9,True,9,9,,,,
Psalms,94,9,Psalms 94:9 bible,True,41,46900,False,0,0,False,0,0,0.0,0.0,0.0,0.0
Psalms,94,10,Psalms 94:10 bible,False,19300,19300,True,9,9,True,9,9,,,,
Psalms,94,11,Psalms 94:11 bible,False,73200,73200,True,9,9,True,9,9,,,,
Psalms,94,12,Psalms 94:12 bible,False,79800,79800,True,8,8,True,8,8,,,,
Psalms,94,13,Psalms 94:13 bible,False,22800,22800,True,9,9,True,9,9,,,,
Psalms,94,14,Psalms 94:14 bible,False,65200,65200,True,8,8,True,8,8,,,,
Psalms,94,15,Psalms 94:15 bible,True,38,13400,False,0,0,False,0,0,0.0,0.0,0.0,0.0
Psalms,94,16,Psalms 94:16 bible,True,41,37500,False,0,0,False,0,0,0.0,0.0,0.0,0.0
Psalms,94,17,Psalms 94:17 bible,True,40,49900,False,0,0,False,0,0,0.0,0.0,0.0,0.0
Psalms,94,18,Psalms 94:18 bible,True,46,0,False,0,0,False,0,0,0.0,0.0,0.0,0.0
Psalms,94,19,Psalms 94:19 bible,False,200000,200000,True,8,8,True,8,8,,,,
Psalms,94,20,Psalms 94:20 bible,False,23000,23000,True,9,9,True,9,9,,,,
Psalms,94,21,Psalms 94:21 bible,False,23700,23700,True,9,9,True,9,9,,,,
Psalms,94,22,Psalms 94:22 bible,False,77600,77600,True,9,9,True,9,9,,,,
Psalms,94,23,Psalms 94:23 bible,False,29900,29900,True,8,8,True,8,8,,,,
Psalms,95,1,Psalms 95:1 bible,True,40,386000,False,0,0,False,0,0,0.0,0.0,0.0,0.0
Psalms,95,2,Psalms 95:2 bible,False,165000,165000,True,8,8,True,8,8,,,,
Psalms,95,3,Psalms 95:3 bible,False,103000,103000,False,0,0,False,0,0,0.0,0.0,0.0,0.0
Psalms,95,4,Psalms 95:4 bible,False,37500,37500,True,8,8,True,8,8,,,,
Psalms,95,5,Psalms 95:5 bible,False,51900,51900,True,9,9,True,9,9,,,,
Psalms,95,6,Psalms 95:6 bible,False,297000,297000,True,7,7,True,7,7,,,,
Psalms,95,7,Psalms 95:7 bible,False,117000,117000,False,0,0,False,0,0,0.0,0.0,0.0,0.0
Psalms,95,8,Psalms 95:8 bible,False,76300,76300,True,9,9,True,9,9,,,,
Psalms,95,9,Psalms 95:9 bible,False,28000,28000,True,8,8,True,8,8,,,,
Psalms,95,10,Psalms 95:10 bible,False,34100,34100,True,8,8,True,8,8,,,,
Psalms,95,11,Psalms 95:11 bible,False,31500,31500,True,9,8,True,9,8,,,,
Psalms,96,1,Psalms 96:1 bible,False,255000,255000,True,8,8,True,8,8,,,,
Psalms,96,2,Psalms 96:2 bible,False,99200,99200,True,10,9,True,10,9,,,,
Psalms,96,3,Psalms 96:3 bible,False,75900,75900,True,8,8,True,8,8,,,,
Psalms,96,4,Psalms 96:4 bible,False,108000,108000,True,8,8,True,8,8,,,,
Psalms,96,5,Psalms 96:5 bible,False,54700,54700,True,8,8,True,8,8,,,,
Psalms,96,6,Psalms 96:6 bible,False,47000,47000,True,8,8,True,8,8,,,,
Psalms,96,7,Psalms 96:7 bible,True,45,0,False,0,0,False,0,0,0.0,0.0,0.0,0.0
Psalms,96,8,Psalms 96:8 bible,False,60200,60200,True,8,8,True,8,8,,,,
Psalms,96,9,Psalms 96:9 bible,False,106000,106000,False,0,0,False,0,0,0.0,0.0,0.0,0.0
Psalms,96,10,Psalms 96:10 bible,False,68400,68400,False,0,0,False,0,0,0.0,0.0,0.0,0.0
Psalms,96,11,Psalms 96:11 bible,False,73100,73100,True,8,8,True,8,8,,,,
Psalms,96,12,Psalms 96:12 bible,False,22200,22200,True,9,9,True,9,9,,,,
Psalms,96,13,Psalms 96:13 bible,False,64100,64100,True,8,8,True,8,8,,,,
Psalms,97,1,Psalms 97:1 bible,False,170000,170000,True,9,9,True,9,9,,,,
Psalms,97,2,Psalms 97:2 bible,False,62800,62800,True,8,8,True,8,8,,,,
Psalms,97,3,Psalms 97:3 bible,False,65200,65200,True,8,8,True,8,8,,,,
Psalms,97,4,Psalms 97:4 bible,False,34500,34500,False,0,0,False,0,0,0.0,0.0,0.0,0.0
Psalms,97,5,Psalms 97:5 bible,False,66900,66900,True,8,8,True,8,8,,,,
Psalms,97,6,Psalms 97:6 bible,True,138,0,False,0,0,False,0,0,0.0,0.0,0.0,0.0
Psalms,97,7,Psalms 97:7 bible,False,57800,57800,True,9,9,True,9,9,,,,
Psalms,97,8,Psalms 97:8 bible,False,41600,41600,False,0,0,False,0,0,0.0,0.0,0.0,0.0
Psalms,97,9,Psalms 97:9 bible,False,60500,60500,True,8,8,True,8,8,,,,
Psalms,97,10,Psalms 97:10 bible,True,118,119000,False,0,0,False,0,0,0.0,0.0,0.0,0.0
Psalms,97,11,Psalms 97:11 bible,False,60600,60600,True,8,8,True,8,8,,,,
Psalms,97,12,Psalms 97:12 bible,False,56500,56500,True,8,8,True,8,8,,,,
Psalms,98,1,Psalms 98:1 bible,False,222000,222000,True,8,7,True,8,7,,,,
Psalms,98,2,Psalms 98:2 bible,True,42,94700,False,0,0,False,0,0,0.0,0.0,0.0,0.0
Psalms,98,3,Psalms 98:3 bible,False,61700,61700,False,0,0,False,0,0,0.0,0.0,0.0,0.0
Psalms,98,4,Psalms 98:4 bible,False,103000,103000,True,8,8,True,8,8,,,,
Psalms,98,5,Psalms 98:5 bible,True,43,0,False,0,0,False,0,0,0.0,0.0,0.0,0.0
Psalms,98,6,Psalms 98:6 bible,False,50600,50600,True,8,8,True,8,8,,,,
Psalms,98,7,Psalms 98:7 bible,True,41,46000,False,0,0,False,0,0,0.0,0.0,0.0,0.0
Psalms,98,8,Psalms 98:8 bible,True,39,38200,False,0,0,False,0,0,0.0,0.0,0.0,0.0
Psalms,98,9,Psalms 98:9 bible,False,58500,58500,False,0,0,False,0,0,0.0,0.0,0.0,0.0
Psalms,99,1,Psalms 99:1 bible,False,163000,163000,False,0,0,False,0,0,0.0,0.0,0.0,0.0
Psalms,99,2,Psalms 99:2 bible,False,57900,57900,True,8,8,True,8,8,,,,
Psalms,99,3,Psalms 99:3 bible,False,64400,64400,True,8,8,True,8,8,,,,
Psalms,99,4,Psalms 99:4 bible,True,126,34900,False,0,0,False,0,0,0.0,0.0,0.0,0.0
Psalms,99,5,Psalms 99:5 bible,False,70100,70100,True,8,7,True,8,7,,,,
Psalms,99,6,Psalms 99:6 bible,False,48100,48100,False,0,0,False,0,0,0.0,0.0,0.0,0.0
Psalms,99,7,Psalms 99:7 bible,False,33400,33400,True,8,8,True,8,8,,,,
Psalms,99,8,Psalms 99:8 bible,False,23600,23600,True,8,8,True,8,8,,,,
Psalms,99,9,Psalms 99:9 bible,False,53900,53900,True,8,8,True,8,8,,,,
Psalms,100,1,Psalms 100:1 bible,False,387000,387000,True,8,8,True,8,8,,,,
Psalms,100,2,Psalms 100:2 bible,False,249000,249000,True,8,8,True,8,8,,,,
Psalms,100,3,Psalms 100:3 bible,False,272000,272000,True,8,8,True,8,8,,,,
Psalms,100,4,Psalms 100:4 bible,False,647000,647000,True,9,9,True,9,9,,,,
Psalms,100,5,Psalms 100:5 bible,False,366000,366000,True,7,7,True,7,7,,,,
Psalms,101,1,Psalms 101:1 bible,False,88000,88000,True,8,8,True,8,8,,,,
Psalms,101,2,Psalms 101:2 bible,False,77300,77300,True,9,9,True,9,9,,,,
Psalms,101,3,Psalms 101:3 bible,False,98200,98200,True,8,8,True,8,8,,,,
Psalms,101,4,Psalms 101:4 bible,False,33500,33500,True,9,9,True,9,9,,,,
Psalms,101,5,Psalms 101:5 bible,False,54600,54600,False,0,0,False,0,0,0.0,0.0,0.0,0.0
Psalms,101,6,Psalms 101:6 bible,False,56900,56900,True,8,8,True,8,8,,,,
Psalms,101,7,Psalms 101:7 bible,True,44,57000,False,0,0,False,0,0,0.0,0.0,0.0,0.0
Psalms,101,8,Psalms 101:8 bible,False,37100,37100,True,8,8,True,8,8,,,,
Psalms,102,1,Psalms 102:1 bible,False,124000,124000,True,8,8,True,8,8,,,,
Psalms,102,2,Psalms 102:2 bible,False,50300,50300,True,8,8,True,8,8,,,,
Psalms,102,3,Psalms 102:3 bible,False,57900,57900,True,9,9,True,9,9,,,,
Psalms,102,4,Psalms 102:4 bible,False,28900,28900,True,9,9,True,9,9,,,,
Psalms,102,5,Psalms 102:5 bible,False,24300,24300,True,8,8,True,8,8,,,,
Psalms,102,6,Psalms 102:6 bible,False,25300,25300,True,8,8,True,8,8,,,,
Psalms,102,7,Psalms 102:7 bible,True,40,16600,False,0,0,False,0,0,0.0,0.0,0.0,0.0
Psalms,102,8,Psalms 102:8 bible,False,25500,25500,False,0,0,False,0,0,0.0,0.0,0.0,0.0
Psalms,102,9,Psalms 102:9 bible,False,17200,17200,False,0,0,False,0,0,0.0,0.0,0.0,0.0
Psalms,102,10,Psalms 102:10 bible,False,16000,16000,False,0,0,False,0,0,0.0,0.0,0.0,0.0
Psalms,102,11,Psalms 102:11 bible,False,37200,37200,True,8,8,True,8,8,,,,
Psalms,102,12,Psalms 102:12 bible,True,39,0,False,0,0,False,0,0,0.0,0.0,0.0,0.0
Psalms,102,13,Psalms 102:13 bible,False,383000,383000,True,8,8,True,8,8,,,,
Psalms,102,14,Psalms 102:14 bible,False,23900,23900,True,9,9,True,9,9,,,,
Psalms,102,15,Psalms 102:15 bible,False,39300,39300,True,8,8,True,8,8,,,,
Psalms,102,16,Psalms 102:16 bible,True,196,47000,False,0,0,False,0,0,0.0,0.0,0.0,0.0
Psalms,102,17,Psalms 102:17 bible,False,61100,61100,True,8,8,True,8,8,,,,
Psalms,102,18,Psalms 102:18 bible,False,68600,68600,True,8,8,True,8,8,,,,
Psalms,102,19,Psalms 102:19 bible,False,38900,38900,True,8,8,True,8,8,,,,
Psalms,102,20,Psalms 102:20 bible,False,50100,50100,False,0,0,False,0,0,0.0,0.0,0.0,0.0
Psalms,102,21,Psalms 102:21 bible,False,22800,22800,False,0,0,False,0,0,0.0,0.0,0.0,0.0
Psalms,102,22,Psalms 102:22 bible,False,15500,15500,True,8,8,True,8,8,,,,
Psalms,102,23,Psalms 102:23 bible,False,21400,21400,False,0,0,False,0,0,0.0,0.0,0.0,0.0
Psalms,102,24,Psalms 102:24 bible,True,40,0,False,0,0,False,0,0,0.0,0.0,0.0,0.0
Psalms,102,25,Psalms 102:25 bible,False,143000,143000,True,8,8,True,8,8,,,,
Psalms,102,26,Psalms 102:26 bible,True,41,0,False,0,0,False,0,0,0.0,0.0,0.0,0.0
Psalms,102,27,Psalms 102:27 bible,False,59200,59200,True,8,8,True,8,8,,,,
Psalms,102,28,Psalms 102:28 bible,False,32200,32200,True,8,8,True,8,8,,,,
Psalms,103,1,Psalms 103:1 bible,False,425000,425000,True,8,8,True,8,8,,,,
Psalms,103,2,Psalms 103:2 bible,False,389000,389000,True,7,7,True,7,7,,,,
Psalms,103,3,Psalms 103:3 bible,False,264000,264000,True,7,7,True,7,7,,,,
Psalms,103,4,Psalms 103:4 bible,False,142000,142000,True,9,9,True,9,9,,,,
Psalms,103,5,Psalms 103:5 bible,False,148000,148000,True,8,8,True,8,8,,,,
Psalms,103,6,Psalms 103:6 bible,False,72000,72000,True,8,8,True,8,8,,,,
Psalms,103,7,Psalms 103:7 bible,False,72900,72900,True,8,8,True,8,8,,,,
Psalms,103,8,Psalms 103:8 bible,False,339000,339000,True,8,8,True,8,8,,,,
Psalms,103,9,Psalms 103:9 bible,False,39000,39000,False,0,0,False,0,0,0.0,0.0,0.0,0.0
Psalms,103,10,Psalms 103:10 bible,True,140,138000,False,0,0,False,0,0,0.0,0.0,0.0,0.0
Psalms,103,11,Psalms 103:11 bible,False,168000,168000,True,8,8,True,8,8,,,,
Psalms,103,12,Psalms 103:12 bible,True,43,0,False,0,0,False,0,0,0.0,0.0,0.0,0.0
Psalms,103,13,Psalms 103:13 bible,False,301000,301000,True,7,7,True,7,7,,,,
Psalms,103,14,Psalms 103:14 bible,False,102000,102000,True,8,8,True,8,8,,,,
Psalms,103,15,Psalms 103:15 bible,True,37,95500,False,0,0,False,0,0,0.0,0.0,0.0,0.0
Psalms,103,16,Psalms 103:16 bible,False,20000,20000,True,9,9,True,9,9,,,,
Psalms,103,17,Psalms 103:17 bible,False,171000,171000,True,9,9,True,9,9,,,,
Psalms,103,18,Psalms 103:18 bible,False,25900,25900,False,0,0,False,0,0,0.0,0.0,0.0,0.0
Psalms,103,19,Psalms 103:19 bible,False,178000,178000,True,8,8,True,8,8,,,,
Psalms,103,20,Psalms 103:20 bible,False,187000,187000,True,8,8,True,8,8,,,,
Psalms,103,21,Psalms 103:21 bible,False,39700,39700,False,0,0,False,0,0,0.0,0.0,0.0,0.0
Psalms,103,22,Psalms 103:22 bible,False,70000,70000,False,0,0,False,0,0,0.0,0.0,0.0,0.0
Psalms,104,1,Psalms 104:1 bible,False,176000,176000,True,8,8,True,8,8,,,,
Psalms,104,2,Psalms 104:2 bible,False,58300,58300,False,0,0,False,0,0,0.0,0.0,0.0,0.0
Psalms,104,3,Psalms 104:3 bible,False,70400,70400,True,9,9,True,9,9,,,,
Psalms,104,4,Psalms 104:4 bible,False,94900,94900,True,8,8,True,8,8,,,,
Psalms,104,5,Psalms 104:5 bible,False,87800,87800,True,8,8,True,8,8,,,,
Psalms,104,6,Psalms 104:6 bible,False,41900,41900,True,9,9,True,9,9,,,,
Psalms,104,7,Psalms 104:7 bible,False,33000,33000,True,8,8,True,8,8,,,,
Psalms,104,8,Psalms 104:8 bible,False,16700,16700,True,8,8,True,8,8,,,,
Psalms,104,9,Psalms 104:9 bible,True,38,0,False,0,0,False,0,0,0.0,0.0,0.0,0.0
Psalms,104,10,Psalms 104:10 bible,False,31200,31200,True,9,8,True,9,8,,,,
Psalms,104,11,Psalms 104:11 bible,False,10900,10900,True,8,8,True,8,8,,,,
Psalms,104,12,Psalms 104:12 bible,False,16500,16500,True,9,9,True,9,9,,,,
Psalms,104,13,Psalms 104:13 bible,False,55300,55300,True,8,8,True,8,8,,,,
Psalms,104,14,Psalms 104:14 bible,False,55600,55600,True,8,8,True,8,8,,,,
Psalms,104,15,Psalms 104:15 bible,False,40300,40300,True,8,8,True,8,8,,,,
Psalms,104,16,Psalms 104:16 bible,False,28200,28200,True,8,8,True,8,8,,,,
Psalms,104,17,Psalms 104:17 bible,True,140,11200,False,0,0,False,0,0,0.0,0.0,0.0,0.0
Psalms,104,18,Psalms 104:18 bible,True,139,0,False,0,0,False,0,0,0.0,0.0,0.0,0.0
Psalms,104,19,Psalms 104:19 bible,False,44800,44800,True,8,8,True,8,8,,,,
Psalms,104,20,Psalms 104:20 bible,False,38400,38400,True,9,9,True,9,9,,,,
Psalms,104,21,Psalms 104:21 bible,False,31200,31200,True,9,9,True,9,9,,,,
Psalms,104,22,Psalms 104:22 bible,False,23200,23200,False,0,0,False,0,0,0.0,0.0,0.0,0.0
Psalms,104,23,Psalms 104:23 bible,False,20700,20700,True,8,8,True,8,8,,,,
Psalms,104,24,Psalms 104:24 bible,True,44,116000,False,0,0,False,0,0,0.0,0.0,0.0,0.0
Psalms,104,25,Psalms 104:25 bible,False,34000,34000,False,0,0,False,0,0,0.0,0.0,0.0,0.0
Psalms,104,26,Psalms 104:26 bible,False,26100,26100,False,0,0,False,0,0,0.0,0.0,0.0,0.0
Psalms,104,27,Psalms 104:27 bible,False,44700,44700,True,9,9,True,9,9,,,,
Psalms,104,28,Psalms 104:28 bible,True,194,27300,False,0,0,False,0,0,0.0,0.0,0.0,0.0
Psalms,104,29,Psalms 104:29 bible,False,51600,51600,True,9,9,True,9,9,,,,
Psalms,104,30,Psalms 104:30 bible,False,97800,97800,True,8,8,True,8,8,,,,
Psalms,104,31,Psalms 104:31 bible,False,35000,35000,True,8,8,True,8,8,,,,
Psalms,104,32,Psalms 104:32 bible,True,199,17000,False,0,0,False,0,0,0.0,0.0,0.0,0.0
Psalms,104,33,Psalms 104:33 bible,False,104000,104000,True,8,8,True,8,8,,,,
Psalms,104,34,Psalms 104:34 bible,False,55200,55200,True,8,8,True,8,8,,,,
Psalms,104,35,Psalms 104:35 bible,False,49900,49900,True,8,8,True,8,8,,,,
Psalms,105,1,Psalms 105:1 bible,False,292000,292000,True,8,8,True,8,8,,,,
Psalms,105,2,Psalms 105:2 bible,False,97600,97600,True,8,8,True,8,8,,,,
Psalms,105,3,Psalms 105:3 bible,True,45,0,False,0,0,False,0,0,0.0,0.0,0.0,0.0
Psalms,105,4,Psalms 105:4 bible,False,138000,138000,False,0,0,False,0,0,0.0,0.0,0.0,0.0
Psalms,105,5,Psalms 105:5 bible,False,48000,48000,False,0,0,False,0,0,0.0,0.0,0.0,0.0
Psalms,105,6,Psalms 105:6 bible,False,42500,42500,True,9,9,True,9,9,,,,
Psalms,105,7,Psalms 105:7 bible,False,34000,34000,True,9,9,True,9,9,,,,
Psalms,105,8,Psalms 105:8 bible,False,72600,72600,True,8,8,True,8,8,,,,
Psalms,105,9,Psalms 105:9 bible,False,32300,32300,True,9,9,True,9,9,,,,
Psalms,105,10,Psalms 105:10 bible,True,35,25300,False,0,0,False,0,0,0.0,0.0,0.0,0.0
Psalms,105,11,Psalms 105:11 bible,False,20300,20300,True,8,8,True,8,8,,,,
Psalms,105,12,Psalms 105:12 bible,False,31500,31500,True,8,8,True,8,8,,,,
Psalms,105,13,Psalms 105:13 bible,False,46700,46700,True,9,9,True,9,9,,,,
Psalms,105,14,Psalms 105:14 bible,False,66400,66400,True,8,8,True,8,8,,,,
Psalms,105,15,Psalms 105:15 bible,False,152000,152000,False,0,0,False,0,0,0.0,0.0,0.0,0.0
Psalms,105,16,Psalms 105:16 bible,True,39,48200,False,0,0,False,0,0,0.0,0.0,0.0,0.0
Psalms,105,17,Psalms 105:17 bible,False,61600,61600,True,8,8,True,8,8,,,,
Psalms,105,18,Psalms 105:18 bible,False,21400,21400,True,9,9,True,9,9,,,,
Psalms,105,19,Psalms 105:19 bible,False,52700,52700,True,8,8,True,8,8,,,,
Psalms,105,20,Psalms 105:20 bible,False,21300,21300,True,8,8,True,8,8,,,,
Psalms,105,21,Psalms 105:21 bible,False,14100,14100,True,9,9,True,9,9,,,,
Psalms,105,22,Psalms 105:22 bible,False,13900,13900,False,0,0,False,0,0,0.0,0.0,0.0,0.0
Psalms,105,23,Psalms 105:23 bible,False,25100,25100,True,8,8,True,8,8,,,,
Psalms,105,24,Psalms 105:24 bible,True,36,28300,False,0,0,False,0,0,0.0,0.0,0.0,0.0
Psalms,105,25,Psalms 105:25 bible,False,22200,22200,False,0,0,False,0,0,0.0,0.0,0.0,0.0
Psalms,105,26,Psalms 105:26 bible,False,20500,20500,True,9,9,True,9,9,,,,
Psalms,105,27,Psalms 105:27 bible,False,34800,34800,True,9,9,True,9,9,,,,
Psalms,105,28,Psalms 105:28 bible,False,13600,13600,True,9,9,True,9,9,,,,
Psalms,105,29,Psalms 105:29 bible,False,25700,25700,True,9,9,True,9,9,,,,
Psalms,105,30,Psalms 105:30 bible,False,11700,11700,True,9,9,True,9,9,,,,
Psalms,105,31,Psalms 105:31 bible,False,14500,14500,True,9,9,True,9,9,,,,
Psalms,105,32,Psalms 105:32 bible,False,14600,14600,True,9,9,True,9,9,,,,
Psalms,105,33,Psalms 105:33 bible,False,18400,18400,True,9,9,True,9,9,,,,
Psalms,105,34,Psalms 105:34 bible,True,187,11200,False,0,0,False,0,0,0.0,0.0,0.0,0.0
Psalms,105,35,Psalms 105:35 bible,False,10900,10900,True,8,8,True,8,8,,,,
Psalms,105,36,Psalms 105:36 bible,False,13000,13000,True,9,9,True,9,9,,,,
Psalms,105,37,Psalms 105:37 bible,False,69800,69800,True,8,8,True,8,8,,,,
Psalms,105,38,Psalms 105:38 bible,False,11500,11500,False,0,0,False,0,0,0.0,0.0,0.0,0.0
Psalms,105,39,Psalms 105:39 bible,False,25800,25800,False,0,0,False,0,0,0.0,0.0,0.0,0.0
Psalms,105,40,Psalms 105:40 bible,False,23300,23300,True,8,8,True,8,8,,,,
Psalms,105,41,Psalms 105:41 bible,False,26100,26100,False,0,0,False,0,0,0.0,0.0,0.0,0.0
Psalms,105,42,Psalms 105:42 bible,False,29400,29400,True,9,9,True,9,9,,,,
Psalms,105,43,Psalms 105:43 bible,True,40,40000,False,0,0,False,0,0,0.0,0.0,0.0,0.0
Psalms,105,44,Psalms 105:44 bible,False,14200,14200,True,9,9,True,9,9,,,,
Psalms,105,45,Psalms 105:45 bible,False,22200,22200,False,0,0,False,0,0,0.0,0.0,0.0,0.0
Psalms,106,1,Psalms 106:1 bible,False,304000,304000,True,8,8,True,8,8,,,,
Psalms,106,2,Psalms 106:2 bible,False,46200,46200,True,9,9,True,9,9,,,,
Psalms,106,3,Psalms 106:3 bible,False,104000,104000,True,8,8,True,8,8,,,,
Psalms,106,4,Psalms 106:4 bible,False,118000,118000,True,8,8,True,8,8,,,,
Psalms,106,5,Psalms 106:5 bible,False,28400,28400,True,8,8,True,8,8,,,,
Psalms,106,6,Psalms 106:6 bible,False,39100,39100,False,0,0,False,0,0,0.0,0.0,0.0,0.0
Psalms,106,7,Psalms 106:7 bible,False,43900,43900,True,10,9,True,10,9,,,,
Psalms,106,8,Psalms 106:8 bible,False,48400,48400,True,9,9,True,9,9,,,,
Psalms,106,9,Psalms 106:9 bible,False,33300,33300,True,9,9,True,9,9,,,,
Psalms,106,10,Psalms 106:10 bible,False,22900,22900,False,0,0,False,0,0,0.0,0.0,0.0,0.0
Psalms,106,11,Psalms 106:11 bible,False,11800,11800,True,8,8,True,8,8,,,,
Psalms,106,12,Psalms 106:12 bible,False,25800,25800,True,7,7,True,7,7,,,,
Psalms,106,13,Psalms 106:13 bible,False,30400,30400,False,0,0,False,0,0,0.0,0.0,0.0,0.0
Psalms,106,14,Psalms 106:14 bible,False,24000,24000,True,9,9,True,9,9,,,,
Psalms,106,15,Psalms 106:15 bible,False,21000,21000,False,0,0,False,0,0,0.0,0.0,0.0,0.0
Psalms,106,16,Psalms 106:16 bible,False,21700,21700,True,9,9,True,9,9,,,,
Psalms,106,17,Psalms 106:17 bible,False,10500,10500,True,9,9,True,9,9,,,,
Psalms,106,18,Psalms 106:18 bible,False,43000,43000,False,0,0,False,0,0,0.0,0.0,0.0,0.0
Psalms,106,19,Psalms 106:19 bible,False,30700,30700,True,8,8,True,8,8,,,,
Psalms,106,20,Psalms 106:20 bible,False,41200,41200,True,8,8,True,8,8,,,,
Psalms,106,21,Psalms 106:21 bible,True,40,26800,False,0,0,False,0,0,0.0,0.0,0.0,0.0
Psalms,106,22,Psalms 106:22 bible,False,24600,24600,True,9,9,True,9,9,,,,
Psalms,106,23,Psalms 106:23 bible,False,25800,25800,False,0,0,False,0,0,0.0,0.0,0.0,0.0
Psalms,106,24,Psalms 106:24 bible,False,25900,25900,True,8,8,True,8,8,,,,
Psalms,106,25,Psalms 106:25 bible,False,36800,36800,True,8,8,True,8,8,,,,
Psalms,106,26,Psalms 106:26 bible,False,14800,14800,True,8,8,True,8,8,,,,
Psalms,106,27,Psalms 106:27 bible,False,30200,30200,True,8,8,True,8,8,,,,
Psalms,106,28,Psalms 106:28 bible,False,19000,19000,True,9,9,True,9,9,,,,
Psalms,106,29,Psalms 106:29 bible,False,10600,10600,False,0,0,False,0,0,0.0,0.0,0.0,0.0
Psalms,106,30,Psalms 106:30 bible,True,40,0,False,0,0,False,0,0,0.0,0.0,0.0,0.0
Psalms,106,31,Psalms 106:31 bible,True,40,0,False,0,0,False,0,0,0.0,0.0,0.0,0.0
Psalms,106,32,Psalms 106:32 bible,False,30600,30600,False,0,0,False,0,0,0.0,0.0,0.0,0.0
Psalms,106,33,Psalms 106:33 bible,True,43,0,False,0,0,False,0,0,0.0,0.0,0.0,0.0
Psalms,106,34,Psalms 106:34 bible,False,21600,21600,True,8,8,True,8,8,,,,
Psalms,106,35,Psalms 106:35 bible,False,20600,20600,True,9,9,True,9,9,,,,
Psalms,106,36,Psalms 106:36 bible,False,20000,20000,True,9,9,True,9,9,,,,
Psalms,106,37,Psalms 106:37 bible,False,41700,41700,True,9,9,True,9,9,,,,
Psalms,106,38,Psalms 106:38 bible,False,20700,20700,True,9,9,True,9,9,,,,
Psalms,106,39,Psalms 106:39 bible,False,15200,15200,False,0,0,False,0,0,0.0,0.0,0.0,0.0
Psalms,106,40,Psalms 106:40 bible,False,38600,38600,True,8,8,True,8,8,,,,
Psalms,106,41,Psalms 106:41 bible,False,23800,23800,True,9,9,True,9,9,,,,
Psalms,106,42,Psalms 106:42 bible,False,22800,22800,True,9,9,True,9,9,,,,
Psalms,106,43,Psalms 106:43 bible,False,18800,18800,True,9,9,True,9,9,,,,
Psalms,106,44,Psalms 106:44 bible,False,13900,13900,True,9,9,True,9,9,,,,
Psalms,106,45,Psalms 106:45 bible,False,41700,41700,True,9,9,True,9,9,,,,
Psalms,106,46,Psalms 106:46 bible,True,39,11100,False,0,0,False,0,0,0.0,0.0,0.0,0.0
Psalms,106,47,Psalms 106:47 bible,False,44900,44900,True,9,9,True,9,9,,,,
Psalms,106,48,Psalms 106:48 bible,False,57900,57900,True,9,9,True,9,9,,,,
Psalms,107,1,Psalms 107:1 bible,False,389000,389000,True,9,9,True,9,9,,,,
Psalms,107,2,Psalms 107:2 bible,False,132000,132000,True,7,7,True,7,7,,,,
Psalms,107,3,Psalms 107:3 bible,False,31400,31400,True,8,8,True,8,8,,,,
Psalms,107,4,Psalms 107:4 bible,False,26200,26200,True,9,9,True,9,9,,,,
Psalms,107,5,Psalms 107:5 bible,False,16700,16700,True,9,9,True,9,9,,,,
Psalms,107,6,Psalms 107:6 bible,False,79300,79300,True,9,9,True,9,9,,,,
Psalms,107,7,Psalms 107:7 bible,False,23900,23900,False,0,0,False,0,0,0.0,0.0,0.0,0.0
Psalms,107,8,Psalms 107:8 bible,True,39,0,False,0,0,False,0,0,0.0,0.0,0.0,0.0
Psalms,107,9,Psalms 107:9 bible,False,116000,116000,True,9,9,True,9,9,,,,
Psalms,107,10,Psalms 107:10 bible,False,70000,70000,True,9,9,True,9,9,,,,
Psalms,107,11,Psalms 107:11 bible,False,26600,26600,True,9,9,True,9,9,,,,
Psalms,107,12,Psalms 107:12 bible,False,11800,11800,True,9,9,True,9,9,,,,
Psalms,107,13,Psalms 107:13 bible,False,77800,77800,True,8,8,True,8,8,,,,
Psalms,107,14,Psalms 107:14 bible,False,54800,54800,True,8,8,True,8,8,,,,
Psalms,107,15,Psalms 107:15 bible,True,36,38800,False,0,0,False,0,0,0.0,0.0,0.0,0.0
Psalms,107,16,Psalms 107:16 bible,False,33600,33600,False,0,0,False,0,0,0.0,0.0,0.0,0.0
Psalms,107,17,Psalms 107:17 bible,False,68000,68000,True,9,9,True,9,9,,,,
Psalms,107,18,Psalms 107:18 bible,False,23600,23600,False,0,0,False,0,0,0.0,0.0,0.0,0.0
Psalms,107,19,Psalms 107:19 bible,False,95400,95400,False,0,0,False,0,0,0.0,0.0,0.0,0.0
Psalms,107,20,Psalms 107:20 bible,False,387000,387000,True,8,8,True,8,8,,,,
Psalms,107,21,Psalms 107:21 bible,False,59100,59100,True,8,8,True,8,8,,,,
Psalms,107,22,Psalms 107:22 bible,False,49200,49200,True,9,9,True,9,9,,,,
Psalms,107,23,Psalms 107:23 bible,True,39,0,False,0,0,False,0,0,0.0,0.0,0.0,0.0
Psalms,107,24,Psalms 107:24 bible,True,34,14200,False,0,0,False,0,0,0.0,0.0,0.0,0.0
Psalms,107,25,Psalms 107:25 bible,True,87,35600,False,0,0,False,0,0,0.0,0.0,0.0,0.0
Psalms,107,26,Psalms 107:26 bible,False,15500,15500,True,8,8,True,8,8,,,,
Psalms,107,27,Psalms 107:27 bible,False,15800,15800,True,9,9,True,9,9,,,,
Psalms,107,28,Psalms 107:28 bible,False,90500,90500,True,9,9,True,9,9,,,,
Psalms,107,29,Psalms 107:29 bible,False,95200,95200,True,8,8,True,8,8,,,,
Psalms,107,30,Psalms 107:30 bible,True,27,0,False,0,0,False,0,0,0.0,0.0,0.0,0.0
Psalms,107,31,Psalms 107:31 bible,False,33800,33800,True,8,8,True,8,8,,,,
Psalms,107,32,Psalms 107:32 bible,False,21200,21200,True,9,9,True,9,9,,,,
Psalms,107,33,Psalms 107:33 bible,False,25600,25600,True,8,8,True,8,8,,,,
Psalms,107,34,Psalms 107:34 bible,False,17200,17200,True,9,9,True,9,9,,,,
Psalms,107,35,Psalms 107:35 bible,True,40,0,False,0,0,False,0,0,0.0,0.0,0.0,0.0
Psalms,107,36,Psalms 107:36 bible,True,39,0,False,0,0,False,0,0,0.0,0.0,0.0,0.0
Psalms,107,37,Psalms 107:37 bible,False,19400,19400,True,9,9,True,9,9,,,,
Psalms,107,38,Psalms 107:38 bible,False,14600,14600,True,9,9,True,9,9,,,,
Psalms,107,39,Psalms 107:39 bible,False,28600,28600,False,0,0,False,0,0,0.0,0.0,0.0,0.0
Psalms,107,40,Psalms 107:40 bible,False,15800,15800,True,9,9,True,9,9,,,,
Psalms,107,41,Psalms 107:41 bible,False,24100,24100,False,0,0,False,0,0,0.0,0.0,0.0,0.0
Psalms,107,42,Psalms 107:42 bible,False,15500,15500,True,10,9,True,10,9,,,,
Psalms,107,43,Psalms 107:43 bible,False,34200,34200,True,8,8,True,8,8,,,,
Psalms,108,1,Psalms 108:1 bible,False,110000,110000,False,0,0,False,0,0,0.0,0.0,0.0,0.0
Psalms,108,2,Psalms 108:2 bible,False,46500,46500,True,8,8,True,8,8,,,,
Psalms,108,3,Psalms 108:3 bible,False,55500,55500,True,8,8,True,8,8,,,,
Psalms,108,4,Psalms 108:4 bible,False,58600,58600,False,0,0,False,0,0,0.0,0.0,0.0,0.0
Psalms,108,5,Psalms 108:5 bible,False,44000,44000,True,9,9,True,9,9,,,,
Psalms,108,6,Psalms 108:6 bible,False,34900,34900,True,8,8,True,8,8,,,,
Psalms,108,7,Psalms 108:7 bible,False,18200,18200,True,8,8,True,8,8,,,,
Psalms,108,8,Psalms 108:8 bible,True,46,16100,False,0,0,False,0,0,0.0,0.0,0.0,0.0
Psalms,108,9,Psalms 108:9 bible,False,26900,26900,True,8,8,True,8,8,,,,
Psalms,108,10,Psalms 108:10 bible,False,19500,19500,True,8,8,True,8,8,,,,
Psalms,108,11,Psalms 108:11 bible,False,22500,22500,True,8,8,True,8,8,,,,
Psalms,108,12,Psalms 108:12 bible,False,52400,52400,True,8,8,True,8,8,,,,
Psalms,108,13,Psalms 108:13 bible,False,56600,56600,True,8,8,True,8,8,,,,
Psalms,109,1,Psalms 109:1 bible,False,93800,93800,True,8,8,True,8,8,,,,
Psalms,109,2,Psalms 109:2 bible,False,45300,45300,True,8,8,True,8,8,,,,
Psalms,109,3,Psalms 109:3 bible,False,42200,42200,True,8,8,True,8,8,,,,
Psalms,109,4,Psalms 109:4 bible,False,48100,48100,True,8,8,True,8,8,,,,
Psalms,109,5,Psalms 109:5 bible,False,21000,21000,True,8,8,True,8,8,,,,
Psalms,109,6,Psalms 109:6 bible,False,37400,37400,True,8,8,True,8,8,,,,
Psalms,109,7,Psalms 109:7 bible,False,21500,21500,False,0,0,False,0,0,0.0,0.0,0.0,0.0
Psalms,109,8,Psalms 109:8 bible,False,44500,44500,True,8,8,True,8,8,,,,
Psalms,109,9,Psalms 109:9 bible,False,11700,11700,True,9,8,True,9,8,,,,
Psalms,109,10,Psalms 109:10 bible,False,36900,36900,True,8,8,True,8,8,,,,
Psalms,109,11,Psalms 109:11 bible,False,19200,19200,True,8,8,True,8,8,,,,
Psalms,109,12,Psalms 109:12 bible,False,31900,31900,True,8,8,True,8,8,,,,
Psalms,109,13,Psalms 109:13 bible,False,18600,18600,True,8,8,True,8,8,,,,
Psalms,109,14,Psalms 109:14 bible,False,15400,15400,True,9,9,True,9,9,,,,
Psalms,109,15,Psalms 109:15 bible,False,14800,14800,True,7,7,True,7,7,,,,
Psalms,109,16,Psalms 109:16 bible,False,22500,22500,True,9,9,True,9,9,,,,
Psalms,109,17,Psalms 109:17 bible,False,38400,38400,True,8,8,True,8,8,,,,
Psalms,109,18,Psalms 109:18 bible,False,17000,17000,True,9,9,True,9,9,,,,
Psalms,109,19,Psalms 109:19 bible,False,10200,10200,True,8,8,True,8,8,,,,
Psalms,109,20,Psalms 109:20 bible,False,29900,29900,True,8,8,True,8,8,,,,
Psalms,109,21,Psalms 109:21 bible,False,40600,40600,True,8,8,True,8,8,,,,
Psalms,109,22,Psalms 109:22 bible,False,22700,22700,True,9,9,True,9,9,,,,
Psalms,109,23,Psalms 109:23 bible,False,12400,12400,True,8,8,True,8,8,,,,
Psalms,109,24,Psalms 109:24 bible,False,20600,20600,True,9,9,True,9,9,,,,
Psalms,109,25,Psalms 109:25 bible,False,26100,26100,True,8,8,True,8,8,,,,
Psalms,109,26,Psalms 109:26 bible,False,43800,43800,True,8,8,True,8,8,,,,
Psalms,109,27,Psalms 109:27 bible,True,39,14800,False,0,0,False,0,0,0.0,0.0,0.0,0.0
Psalms,109,28,Psalms 109:28 bible,False,35500,35500,True,9,9,True,9,9,,,,
Psalms,109,29,Psalms 109:29 bible,False,32200,32200,True,9,9,True,9,9,,,,
Psalms,109,30,Psalms 109:30 bible,False,42200,42200,True,8,8,True,8,8,,,,
Psalms,109,31,Psalms 109:31 bible,False,24300,24300,False,0,0,False,0,0,0.0,0.0,0.0,0.0
Psalms,110,1,Psalms 110:1 bible,False,384000,384000,True,9,9,True,9,9,,,,
Psalms,110,2,Psalms 110:2 bible,False,67900,67900,True,9,8,True,9,8,,,,
Psalms,110,3,Psalms 110:3 bible,False,126000,126000,True,8,8,True,8,8,,,,
Psalms,110,4,Psalms 110:4 bible,False,107000,107000,True,8,8,True,8,8,,,,
Psalms,110,5,Psalms 110:5 bible,False,41500,41500,True,8,8,True,8,8,,,,
Psalms,110,6,Psalms 110:6 bible,True,139,0,False,0,0,False,0,0,0.0,0.0,0.0,0.0
Psalms,110,7,Psalms 110:7 bible,True,43,13900,False,0,0,False,0,0,0.0,0.0,0.0,0.0
Psalms,111,1,Psalms 111:1 bible,False,152000,152000,False,0,0,False,0,0,0.0,0.0,0.0,0.0
Psalms,111,2,Psalms 111:2 bible,False,59400,59400,True,8,8,True,8,8,,,,
Psalms,111,3,Psalms 111:3 bible,False,45700,45700,True,8,8,True,8,8,,,,
Psalms,111,4,Psalms 111:4 bible,False,68000,68000,True,8,8,True,8,8,,,,
Psalms,111,5,Psalms 111:5 bible,False,41800,41800,True,8,8,True,8,8,,,,
Psalms,111,6,Psalms 111:6 bible,False,26600,26600,True,7,7,True,7,7,,,,
Psalms,111,7,Psalms 111:7 bible,False,111000,111000,True,8,8,True,8,8,,,,
Psalms,111,8,Psalms 111:8 bible,False,34100,34100,True,8,8,True,8,8,,,,
Psalms,111,9,Psalms 111:9 bible,False,68000,68000,True,8,8,True,8,8,,,,
Psalms,111,10,Psalms 111:10 bible,False,249000,249000,True,7,7,True,7,7,,,,
Psalms,112,1,Psalms 112:1 bible,False,384000,384000,True,9,8,True,9,8,,,,
Psalms,112,2,Psalms 112:2 bible,False,99900,99900,True,8,8,True,8,8,,,,
Psalms,112,3,Psalms 112:3 bible,False,124000,124000,True,8,8,True,8,8,,,,
Psalms,112,4,Psalms 112:4 bible,False,95200,95200,True,8,8,True,8,8,,,,
Psalms,112,5,Psalms 112:5 bible,False,67600,67600,True,8,8,True,8,8,,,,
Psalms,112,6,Psalms 112:6 bible,False,60700,60700,True,7,7,True,7,7,,,,
Psalms,112,7,Psalms 112:7 bible,True,44,168000,False,0,0,False,0,0,0.0,0.0,0.0,0.0
Psalms,112,8,Psalms 112:8 bible,False,20300,20300,True,9,9,True,9,9,,,,
Psalms,112,9,Psalms 112:9 bible,False,40700,40700,True,8,8,True,8,8,,,,
Psalms,112,10,Psalms 112:10 bible,False,34200,34200,True,9,9,True,9,9,,,,
Psalms,113,1,Psalms 113:1 bible,False,159000,159000,True,7,7,True,7,7,,,,
Psalms,113,2,Psalms 113:2 bible,True,141,65100,False,0,0,False,0,0,0.0,0.0,0.0,0.0
Psalms,113,3,Psalms 113:3 bible,False,176000,176000,True,7,7,True,7,7,,,,
Psalms,113,4,Psalms 113:4 bible,False,68900,68900,False,0,0,False,0,0,0.0,0.0,0.0,0.0
Psalms,113,5,Psalms 113:5 bible,False,58300,58300,False,0,0,False,0,0,0.0,0.0,0.0,0.0
Psalms,113,6,Psalms 113:6 bible,False,21000,21000,False,0,0,False,0,0,0.0,0.0,0.0,0.0
Psalms,113,7,Psalms 113:7 bible,False,81700,81700,True,8,8,True,8,8,,,,
Psalms,113,8,Psalms 113:8 bible,False,17100,17100,True,8,8,True,8,8,,,,
Psalms,113,9,Psalms 113:9 bible,False,77500,77500,False,0,0,False,0,0,0.0,0.0,0.0,0.0
Psalms,114,1,Psalms 114:1 bible,False,96500,96500,True,8,8,True,8,8,,,,
Psalms,114,2,Psalms 114:2 bible,False,22800,22800,False,0,0,False,0,0,0.0,0.0,0.0,0.0
Psalms,114,3,Psalms 114:3 bible,False,37800,37800,True,9,9,True,9,9,,,,
Psalms,114,4,Psalms 114:4 bible,False,25100,25100,True,9,9,True,9,9,,,,
Psalms,114,5,Psalms 114:5 bible,False,21300,21300,True,8,8,True,8,8,,,,
Psalms,114,6,Psalms 114:6 bible,True,42,10600,False,0,0,False,0,0,0.0,0.0,0.0,0.0
Psalms,114,7,Psalms 114:7 bible,False,50100,50100,True,8,8,True,8,8,,,,
Psalms,114,8,Psalms 114:8 bible,False,18800,18800,True,8,8,True,8,8,,,,
Psalms,115,1,Psalms 115:1 bible,False,179000,179000,True,8,8,True,8,8,,,,
Psalms,115,2,Psalms 115:2 bible,False,140000,140000,True,9,9,True,9,9,,,,
Psalms,115,3,Psalms 115:3 bible,False,134000,134000,True,8,8,True,8,8,,,,
Psalms,115,4,Psalms 115:4 bible,False,60600,60600,False,0,0,False,0,0,0.0,0.0,0.0,0.0
Psalms,115,5,Psalms 115:5 bible,False,20200,20200,True,8,8,True,8,8,,,,
Psalms,115,6,Psalms 115:6 bible,True,139,0,False,0,0,False,0,0,0.0,0.0,0.0,0.0
Psalms,115,7,Psalms 115:7 bible,False,14700,14700,True,8,8,True,8,8,,,,
Psalms,115,8,Psalms 115:8 bible,False,25200,25200,True,8,8,True,8,8,,,,
Psalms,115,9,Psalms 115:9 bible,False,39400,39400,True,9,8,True,9,8,,,,
Psalms,115,10,Psalms 115:10 bible,False,20600,20600,True,8,8,True,8,8,,,,
Psalms,115,11,Psalms 115:11 bible,False,64900,64900,True,9,9,True,9,9,,,,
Psalms,115,12,Psalms 115:12 bible,True,45,57700,False,0,0,False,0,0,0.0,0.0,0.0,0.0
Psalms,115,13,Psalms 115:13 bible,False,45300,45300,True,8,8,True,8,8,,,,
Psalms,115,14,Psalms 115:14 bible,False,134000,134000,True,8,8,True,8,8,,,,
Psalms,115,15,Psalms 115:15 bible,False,43700,43700,True,7,7,True,7,7,,,,
Psalms,115,16,Psalms 115:16 bible,False,121000,121000,True,7,7,True,7,7,,,,
Psalms,115,17,Psalms 115:17 bible,False,102000,102000,False,0,0,False,0,0,0.0,0.0,0.0,0.0
Psalms,115,18,Psalms 115:18 bible,False,41900,41900,True,8,8,True,8,8,,,,
Psalms,116,1,Psalms 116:1 bible,False,255000,255000,True,9,9,True,9,9,,,,
Psalms,116,2,Psalms 116:2 bible,False,74400,74400,True,8,8,True,8,8,,,,
Psalms,116,3,Psalms 116:3 bible,False,62600,62600,True,8,8,True,8,8,,,,
Psalms,116,4,Psalms 116:4 bible,False,48700,48700,True,8,8,True,8,8,,,,
Psalms,116,5,Psalms 116:5 bible,False,80600,80600,False,0,0,False,0,0,0.0,0.0,0.0,0.0
Psalms,116,6,Psalms 116:6 bible,False,35700,35700,True,8,8,True,8,8,,,,
Psalms,116,7,Psalms 116:7 bible,False,103000,103000,True,8,8,True,8,8,,,,
Psalms,116,8,Psalms 116:8 bible,False,75900,75900,True,9,9,True,9,9,,,,
Psalms,116,9,Psalms 116:9 bible,False,33900,33900,True,8,8,True,8,8,,,,
Psalms,116,10,Psalms 116:10 bible,False,42900,42900,True,7,7,True,7,7,,,,
Psalms,116,11,Psalms 116:11 bible,False,159000,159000,True,9,9,True,9,9,,,,
Psalms,116,12,Psalms 116:12 bible,False,114000,114000,True,8,8,True,8,8,,,,
Psalms,116,13,Psalms 116:13 bible,False,47600,47600,True,7,7,True,7,7,,,,
Psalms,116,14,Psalms 116:14 bible,False,22000,22000,False,0,0,False,0,0,0.0,0.0,0.0,0.0
Psalms,116,15,Psalms 116:15 bible,True,137,109000,False,0,0,False,0,0,0.0,0.0,0.0,0.0
Psalms,116,16,Psalms 116:16 bible,False,37400,37400,True,8,8,True,8,8,,,,
Psalms,116,17,Psalms 116:17 bible,False,80700,80700,True,8,8,True,8,8,,,,
Psalms,116,18,Psalms 116:18 bible,False,24200,24200,False,0,0,False,0,0,0.0,0.0,0.0,0.0
Psalms,116,19,Psalms 116:19 bible,False,25300,25300,True,8,8,True,8,8,,,,
Psalms,117,1,Psalms 117:1 bible,False,118000,118000,True,8,8,True,8,8,,,,
Psalms,117,2,Psalms 117:2 bible,False,81100,81100,True,8,8,True,8,8,,,,
Psalms,118,1,Psalms 118:1 bible,False,298000,298000,True,7,7,True,7,7,,,,
Psalms,118,2,Psalms 118:2 bible,False,56500,56500,True,9,9,True,9,9,,,,
Psalms,118,3,Psalms 118:3 bible,False,19400,19400,True,8,8,True,8,8,,,,
Psalms,118,4,Psalms 118:4 bible,False,41900,41900,True,9,9,True,9,9,,,,
Psalms,118,5,Psalms 118:5 bible,False,151000,151000,True,7,7,True,7,7,,,,
Psalms,118,6,Psalms 118:6 bible,False,330000,330000,True,8,8,True,8,8,,,,
Psalms,118,7,Psalms 118:7 bible,False,57500,57500,True,8,8,True,8,8,,,,
Psalms,118,8,Psalms 118:8 bible,False,315000,315000,True,7,7,True,7,7,,,,
Psalms,118,9,Psalms 118:9 bible,False,38000,38000,True,8,8,True,8,8,,,,
Psalms,118,10,Psalms 118:10 bible,False,63100,63100,True,8,8,True,8,8,,,,
Psalms,118,11,Psalms 118:11 bible,False,30500,30500,False,0,0,False,0,0,0.0,0.0,0.0,0.0
Psalms,118,12,Psalms 118:12 bible,False,32300,32300,False,0,0,False,0,0,0.0,0.0,0.0,0.0
Psalms,118,13,Psalms 118:13 bible,False,43100,43100,True,8,8,True,8,8,,,,
Psalms,118,14,Psalms 118:14 bible,False,120000,120000,True,8,8,True,8,8,,,,
Psalms,118,15,Psalms 118:15 bible,False,61100,61100,True,8,8,True,8,8,,,,
Psalms,118,16,Psalms 118:16 bible,False,28900,28900,False,0,0,False,0,0,0.0,0.0,0.0,0.0
Psalms,118,17,Psalms 118:17 bible,False,377000,377000,True,7,7,True,7,7,,,,
Psalms,118,18,Psalms 118:18 bible,False,30800,30800,True,9,9,True,9,9,,,,
Psalms,118,19,Psalms 118:19 bible,True,41,96800,False,0,0,False,0,0,0.0,0.0,0.0,0.0
Psalms,118,20,Psalms 118:20 bible,False,26700,26700,True,9,9,True,9,9,,,,
Psalms,118,21,Psalms 118:21 bible,False,66200,66200,False,0,0,False,0,0,0.0,0.0,0.0,0.0
Psalms,118,22,Psalms 118:22 bible,False,189000,189000,True,9,9,True,9,9,,,,
Psalms,118,23,Psalms 118:23 bible,False,131000,131000,True,8,8,True,8,8,,,,
Psalms,118,24,Psalms 118:24 bible,False,501000,501000,False,0,0,False,0,0,0.0,0.0,0.0,0.0
Psalms,118,25,Psalms 118:25 bible,False,102000,102000,False,0,0,False,0,0,0.0,0.0,0.0,0.0
Psalms,118,26,Psalms 118:26 bible,False,79000,79000,True,9,8,True,9,8,,,,
Psalms,118,27,Psalms 118:27 bible,False,48200,48200,True,8,8,True,8,8,,,,
Psalms,118,28,Psalms 118:28 bible,False,68800,68800,True,8,8,True,8,8,,,,
Psalms,118,29,Psalms 118:29 bible,False,56500,56500,True,7,7,True,7,7,,,,
Psalms,119,1,Psalms 119:1 bible,False,314000,314000,False,0,0,False,0,0,0.0,0.0,0.0,0.0
Psalms,119,2,Psalms 119:2 bible,False,126000,126000,True,7,7,True,7,7,,,,
Psalms,119,3,Psalms 119:3 bible,False,28000,28000,False,0,0,False,0,0,0.0,0.0,0.0,0.0
Psalms,119,4,Psalms 119:4 bible,False,42900,42900,True,8,8,True,8,8,,,,
Psalms,119,5,Psalms 119:5 bible,False,37300,37300,True,8,8,True,8,8,,,,
Psalms,119,6,Psalms 119:6 bible,True,139,0,False,0,0,False,0,0,0.0,0.0,0.0,0.0
Psalms,119,7,Psalms 119:7 bible,False,47200,47200,True,8,8,True,8,8,,,,
Psalms,119,8,Psalms 119:8 bible,False,22700,22700,True,8,8,True,8,8,,,,
Psalms,119,9,Psalms 119:9 bible,False,381000,381000,True,7,7,True,7,7,,,,
Psalms,119,10,Psalms 119:10 bible,False,114000,114000,False,0,0,False,0,0,0.0,0.0,0.0,0.0
Psalms,119,11,Psalms 119:11 bible,False,388000,388000,True,7,7,True,7,7,,,,
Psalms,119,12,Psalms 119:12 bible,False,40400,40400,True,10,9,True,10,9,,,,
Psalms,119,13,Psalms 119:13 bible,False,31700,31700,True,9,9,True,9,9,,,,
Psalms,119,14,Psalms 119:14 bible,False,66100,66100,False,0,0,False,0,0,0.0,0.0,0.0,0.0
Psalms,119,15,Psalms 119:15 bible,False,94400,94400,True,8,8,True,8,8,,,,
Psalms,119,16,Psalms 119:16 bible,False,62800,62800,True,7,7,True,7,7,,,,
Psalms,119,17,Psalms 119:17 bible,False,49800,49800,True,7,7,True,7,7,,,,
Psalms,119,18,Psalms 119:18 bible,False,235000,235000,False,0,0,False,0,0,0.0,0.0,0.0,0.0
Psalms,119,19,Psalms 119:19 bible,False,39000,39000,True,8,8,True,8,8,,,,
Psalms,119,20,Psalms 119:20 bible,False,44200,44200,False,0,0,False,0,0,0.0,0.0,0.0,0.0
Psalms,119,21,Psalms 119:21 bible,False,28400,28400,True,8,8,True,8,8,,,,
Psalms,119,22,Psalms 119:22 bible,False,24800,24800,True,8,8,True,8,8,,,,
Psalms,119,23,Psalms 119:23 bible,False,42300,42300,False,0,0,False,0,0,0.0,0.0,0.0,0.0
Psalms,119,24,Psalms 119:24 bible,False,55800,55800,True,8,8,True,8,8,,,,
Psalms,119,25,Psalms 119:25 bible,False,83900,83900,True,8,8,True,8,8,,,,
Psalms,119,26,Psalms 119:26 bible,False,19100,19100,True,9,9,True,9,9,,,,
Psalms,119,27,Psalms 119:27 bible,True,0,36300,False,0,0,False,0,0,0.0,0.0,0.0,0.0
Psalms,119,28,Psalms 119:28 bible,False,102000,102000,True,8,8,True,8,8,,,,
Psalms,119,29,Psalms 119:29 bible,False,31300,31300,True,9,8,True,9,8,,,,
Psalms,119,30,Psalms 119:30 bible,False,64500,64500,True,8,8,True,8,8,,,,
Psalms,119,31,Psalms 119:31 bible,False,19700,19700,False,0,0,False,0,0,0.0,0.0,0.0,0.0
Psalms,119,32,Psalms 119:32 bible,False,62300,62300,True,8,8,True,8,8,,,,
Psalms,119,33,Psalms 119:33 bible,False,110000,110000,True,8,8,True,8,8,,,,
Psalms,119,34,Psalms 119:34 bible,False,57500,57500,True,8,7,True,8,7,,,,
Psalms,119,35,Psalms 119:35 bible,False,55500,55500,True,8,8,True,8,8,,,,
Psalms,119,36,Psalms 119:36 bible,True,143,0,False,0,0,False,0,0,0.0,0.0,0.0,0.0
Psalms,119,37,Psalms 119:37 bible,False,65900,65900,True,7,7,True,7,7,,,,
Psalms,119,38,Psalms 119:38 bible,False,27600,27600,True,8,8,True,8,8,,,,
Psalms,119,39,Psalms 119:39 bible,False,24400,24400,True,8,8,True,8,8,,,,
Psalms,119,40,Psalms 119:40 bible,False,23700,23700,True,8,8,True,8,8,,,,
Psalms,119,41,Psalms 119:41 bible,False,81400,81400,True,8,8,True,8,8,,,,
Psalms,119,42,Psalms 119:42 bible,False,24200,24200,True,8,8,True,8,8,,,,
Psalms,119,43,Psalms 119:43 bible,False,36000,36000,True,8,8,True,8,8,,,,
Psalms,119,44,Psalms 119:44 bible,False,37200,37200,True,8,8,True,8,8,,,,
Psalms,119,45,Psalms 119:45 bible,False,45700,45700,False,0,0,False,0,0,0.0,0.0,0.0,0.0
Psalms,119,46,Psalms 119:46 bible,False,51700,51700,False,0,0,False,0,0,0.0,0.0,0.0,0.0
Psalms,119,47,Psalms 119:47 bible,False,43500,43500,True,8,8,True,8,8,,,,
Psalms,119,48,Psalms 119:48 bible,False,40500,40500,True,8,8,True,8,8,,,,
Psalms,119,49,Psalms 119:49 bible,False,79500,79500,False,0,0,False,0,0,0.0,0.0,0.0,0.0
Psalms,119,50,Psalms 119:50 bible,True,194,128000,False,0,0,False,0,0,0.0,0.0,0.0,0.0
Psalms,119,51,Psalms 119:51 bible,True,0,21900,False,0,0,False,0,0,0.0,0.0,0.0,0.0
Psalms,119,52,Psalms 119:52 bible,False,21600,21600,True,8,8,True,8,8,,,,
Psalms,119,53,Psalms 119:53 bible,False,20300,20300,True,8,8,True,8,8,,,,
Psalms,119,54,Psalms 119:54 bible,False,21200,21200,True,8,8,True,8,8,,,,
Psalms,119,55,Psalms 119:55 bible,False,29100,29100,True,8,8,True,8,8,,,,
Psalms,119,56,Psalms 119:56 bible,False,12900,12900,True,8,8,True,8,8,,,,
Psalms,119,57,Psalms 119:57 bible,False,55000,55000,False,0,0,False,0,0,0.0,0.0,0.0,0.0
Psalms,119,58,Psalms 119:58 bible,False,78400,78400,True,8,8,True,8,8,,,,
Psalms,119,59,Psalms 119:59 bible,False,31400,31400,True,8,8,True,8,8,,,,
Psalms,119,60,Psalms 119:60 bible,False,37200,37200,True,8,8,True,8,8,,,,
Psalms,119,61,Psalms 119:61 bible,False,15500,15500,True,8,8,True,8,8,,,,
Psalms,119,62,Psalms 119:62 bible,False,73500,73500,True,8,8,True,8,8,,,,
Psalms,119,63,Psalms 119:63 bible,False,46400,46400,True,9,9,True,9,9,,,,
Psalms,119,64,Psalms 119:64 bible,False,39600,39600,True,8,8,True,8,8,,,,
Psalms,119,65,Psalms 119:65 bible,False,56400,56400,False,0,0,False,0,0,0.0,0.0,0.0,0.0
Psalms,119,66,Psalms 119:66 bible,False,59800,59800,False,0,0,False,0,0,0.0,0.0,0.0,0.0
Psalms,119,67,Psalms 119:67 bible,True,40,0,False,0,0,False,0,0,0.0,0.0,0.0,0.0
Psalms,119,68,Psalms 119:68 bible,False,65700,65700,False,0,0,False,0,0,0.0,0.0,0.0,0.0
Psalms,119,69,Psalms 119:69 bible,False,45600,45600,True,8,8,True,8,8,,,,
Psalms,119,70,Psalms 119:70 bible,False,23300,23300,True,8,8,True,8,8,,,,
Psalms,119,71,Psalms 119:71 bible,False,108000,108000,True,8,8,True,8,8,,,,
Psalms,119,72,Psalms 119:72 bible,False,48000,48000,True,8,8,True,8,8,,,,
Psalms,119,73,Psalms 119:73 bible,False,67300,67300,True,8,8,True,8,8,,,,
Psalms,119,74,Psalms 119:74 bible,False,36200,36200,True,8,8,True,8,8,,,,
Psalms,119,75,Psalms 119:75 bible,False,47000,47000,True,8,8,True,8,8,,,,
Psalms,119,76,Psalms 119:76 bible,False,51000,51000,True,8,8,True,8,8,,,,
Psalms,119,77,Psalms 119:77 bible,False,31000,31000,True,8,8,True,8,8,,,,
Psalms,119,78,Psalms 119:78 bible,False,27600,27600,True,9,9,True,9,9,,,,
Psalms,119,79,Psalms 119:79 bible,False,11500,11500,True,9,9,True,9,9,,,,
Psalms,119,80,Psalms 119:80 bible,False,18700,18700,True,8,8,True,8,8,,,,
Psalms,119,81,Psalms 119:81 bible,False,83000,83000,True,8,8,True,8,8,,,,
Psalms,119,82,Psalms 119:82 bible,False,22200,22200,True,8,8,True,8,8,,,,
Psalms,119,83,Psalms 119:83 bible,False,13600,13600,True,8,8,True,8,8,,,,
Psalms,119,84,Psalms 119:84 bible,False,15600,15600,False,0,0,False,0,0,0.0,0.0,0.0,0.0
Psalms,119,85,Psalms 119:85 bible,False,14000,14000,True,8,8,True,8,8,,,,
Psalms,119,86,Psalms 119:86 bible,True,39,30100,False,0,0,False,0,0,0.0,0.0,0.0,0.0
Psalms,119,87,Psalms 119:87 bible,True,9720,0,False,0,0,False,0,0,0.0,0.0,0.0,0.0
Psalms,119,88,Psalms 119:88 bible,False,32700,32700,True,8,8,True,8,8,,,,
Psalms,119,89,Psalms 119:89 bible,False,375000,375000,True,8,8,True,8,8,,,,
Psalms,119,90,Psalms 119:90 bible,False,75900,75900,True,8,8,True,8,8,,,,
Psalms,119,91,Psalms 119:91 bible,True,38,24900,False,0,0,False,0,0,0.0,0.0,0.0,0.0
Psalms,119,92,Psalms 119:92 bible,False,38300,38300,False,0,0,False,0,0,0.0,0.0,0.0,0.0
Psalms,119,93,Psalms 119:93 bible,False,29600,29600,False,0,0,False,0,0,0.0,0.0,0.0,0.0
Psalms,119,94,Psalms 119:94 bible,False,16100,16100,True,8,8,True,8,8,,,,
Psalms,119,95,Psalms 119:95 bible,False,15600,15600,False,0,0,False,0,0,0.0,0.0,0.0,0.0
Psalms,119,96,Psalms 119:96 bible,True,40,24700,False,0,0,False,0,0,0.0,0.0,0.0,0.0
Psalms,119,97,Psalms 119:97 bible,False,288000,288000,True,7,7,True,7,7,,,,
Psalms,119,98,Psalms 119:98 bible,False,88400,88400,True,8,8,True,8,8,,,,
Psalms,119,99,Psalms 119:99 bible,False,60100,60100,True,8,8,True,8,8,,,,
Psalms,119,100,Psalms 119:100 bible,False,24400,24400,True,8,8,True,8,8,,,,
Psalms,119,101,Psalms 119:101 bible,False,51000,51000,True,8,8,True,8,8,,,,
Psalms,119,102,Psalms 119:102 bible,False,21300,21300,False,0,0,False,0,0,0.0,0.0,0.0,0.0
Psalms,119,103,Psalms 119:103 bible,False,118000,118000,False,0,0,False,0,0,0.0,0.0,0.0,0.0
Psalms,119,104,Psalms 119:104 bible,False,81700,81700,True,8,8,True,8,8,,,,
Psalms,119,105,Psalms 119:105 bible,False,1470000,1470000,True,7,7,True,7,7,,,,
Psalms,119,106,Psalms 119:106 bible,False,23200,23200,True,8,8,True,8,8,,,,
Psalms,119,107,Psalms 119:107 bible,False,34100,34100,True,9,9,True,9,9,,,,
Psalms,119,108,Psalms 119:108 bible,False,29500,29500,True,8,8,True,8,8,,,,
Psalms,119,109,Psalms 119:109 bible,False,17500,17500,True,8,8,True,8,8,,,,
Psalms,119,110,Psalms 119:110 bible,False,30600,30600,True,8,8,True,8,8,,,,
Psalms,119,111,Psalms 119:111 bible,True,40,53400,False,0,0,False,0,0,0.0,0.0,0.0,0.0
Psalms,119,112,Psalms 119:112 bible,False,23900,23900,True,8,8,True,8,8,,,,
Psalms,119,113,Psalms 119:113 bible,True,134,67100,False,0,0,False,0,0,0.0,0.0,0.0,0.0
Psalms,119,114,Psalms 119:114 bible,False,154000,154000,True,7,7,True,7,7,,,,
Psalms,119,115,Psalms 119:115 bible,False,28500,28500,True,8,8,True,8,8,,,,
Psalms,119,116,Psalms 119:116 bible,True,38,0,False,0,0,False,0,0,0.0,0.0,0.0,0.0
Psalms,119,117,Psalms 119:117 bible,False,42700,42700,True,8,8,True,8,8,,,,
Psalms,119,118,Psalms 119:118 bible,False,23600,23600,True,8,8,True,8,8,,,,
Psalms,119,119,Psalms 119:119 bible,False,22500,22500,True,7,7,True,7,7,,,,
Psalms,119,120,Psalms 119:120 bible,False,137000,137000,True,9,9,True,9,9,,,,
Psalms,119,121,Psalms 119:121 bible,False,68200,68200,True,8,8,True,8,8,,,,
Psalms,119,122,Psalms 119:122 bible,False,43400,43400,True,8,8,True,8,8,,,,
Psalms,119,123,Psalms 119:123 bible,False,25900,25900,False,0,0,False,0,0,0.0,0.0,0.0,0.0
Psalms,119,124,Psalms 119:124 bible,False,28800,28800,True,8,8,True,8,8,,,,
Psalms,119,125,Psalms 119:125 bible,False,37600,37600,False,0,0,False,0,0,0.0,0.0,0.0,0.0
Psalms,119,126,Psalms 119:126 bible,False,32400,32400,True,8,8,True,8,8,,,,
Psalms,119,127,Psalms 119:127 bible,False,47800,47800,True,8,8,True,8,8,,,,
Psalms,119,128,Psalms 119:128 bible,True,42,0,False,0,0,False,0,0,0.0,0.0,0.0,0.0
Psalms,119,129,Psalms 119:129 bible,False,53300,53300,True,8,8,True,8,8,,,,
Psalms,119,130,Psalms 119:130 bible,False,327000,327000,False,0,0,False,0,0,0.0,0.0,0.0,0.0
Psalms,119,131,Psalms 119:131 bible,False,23100,23100,True,8,8,True,8,8,,,,
Psalms,119,132,Psalms 119:132 bible,True,44,44700,False,0,0,False,0,0,0.0,0.0,0.0,0.0
Psalms,119,133,Psalms 119:133 bible,False,140000,140000,True,8,8,True,8,8,,,,
Psalms,119,134,Psalms 119:134 bible,False,74300,74300,True,8,8,True,8,8,,,,
Psalms,119,135,Psalms 119:135 bible,False,34100,34100,False,0,0,False,0,0,0.0,0.0,0.0,0.0
Psalms,119,136,Psalms 119:136 bible,False,30400,30400,False,0,0,False,0,0,0.0,0.0,0.0,0.0
Psalms,119,137,Psalms 119:137 bible,True,40,0,False,0,0,False,0,0,0.0,0.0,0.0,0.0
Psalms,119,138,Psalms 119:138 bible,False,30900,30900,True,8,8,True,8,8,,,,
Psalms,119,139,Psalms 119:139 bible,False,19300,19300,True,8,8,True,8,8,,,,
Psalms,119,140,Psalms 119:140 bible,False,77000,77000,True,8,8,True,8,8,,,,
Psalms,119,141,Psalms 119:141 bible,False,16000,16000,True,8,8,True,8,8,,,,
Psalms,119,142,Psalms 119:142 bible,False,143000,143000,True,8,8,True,8,8,,,,
Psalms,119,143,Psalms 119:143 bible,False,34300,34300,False,0,0,False,0,0,0.0,0.0,0.0,0.0
Psalms,119,144,Psalms 119:144 bible,True,39,31700,False,0,0,False,0,0,0.0,0.0,0.0,0.0
Psalms,119,145,Psalms 119:145 bible,False,50000,50000,True,9,8,True,9,8,,,,
Psalms,119,146,Psalms 119:146 bible,False,23400,23400,True,9,9,True,9,9,,,,
Psalms,119,147,Psalms 119:147 bible,False,87900,87900,True,8,8,True,8,8,,,,
Psalms,119,148,Psalms 119:148 bible,False,39700,39700,True,8,8,True,8,8,,,,
Psalms,119,149,Psalms 119:149 bible,False,42500,42500,True,8,8,True,8,8,,,,
Psalms,119,150,Psalms 119:150 bible,False,16200,16200,True,8,8,True,8,8,,,,
Psalms,119,151,Psalms 119:151 bible,False,53900,53900,True,8,8,True,8,8,,,,
Psalms,119,152,Psalms 119:152 bible,False,29800,29800,True,8,8,True,8,8,,,,
Psalms,119,153,Psalms 119:153 bible,False,33300,33300,False,0,0,False,0,0,0.0,0.0,0.0,0.0
Psalms,119,154,Psalms 119:154 bible,False,17300,17300,True,8,8,True,8,8,,,,
Psalms,119,155,Psalms 119:155 bible,False,16000,16000,True,8,8,True,8,8,,,,
Psalms,119,156,Psalms 119:156 bible,False,25700,25700,True,8,8,True,8,8,,,,
Psalms,119,157,Psalms 119:157 bible,True,133,16900,False,0,0,False,0,0,0.0,0.0,0.0,0.0
Psalms,119,158,Psalms 119:158 bible,False,13300,13300,True,9,9,True,9,9,,,,
Psalms,119,159,Psalms 119:159 bible,False,20800,20800,True,8,8,True,8,8,,,,
Psalms,119,160,Psalms 119:160 bible,False,157000,157000,True,8,8,True,8,8,,,,
Psalms,119,161,Psalms 119:161 bible,False,57700,57700,True,8,8,True,8,8,,,,
Psalms,119,162,Psalms 119:162 bible,False,63200,63200,True,9,9,True,9,9,,,,
Psalms,119,163,Psalms 119:163 bible,False,27100,27100,False,0,0,False,0,0,0.0,0.0,0.0,0.0
Psalms,119,164,Psalms 119:164 bible,False,66000,66000,True,8,8,True,8,8,,,,
Psalms,119,165,Psalms 119:165 bible,False,198000,198000,True,8,8,True,8,8,,,,
Psalms,119,166,Psalms 119:166 bible,False,22600,22600,True,8,8,True,8,8,,,,
Psalms,119,167,Psalms 119:167 bible,False,15800,15800,True,8,8,True,8,8,,,,
Psalms,119,168,Psalms 119:168 bible,False,16300,16300,False,0,0,False,0,0,0.0,0.0,0.0,0.0
Psalms,119,169,Psalms 119:169 bible,False,41200,41200,True,8,8,True,8,8,,,,
Psalms,119,170,Psalms 119:170 bible,False,48600,48600,True,8,8,True,8,8,,,,
Psalms,119,171,Psalms 119:171 bible,True,42,0,False,0,0,False,0,0,0.0,0.0,0.0,0.0
Psalms,119,172,Psalms 119:172 bible,False,86200,86200,True,8,8,True,8,8,,,,
Psalms,119,173,Psalms 119:173 bible,True,134,0,False,0,0,False,0,0,0.0,0.0,0.0,0.0
Psalms,119,174,Psalms 119:174 bible,False,21800,21800,True,8,8,True,8,8,,,,
Psalms,119,175,Psalms 119:175 bible,False,31800,31800,False,0,0,False,0,0,0.0,0.0,0.0,0.0
Psalms,119,176,Psalms 119:176 bible,False,35300,35300,False,0,0,False,0,0,0.0,0.0,0.0,0.0
Psalms,120,1,Psalms 120:1 bible,False,111000,111000,False,0,0,False,0,0,0.0,0.0,0.0,0.0
Psalms,120,2,Psalms 120:2 bible,False,66500,66500,False,0,0,False,0,0,0.0,0.0,0.0,0.0
Psalms,120,3,Psalms 120:3 bible,False,20700,20700,True,8,8,True,8,8,,,,
Psalms,120,4,Psalms 120:4 bible,False,21100,21100,False,0,0,False,0,0,0.0,0.0,0.0,0.0
Psalms,120,5,Psalms 120:5 bible,False,16500,16500,True,8,8,True,8,8,,,,
Psalms,120,6,Psalms 120:6 bible,False,18200,18200,True,9,9,True,9,9,,,,
Psalms,120,7,Psalms 120:7 bible,False,23200,23200,True,8,8,True,8,8,,,,
Psalms,121,1,Psalms 121:1 bible,False,413000,413000,True,7,7,True,7,7,,,,
Psalms,121,2,Psalms 121:2 bible,False,252000,252000,False,0,0,False,0,0,0.0,0.0,0.0,0.0
Psalms,121,3,Psalms 121:3 bible,False,269000,269000,True,8,8,True,8,8,,,,
Psalms,121,4,Psalms 121:4 bible,False,188000,188000,True,7,7,True,7,7,,,,
Psalms,121,5,Psalms 121:5 bible,False,176000,176000,False,0,0,False,0,0,0.0,0.0,0.0,0.0
Psalms,121,6,Psalms 121:6 bible,False,71000,71000,True,8,8,True,8,8,,,,
Psalms,121,7,Psalms 121:7 bible,False,391000,391000,False,0,0,False,0,0,0.0,0.0,0.0,0.0
Psalms,121,8,Psalms 121:8 bible,False,272000,272000,True,8,8,True,8,8,,,,
Psalms,122,1,Psalms 122:1 bible,False,334000,334000,True,8,8,True,8,8,,,,
Psalms,122,2,Psalms 122:2 bible,False,18300,18300,True,8,8,True,8,8,,,,
Psalms,122,3,Psalms 122:3 bible,False,29600,29600,True,8,8,True,8,8,,,,
Psalms,122,4,Psalms 122:4 bible,False,26600,26600,False,0,0,False,0,0,0.0,0.0,0.0,0.0
Psalms,122,5,Psalms 122:5 bible,False,20300,20300,False,0,0,False,0,0,0.0,0.0,0.0,0.0
Psalms,122,6,Psalms 122:6 bible,False,179000,179000,True,7,7,True,7,7,,,,
Psalms,122,7,Psalms 122:7 bible,False,68700,68700,True,9,9,True,9,9,,,,
Psalms,122,8,Psalms 122:8 bible,False,20800,20800,True,8,8,True,8,8,,,,
Psalms,122,9,Psalms 122:9 bible,False,22800,22800,False,0,0,False,0,0,0.0,0.0,0.0,0.0
Psalms,123,1,Psalms 123:1 bible,False,74900,74900,False,0,0,False,0,0,0.0,0.0,0.0,0.0
Psalms,123,2,Psalms 123:2 bible,False,53200,53200,True,7,7,True,7,7,,,,
Psalms,123,3,Psalms 123:3 bible,False,29800,29800,True,8,8,True,8,8,,,,
Psalms,123,4,Psalms 123:4 bible,False,24200,24200,True,8,8,True,8,8,,,,
Psalms,124,1,Psalms 124:1 bible,True,47,132000,False,0,0,False,0,0,0.0,0.0,0.0,0.0
Psalms,124,2,Psalms 124:2 bible,False,55400,55400,False,0,0,False,0,0,0.0,0.0,0.0,0.0
Psalms,124,3,Psalms 124:3 bible,False,20800,20800,True,8,8,True,8,8,,,,
Psalms,124,4,Psalms 124:4 bible,False,26400,26400,True,7,7,True,7,7,,,,
Psalms,124,5,Psalms 124:5 bible,False,25100,25100,True,8,8,True,8,8,,,,
Psalms,124,6,Psalms 124:6 bible,False,52600,52600,True,7,7,True,7,7,,,,
Psalms,124,7,Psalms 124:7 bible,False,110000,110000,True,8,8,True,8,8,,,,
Psalms,124,8,Psalms 124:8 bible,False,87600,87600,True,8,8,True,8,8,,,,
Psalms,125,1,Psalms 125:1 bible,False,244000,244000,True,8,8,True,8,8,,,,
Psalms,125,2,Psalms 125:2 bible,True,35,0,False,0,0,False,0,0,0.0,0.0,0.0,0.0
Psalms,125,3,Psalms 125:3 bible,False,55300,55300,False,0,0,False,0,0,0.0,0.0,0.0,0.0
Psalms,125,4,Psalms 125:4 bible,True,197,33100,False,0,0,False,0,0,0.0,0.0,0.0,0.0
Psalms,125,5,Psalms 125:5 bible,False,26900,26900,True,9,9,True,9,9,,,,
Psalms,126,1,Psalms 126:1 bible,True,34,356000,False,0,0,False,0,0,0.0,0.0,0.0,0.0
Psalms,126,2,Psalms 126:2 bible,False,127000,127000,True,8,8,True,8,8,,,,
Psalms,126,3,Psalms 126:3 bible,False,153000,153000,True,8,8,True,8,8,,,,
Psalms,126,4,Psalms 126:4 bible,False,43200,43200,True,8,8,True,8,8,,,,
Psalms,126,5,Psalms 126:5 bible,False,290000,290000,True,8,8,True,8,8,,,,
Psalms,126,6,Psalms 126:6 bible,False,81200,81200,True,9,9,True,9,9,,,,
Psalms,127,1,Psalms 127:1 bible,False,387000,387000,False,0,0,False,0,0,0.0,0.0,0.0,0.0
Psalms,127,2,Psalms 127:2 bible,False,205000,205000,True,8,8,True,8,8,,,,
Psalms,127,3,Psalms 127:3 bible,False,382000,382000,True,7,7,True,7,7,,,,
Psalms,127,4,Psalms 127:4 bible,False,60600,60600,True,8,8,True,8,8,,,,
Psalms,127,5,Psalms 127:5 bible,False,41500,41500,False,0,0,False,0,0,0.0,0.0,0.0,0.0
Psalms,128,1,Psalms 128:1 bible,False,253000,253000,True,8,8,True,8,8,,,,
Psalms,128,2,Psalms 128:2 bible,False,105000,105000,False,0,0,False,0,0,0.0,0.0,0.0,0.0
Psalms,128,3,Psalms 128:3 bible,True,139,275000,False,0,0,False,0,0,0.0,0.0,0.0,0.0
Psalms,128,4,Psalms 128:4 bible,False,24000,24000,True,9,9,True,9,9,,,,
Psalms,128,5,Psalms 128:5 bible,True,40,45700,False,0,0,False,0,0,0.0,0.0,0.0,0.0
Psalms,128,6,Psalms 128:6 bible,True,38,0,False,0,0,False,0,0,0.0,0.0,0.0,0.0
Psalms,129,1,Psalms 129:1 bible,True,128,41700,False,0,0,False,0,0,0.0,0.0,0.0,0.0
Psalms,129,2,Psalms 129:2 bible,False,41900,41900,False,0,0,False,0,0,0.0,0.0,0.0,0.0
Psalms,129,3,Psalms 129:3 bible,False,28600,28600,True,9,9,True,9,9,,,,
Psalms,129,4,Psalms 129:4 bible,False,41900,41900,True,8,8,True,8,8,,,,
Psalms,129,5,Psalms 129:5 bible,False,21600,21600,True,9,9,True,9,9,,,,
Psalms,129,6,Psalms 129:6 bible,True,39,12900,False,0,0,False,0,0,0.0,0.0,0.0,0.0
Psalms,129,7,Psalms 129:7 bible,False,10900,10900,True,8,8,True,8,8,,,,
Psalms,129,8,Psalms 129:8 bible,False,21300,21300,True,8,8,True,8,8,,,,
Psalms,130,1,Psalms 130:1 bible,True,42,0,False,0,0,False,0,0,0.0,0.0,0.0,0.0
Psalms,130,2,Psalms 130:2 bible,False,48200,48200,True,8,8,True,8,8,,,,
Psalms,130,3,Psalms 130:3 bible,False,123000,123000,False,0,0,False,0,0,0.0,0.0,0.0,0.0
Psalms,130,4,Psalms 130:4 bible,False,65900,65900,True,8,8,True,8,8,,,,
Psalms,130,5,Psalms 130:5 bible,False,183000,183000,False,0,0,False,0,0,0.0,0.0,0.0,0.0
Psalms,130,6,Psalms 130:6 bible,True,41,0,False,0,0,False,0,0,0.0,0.0,0.0,0.0
Psalms,130,7,Psalms 130:7 bible,True,138,90500,False,0,0,False,0,0,0.0,0.0,0.0,0.0
Psalms,130,8,Psalms 130:8 bible,False,30400,30400,True,9,9,True,9,9,,,,
Psalms,131,1,Psalms 131:1 bible,False,81000,81000,True,9,9,True,9,9,,,,
Psalms,131,2,Psalms 131:2 bible,False,66400,66400,True,7,7,True,7,7,,,,
Psalms,131,3,Psalms 131:3 bible,False,38100,38100,True,8,8,True,8,8,,,,
Psalms,132,1,Psalms 132:1 bible,True,135,52400,False,0,0,False,0,0,0.0,0.0,0.0,0.0
Psalms,132,2,Psalms 132:2 bible,False,28400,28400,False,0,0,False,0,0,0.0,0.0,0.0,0.0
Psalms,132,3,Psalms 132:3 bible,False,29700,29700,True,8,8,True,8,8,,,,
Psalms,132,4,Psalms 132:4 bible,True,38,26700,False,0,0,False,0,0,0.0,0.0,0.0,0.0
Psalms,132,5,Psalms 132:5 bible,False,15300,15300,True,8,8,True,8,8,,,,
Psalms,132,6,Psalms 132:6 bible,True,0,0,False,0,0,False,0,0,0.0,0.0,0.0,0.0
Psalms,132,7,Psalms 132:7 bible,False,35000,35000,True,8,8,True,8,8,,,,
Psalms,132,8,Psalms 132:8 bible,False,33400,33400,False,0,0,False,0,0,0.0,0.0,0.0,0.0
Psalms,132,9,Psalms 132:9 bible,False,27300,27300,True,8,8,True,8,8,,,,
Psalms,132,10,Psalms 132:10 bible,True,133,0,False,0,0,False,0,0,0.0,0.0,0.0,0.0
Psalms,132,11,Psalms 132:11 bible,False,53500,53500,True,8,8,True,8,8,,,,
Psalms,132,12,Psalms 132:12 bible,False,20500,20500,True,8,8,True,8,8,,,,
Psalms,132,13,Psalms 132:13 bible,False,71500,71500,True,9,9,True,9,9,,,,
Psalms,132,14,Psalms 132:14 bible,False,19300,19300,True,8,8,True,8,8,,,,
Psalms,132,15,Psalms 132:15 bible,False,41400,41400,False,0,0,False,0,0,0.0,0.0,0.0,0.0
Psalms,132,16,Psalms 132:16 bible,False,24100,24100,True,8,8,True,8,8,,,,
Psalms,132,17,Psalms 132:17 bible,False,31900,31900,True,8,8,True,8,8,,,,
Psalms,132,18,Psalms 132:18 bible,False,21800,21800,False,0,0,False,0,0,0.0,0.0,0.0,0.0
Psalms,133,1,Psalms 133:1 bible,False,385000,385000,True,9,9,True,9,9,,,,
Psalms,133,2,Psalms 133:2 bible,False,47600,47600,False,0,0,False,0,0,0.0,0.0,0.0,0.0
Psalms,133,3,Psalms 133:3 bible,False,53700,53700,True,7,7,True,7,7,,,,
Psalms,134,1,Psalms 134:1 bible,False,66900,66900,True,8,8,True,8,8,,,,
Psalms,134,2,Psalms 134:2 bible,False,68300,68300,True,8,8,True,8,8,,,,
Psalms,134,3,Psalms 134:3 bible,False,32500,32500,False,0,0,False,0,0,0.0,0.0,0.0,0.0
Psalms,135,1,Psalms 135:1 bible,False,98000,98000,True,8,8,True,8,8,,,,
Psalms,135,2,Psalms 135:2 bible,True,40,0,False,0,0,False,0,0,0.0,0.0,0.0,0.0
Psalms,135,3,Psalms 135:3 bible,False,86100,86100,True,9,9,True,9,9,,,,
Psalms,135,4,Psalms 135:4 bible,True,42,34900,False,0,0,False,0,0,0.0,0.0,0.0,0.0
Psalms,135,5,Psalms 135:5 bible,False,39800,39800,True,8,8,True,8,8,,,,
Psalms,135,6,Psalms 135:6 bible,False,69200,69200,False,0,0,False,0,0,0.0,0.0,0.0,0.0
Psalms,135,7,Psalms 135:7 bible,False,37300,37300,True,10,10,True,10,10,,,,
Psalms,135,8,Psalms 135:8 bible,False,19100,19100,True,9,9,True,9,9,,,,
Psalms,135,9,Psalms 135:9 bible,False,10700,10700,False,0,0,False,0,0,0.0,0.0,0.0,0.0
Psalms,135,10,Psalms 135:10 bible,False,13100,13100,True,8,8,True,8,8,,,,
Psalms,135,11,Psalms 135:11 bible,True,9670,0,False,0,0,False,0,0,0.0,0.0,0.0,0.0
Psalms,135,12,Psalms 135:12 bible,False,21400,21400,True,8,8,True,8,8,,,,
Psalms,135,13,Psalms 135:13 bible,False,34300,34300,True,8,7,True,8,7,,,,
Psalms,135,14,Psalms 135:14 bible,False,22800,22800,False,0,0,False,0,0,0.0,0.0,0.0,0.0
Psalms,135,15,Psalms 135:15 bible,False,46400,46400,True,8,8,True,8,8,,,,
Psalms,135,16,Psalms 135:16 bible,False,11800,11800,False,0,0,False,0,0,0.0,0.0,0.0,0.0
Psalms,135,17,Psalms 135:17 bible,False,20100,20100,False,0,0,False,0,0,0.0,0.0,0.0,0.0
Psalms,135,18,Psalms 135:18 bible,False,14100,14100,False,0,0,False,0,0,0.0,0.0,0.0,0.0
Psalms,135,19,Psalms 135:19 bible,False,15100,15100,True,8,8,True,8,8,,,,
Psalms,135,20,Psalms 135:20 bible,False,11500,11500,True,8,8,True,8,8,,,,
Psalms,135,21,Psalms 135:21 bible,False,24500,24500,False,0,0,False,0,0,0.0,0.0,0.0,0.0
Psalms,136,1,Psalms 136:1 bible,False,387000,387000,True,7,7,True,7,7,,,,
Psalms,136,2,Psalms 136:2 bible,False,41100,41100,True,8,8,True,8,8,,,,
Psalms,136,3,Psalms 136:3 bible,False,59000,59000,False,0,0,False,0,0,0.0,0.0,0.0,0.0
Psalms,136,4,Psalms 136:4 bible,False,43000,43000,True,8,8,True,8,8,,,,
Psalms,136,5,Psalms 136:5 bible,True,42,31300,False,0,0,False,0,0,0.0,0.0,0.0,0.0
Psalms,136,6,Psalms 136:6 bible,False,32500,32500,False,0,0,False,0,0,0.0,0.0,0.0,0.0
Psalms,136,7,Psalms 136:7 bible,False,96300,96300,True,8,8,True,8,8,,,,
Psalms,136,8,Psalms 136:8 bible,False,21000,21000,False,0,0,False,0,0,0.0,0.0,0.0,0.0
Psalms,136,9,Psalms 136:9 bible,False,24000,24000,True,9,9,True,9,9,,,,
Psalms,136,10,Psalms 136:10 bible,False,24400,24400,True,9,9,True,9,9,,,,
Psalms,136,11,Psalms 136:11 bible,False,13400,13400,True,9,9,True,9,9,,,,
Psalms,136,12,Psalms 136:12 bible,False,20400,20400,True,9,9,True,9,9,,,,
Psalms,136,13,Psalms 136:13 bible,True,42,17800,False,0,0,False,0,0,0.0,0.0,0.0,0.0
Psalms,136,14,Psalms 136:14 bible,True,130,0,False,0,0,False,0,0,0.0,0.0,0.0,0.0
Psalms,136,15,Psalms 136:15 bible,False,13300,13300,True,9,9,True,9,9,,,,
Psalms,136,16,Psalms 136:16 bible,False,18800,18800,True,9,9,True,9,9,,,,
Psalms,136,17,Psalms 136:17 bible,False,13300,13300,True,9,9,True,9,9,,,,
Psalms,136,18,Psalms 136:18 bible,True,8830,0,False,0,0,False,0,0,0.0,0.0,0.0,0.0
Psalms,136,19,Psalms 136:19 bible,False,10200,10200,False,0,0,False,0,0,0.0,0.0,0.0,0.0
Psalms,136,20,Psalms 136:20 bible,True,8430,0,False,0,0,False,0,0,0.0,0.0,0.0,0.0
Psalms,136,21,Psalms 136:21 bible,False,22500,22500,True,8,8,True,8,8,,,,
Psalms,136,22,Psalms 136:22 bible,True,9960,0,False,0,0,False,0,0,0.0,0.0,0.0,0.0
Psalms,136,23,Psalms 136:23 bible,False,41200,41200,True,8,8,True,8,8,,,,
Psalms,136,24,Psalms 136:24 bible,False,13400,13400,True,8,8,True,8,8,,,,
Psalms,136,25,Psalms 136:25 bible,False,26500,26500,False,0,0,False,0,0,0.0,0.0,0.0,0.0
Psalms,136,26,Psalms 136:26 bible,False,104000,104000,True,8,8,True,8,8,,,,
Psalms,137,1,Psalms 137:1 bible,False,71800,71800,False,0,0,False,0,0,0.0,0.0,0.0,0.0
Psalms,137,2,Psalms 137:2 bible,False,22300,22300,False,0,0,False,0,0,0.0,0.0,0.0,0.0
Psalms,137,3,Psalms 137:3 bible,False,24200,24200,True,8,8,True,8,8,,,,
Psalms,137,4,Psalms 137:4 bible,False,19900,19900,True,8,8,True,8,8,,,,
Psalms,137,5,Psalms 137:5 bible,False,30700,30700,True,8,8,True,8,8,,,,
Psalms,137,6,Psalms 137:6 bible,False,16700,16700,True,8,8,True,8,8,,,,
Psalms,137,7,Psalms 137:7 bible,False,36200,36200,True,8,8,True,8,8,,,,
Psalms,137,8,Psalms 137:8 bible,False,43700,43700,True,8,8,True,8,8,,,,
Psalms,137,9,Psalms 137:9 bible,False,63500,63500,True,8,8,True,8,8,,,,
Psalms,138,1,Psalms 138:1 bible,False,168000,168000,False,0,0,False,0,0,0.0,0.0,0.0,0.0
Psalms,138,2,Psalms 138:2 bible,False,250000,250000,True,7,7,True,7,7,,,,
Psalms,138,3,Psalms 138:3 bible,False,126000,126000,True,8,8,True,8,8,,,,
Psalms,138,4,Psalms 138:4 bible,False,43700,43700,True,8,8,True,8,8,,,,
Psalms,138,5,Psalms 138:5 bible,True,35,0,False,0,0,False,0,0,0.0,0.0,0.0,0.0
Psalms,138,6,Psalms 138:6 bible,False,77800,77800,True,8,8,True,8,8,,,,
Psalms,138,7,Psalms 138:7 bible,False,214000,214000,True,8,8,True,8,8,,,,
Psalms,138,8,Psalms 138:8 bible,False,387000,387000,True,8,8,True,8,8,,,,
Psalms,139,1,Psalms 139:1 bible,False,387000,387000,True,7,7,True,7,7,,,,
Psalms,139,2,Psalms 139:2 bible,False,124000,124000,True,8,8,True,8,8,,,,
Psalms,139,3,Psalms 139:3 bible,False,71600,71600,True,8,8,True,8,8,,,,
Psalms,139,4,Psalms 139:4 bible,False,88900,88900,True,9,9,True,9,9,,,,
Psalms,139,5,Psalms 139:5 bible,False,88300,88300,True,8,8,True,8,8,,,,
Psalms,139,6,Psalms 139:6 bible,False,42600,42600,True,8,8,True,8,8,,,,
Psalms,139,7,Psalms 139:7 bible,True,44,0,False,0,0,False,0,0,0.0,0.0,0.0,0.0
Psalms,139,8,Psalms 139:8 bible,False,67000,67000,True,9,9,True,9,9,,,,
Psalms,139,9,Psalms 139:9 bible,False,53200,53200,True,8,8,True,8,8,,,,
Psalms,139,10,Psalms 139:10 bible,False,57900,57900,False,0,0,False,0,0,0.0,0.0,0.0,0.0
Psalms,139,11,Psalms 139:11 bible,False,68200,68200,False,0,0,False,0,0,0.0,0.0,0.0,0.0
Psalms,139,12,Psalms 139:12 bible,False,58700,58700,True,8,8,True,8,8,,,,
Psalms,139,13,Psalms 139:13 bible,False,590000,590000,False,0,0,False,0,0,0.0,0.0,0.0,0.0
Psalms,139,14,Psalms 139:14 bible,False,396000,396000,True,7,7,True,7,7,,,,
Psalms,139,15,Psalms 139:15 bible,False,86900,86900,True,8,8,True,8,8,,,,
Psalms,139,16,Psalms 139:16 bible,False,232000,232000,True,7,7,True,7,7,,,,
Psalms,139,17,Psalms 139:17 bible,False,188000,188000,True,6,6,True,6,6,,,,
Psalms,139,18,Psalms 139:18 bible,False,40400,40400,False,0,0,False,0,0,0.0,0.0,0.0,0.0
Psalms,139,19,Psalms 139:19 bible,False,44700,44700,True,8,8,True,8,8,,,,
Psalms,139,20,Psalms 139:20 bible,False,17000,17000,True,8,8,True,8,8,,,,
Psalms,139,21,Psalms 139:21 bible,True,39,0,False,0,0,False,0,0,0.0,0.0,0.0,0.0
Psalms,139,22,Psalms 139:22 bible,False,13600,13600,True,8,8,True,8,8,,,,
Psalms,139,23,Psalms 139:23 bible,False,387000,387000,True,8,8,True,8,8,,,,
Psalms,139,24,Psalms 139:24 bible,True,44,44100,False,0,0,False,0,0,0.0,0.0,0.0,0.0
Psalms,140,1,Psalms 140:1 bible,False,95200,95200,True,9,8,True,9,8,,,,
Psalms,140,2,Psalms 140:2 bible,False,32600,32600,True,8,8,True,8,8,,,,
Psalms,140,3,Psalms 140:3 bible,False,37300,37300,True,8,8,True,8,8,,,,
Psalms,140,4,Psalms 140:4 bible,True,135,0,False,0,0,False,0,0,0.0,0.0,0.0,0.0
Psalms,140,5,Psalms 140:5 bible,False,34000,34000,True,8,8,True,8,8,,,,
Psalms,140,6,Psalms 140:6 bible,False,39600,39600,False,0,0,False,0,0,0.0,0.0,0.0,0.0
Psalms,140,7,Psalms 140:7 bible,False,47300,47300,True,8,8,True,8,8,,,,
Psalms,140,8,Psalms 140:8 bible,True,45,0,False,0,0,False,0,0,0.0,0.0,0.0,0.0
Psalms,140,9,Psalms 140:9 bible,False,23800,23800,True,8,8,True,8,8,,,,
Psalms,140,10,Psalms 140:10 bible,False,36700,36700,True,8,8,True,8,8,,,,
Psalms,140,11,Psalms 140:11 bible,False,27300,27300,True,8,8,True,8,8,,,,
Psalms,140,12,Psalms 140:12 bible,False,49400,49400,True,8,8,True,8,8,,,,
Psalms,140,13,Psalms 140:13 bible,False,38000,38000,True,8,8,True,8,8,,,,
Psalms,141,1,Psalms 141:1 bible,False,63600,63600,False,0,0,False,0,0,0.0,0.0,0.0,0.0
Psalms,141,2,Psalms 141:2 bible,False,134000,134000,False,0,0,False,0,0,0.0,0.0,0.0,0.0
Psalms,141,3,Psalms 141:3 bible,False,176000,176000,True,7,7,True,7,7,,,,
Psalms,141,4,Psalms 141:4 bible,False,42600,42600,False,0,0,False,0,0,0.0,0.0,0.0,0.0
Psalms,141,5,Psalms 141:5 bible,False,44600,44600,False,0,0,False,0,0,0.0,0.0,0.0,0.0
Psalms,141,6,Psalms 141:6 bible,False,14900,14900,True,9,9,True,9,9,,,,
Psalms,141,7,Psalms 141:7 bible,False,14100,14100,True,8,8,True,8,8,,,,
Psalms,141,8,Psalms 141:8 bible,False,42100,42100,True,8,8,True,8,8,,,,
Psalms,141,9,Psalms 141:9 bible,False,38900,38900,False,0,0,False,0,0,0.0,0.0,0.0,0.0
Psalms,141,10,Psalms 141:10 bible,False,28300,28300,False,0,0,False,0,0,0.0,0.0,0.0,0.0
Psalms,142,1,Psalms 142:1 bible,False,67800,67800,True,8,8,True,8,8,,,,
Psalms,142,2,Psalms 142:2 bible,False,41000,41000,True,9,9,True,9,9,,,,
Psalms,142,3,Psalms 142:3 bible,False,63800,63800,True,8,8,True,8,8,,,,
Psalms,142,4,Psalms 142:4 bible,False,49600,49600,True,8,8,True,8,8,,,,
Psalms,142,5,Psalms 142:5 bible,False,66000,66000,True,9,9,True,9,9,,,,
Psalms,142,6,Psalms 142:6 bible,False,69600,69600,True,8,8,True,8,8,,,,
Psalms,142,7,Psalms 142:7 bible,False,39900,39900,True,9,9,True,9,9,,,,
Psalms,143,1,Psalms 143:1 bible,False,103000,103000,False,0,0,False,0,0,0.0,0.0,0.0,0.0
Psalms,143,2,Psalms 143:2 bible,False,45600,45600,True,8,8,True,8,8,,,,
Psalms,143,3,Psalms 143:3 bible,False,30800,30800,True,8,8,True,8,8,,,,
Psalms,143,4,Psalms 143:4 bible,False,38900,38900,True,8,8,True,8,8,,,,
Psalms,143,5,Psalms 143:5 bible,False,61000,61000,False,0,0,False,0,0,0.0,0.0,0.0,0.0
Psalms,143,6,Psalms 143:6 bible,False,45800,45800,False,0,0,False,0,0,0.0,0.0,0.0,0.0
Psalms,143,7,Psalms 143:7 bible,True,44,62100,False,0,0,False,0,0,0.0,0.0,0.0,0.0
Psalms,143,8,Psalms 143:8 bible,False,387000,387000,True,7,7,True,7,7,,,,
Psalms,143,9,Psalms 143:9 bible,False,74600,74600,True,8,8,True,8,8,,,,
Psalms,143,10,Psalms 143:10 bible,False,211000,211000,False,0,0,False,0,0,0.0,0.0,0.0,0.0
Psalms,143,11,Psalms 143:11 bible,False,39100,39100,True,8,8,True,8,8,,,,
Psalms,143,12,Psalms 143:12 bible,False,66600,66600,False,0,0,False,0,0,0.0,0.0,0.0,0.0
Psalms,144,1,Psalms 144:1 bible,False,215000,215000,True,7,7,True,7,7,,,,
Psalms,144,2,Psalms 144:2 bible,False,63200,63200,True,7,7,True,7,7,,,,
Psalms,144,3,Psalms 144:3 bible,True,142,56400,False,0,0,False,0,0,0.0,0.0,0.0,0.0
Psalms,144,4,Psalms 144:4 bible,False,30000,30000,True,9,9,True,9,9,,,,
Psalms,144,5,Psalms 144:5 bible,False,45400,45400,True,8,8,True,8,8,,,,
Psalms,144,6,Psalms 144:6 bible,False,45700,45700,False,0,0,False,0,0,0.0,0.0,0.0,0.0
Psalms,144,7,Psalms 144:7 bible,True,141,63800,False,0,0,False,0,0,0.0,0.0,0.0,0.0
Psalms,144,8,Psalms 144:8 bible,False,28000,28000,False,0,0,False,0,0,0.0,0.0,0.0,0.0
Psalms,144,9,Psalms 144:9 bible,True,42,118000,False,0,0,False,0,0,0.0,0.0,0.0,0.0
Psalms,144,10,Psalms 144:10 bible,False,23100,23100,True,9,9,True,9,9,,,,
Psalms,144,11,Psalms 144:11 bible,False,20700,20700,True,9,9,True,9,9,,,,
Psalms,144,12,Psalms 144:12 bible,False,41800,41800,True,8,8,True,8,8,,,,
Psalms,144,13,Psalms 144:13 bible,False,34400,34400,True,8,8,True,8,8,,,,
Psalms,144,14,Psalms 144:14 bible,True,125,12100,False,0,0,False,0,0,0.0,0.0,0.0,0.0
Psalms,144,15,Psalms 144:15 bible,False,70000,70000,True,8,8,True,8,8,,,,
Psalms,145,1,Psalms 145:1 bible,False,197000,197000,True,7,7,True,7,7,,,,
Psalms,145,2,Psalms 145:2 bible,False,99900,99900,False,0,0,False,0,0,0.0,0.0,0.0,0.0
Psalms,145,3,Psalms 145:3 bible,False,166000,166000,True,8,8,True,8,8,,,,
Psalms,145,4,Psalms 145:4 bible,False,72600,72600,True,9,9,True,9,9,,,,
Psalms,145,5,Psalms 145:5 bible,False,68100,68100,True,8,8,True,8,8,,,,
Psalms,145,6,Psalms 145:6 bible,False,40100,40100,True,8,8,True,8,8,,,,
Psalms,145,7,Psalms 145:7 bible,False,48000,48000,True,8,8,True,8,8,,,,
Psalms,145,8,Psalms 145:8 bible,True,56,0,False,0,0,False,0,0,0.0,0.0,0.0,0.0
Psalms,145,9,Psalms 145:9 bible,False,195000,195000,True,7,7,True,7,7,,,,
Psalms,145,10,Psalms 145:10 bible,False,86500,86500,False,0,0,False,0,0,0.0,0.0,0.0,0.0
Psalms,145,11,Psalms 145:11 bible,False,42000,42000,True,9,9,True,9,9,,,,
Psalms,145,12,Psalms 145:12 bible,False,27400,27400,True,9,9,True,9,9,,,,
Psalms,145,13,Psalms 145:13 bible,False,132000,132000,True,8,8,True,8,8,,,,
Psalms,145,14,Psalms 145:14 bible,False,108000,108000,True,8,8,True,8,8,,,,
Psalms,145,15,Psalms 145:15 bible,False,78100,78100,True,8,8,True,8,8,,,,
Psalms,145,16,Psalms 145:16 bible,False,68700,68700,True,8,8,True,8,8,,,,
Psalms,145,17,Psalms 145:17 bible,False,134000,134000,True,8,8,True,8,8,,,,
Psalms,145,18,Psalms 145:18 bible,False,386000,386000,True,7,7,True,7,7,,,,
Psalms,145,19,Psalms 145:19 bible,False,77600,77600,True,8,8,True,8,8,,,,
Psalms,145,20,Psalms 145:20 bible,False,67600,67600,True,8,8,True,8,8,,,,
Psalms,145,21,Psalms 145:21 bible,False,60200,60200,True,8,8,True,8,8,,,,
Psalms,146,1,Psalms 146:1 bible,False,150000,150000,True,7,7,True,7,7,,,,
Psalms,146,2,Psalms 146:2 bible,False,101000,101000,False,0,0,False,0,0,0.0,0.0,0.0,0.0
Psalms,146,3,Psalms 146:3 bible,False,136000,136000,True,9,9,True,9,9,,,,
Psalms,146,4,Psalms 146:4 bible,False,85700,85700,True,9,9,True,9,9,,,,
Psalms,146,5,Psalms 146:5 bible,True,139,0,False,0,0,False,0,0,0.0,0.0,0.0,0.0
Psalms,146,6,Psalms 146:6 bible,False,62300,62300,False,0,0,False,0,0,0.0,0.0,0.0,0.0
Psalms,146,7,Psalms 146:7 bible,False,77700,77700,True,8,8,True,8,8,,,,
Psalms,146,8,Psalms 146:8 bible,False,75800,75800,True,9,9,True,9,9,,,,
Psalms,146,9,Psalms 146:9 bible,True,45,48100,False,0,0,False,0,0,0.0,0.0,0.0,0.0
Psalms,146,10,Psalms 146:10 bible,False,33300,33300,False,0,0,False,0,0,0.0,0.0,0.0,0.0
Psalms,147,1,Psalms 147:1 bible,False,168000,168000,True,8,8,True,8,8,,,,
Psalms,147,2,Psalms 147:2 bible,True,40,0,False,0,0,False,0,0,0.0,0.0,0.0,0.0
Psalms,147,3,Psalms 147:3 bible,False,391000,391000,True,7,7,True,7,7,,,,
Psalms,147,4,Psalms 147:4 bible,False,99400,99400,True,8,8,True,8,8,,,,
Psalms,147,5,Psalms 147:5 bible,False,151000,151000,True,8,8,True,8,8,,,,
Psalms,147,6,Psalms 147:6 bible,False,42600,42600,True,8,8,True,8,8,,,,
Psalms,147,7,Psalms 147:7 bible,False,72600,72600,True,9,9,True,9,9,,,,
Psalms,147,8,Psalms 147:8 bible,False,57600,57600,False,0,0,False,0,0,0.0,0.0,0.0,0.0
Psalms,147,9,Psalms 147:9 bible,False,44100,44100,True,9,9,True,9,9,,,,
Psalms,147,10,Psalms 147:10 bible,False,58200,58200,True,8,8,True,8,8,,,,
Psalms,147,11,Psalms 147:11 bible,False,129000,129000,False,0,0,False,0,0,0.0,0.0,0.0,0.0
Psalms,147,12,Psalms 147:12 bible,False,49300,49300,True,8,8,True,8,8,,,,
Psalms,147,13,Psalms 147:13 bible,False,27500,27500,True,8,8,True,8,8,,,,
Psalms,147,14,Psalms 147:14 bible,False,45300,45300,False,0,0,False,0,0,0.0,0.0,0.0,0.0
Psalms,147,15,Psalms 147:15 bible,False,45000,45000,True,8,8,True,8,8,,,,
Psalms,147,16,Psalms 147:16 bible,False,24000,24000,True,9,9,True,9,9,,,,
Psalms,147,17,Psalms 147:17 bible,False,12700,12700,False,0,0,False,0,0,0.0,0.0,0.0,0.0
Psalms,147,18,Psalms 147:18 bible,False,17400,17400,True,9,9,True,9,9,,,,
Psalms,147,19,Psalms 147:19 bible,True,134,0,False,0,0,False,0,0,0.0,0.0,0.0,0.0
Psalms,147,20,Psalms 147:20 bible,False,24500,24500,True,9,9,True,9,9,,,,
Psalms,148,1,Psalms 148:1 bible,False,151000,151000,False,0,0,False,0,0,0.0,0.0,0.0,0.0
Psalms,148,2,Psalms 148:2 bible,False,43500,43500,True,8,8,True,8,8,,,,
Psalms,148,3,Psalms 148:3 bible,False,55800,55800,True,9,8,True,9,8,,,,
Psalms,148,4,Psalms 148:4 bible,False,35000,35000,True,8,8,True,8,8,,,,
Psalms,148,5,Psalms 148:5 bible,False,62000,62000,True,8,8,True,8,8,,,,
Psalms,148,6,Psalms 148:6 bible,False,19600,19600,True,8,8,True,8,8,,,,
Psalms,148,7,Psalms 148:7 bible,False,41600,41600,True,9,9,True,9,9,,,,
Psalms,148,8,Psalms 148:8 bible,False,39300,39300,True,8,8,True,8,8,,,,
Psalms,148,9,Psalms 148:9 bible,True,39,0,False,0,0,False,0,0,0.0,0.0,0.0,0.0
Psalms,148,10,Psalms 148:10 bible,True,42,0,False,0,0,False,0,0,0.0,0.0,0.0,0.0
Psalms,148,11,Psalms 148:11 bible,False,14100,14100,True,8,8,True,8,8,,,,
Psalms,148,12,Psalms 148:12 bible,False,18100,18100,True,8,8,True,8,8,,,,
Psalms,148,13,Psalms 148:13 bible,False,68200,68200,False,0,0,False,0,0,0.0,0.0,0.0,0.0
Psalms,148,14,Psalms 148:14 bible,False,41700,41700,False,0,0,False,0,0,0.0,0.0,0.0,0.0
Psalms,149,1,Psalms 149:1 bible,False,134000,134000,False,0,0,False,0,0,0.0,0.0,0.0,0.0
Psalms,149,2,Psalms 149:2 bible,False,38500,38500,False,0,0,False,0,0,0.0,0.0,0.0,0.0
Psalms,149,3,Psalms 149:3 bible,False,95200,95200,True,8,8,True,8,8,,,,
Psalms,149,4,Psalms 149:4 bible,False,105000,105000,True,8,8,True,8,8,,,,
Psalms,149,5,Psalms 149:5 bible,False,58500,58500,True,8,8,True,8,8,,,,
Psalms,149,6,Psalms 149:6 bible,True,137,89900,False,0,0,False,0,0,0.0,0.0,0.0,0.0
Psalms,149,7,Psalms 149:7 bible,False,16100,16100,True,9,9,True,9,9,,,,
Psalms,149,8,Psalms 149:8 bible,False,19000,19000,True,8,8,True,8,8,,,,
Psalms,149,9,Psalms 149:9 bible,False,38600,38600,False,0,0,False,0,0,0.0,0.0,0.0,0.0
Psalms,150,1,Psalms 150:1 bible,False,235000,235000,False,0,0,False,0,0,0.0,0.0,0.0,0.0
Psalms,150,2,Psalms 150:2 bible,False,69500,69500,True,7,7,True,7,7,,,,
Psalms,150,3,Psalms 150:3 bible,False,70600,70600,True,8,8,True,8,8,,,,
Psalms,150,4,Psalms 150:4 bible,False,57700,57700,False,0,0,False,0,0,0.0,0.0,0.0,0.0
Psalms,150,5,Psalms 150:5 bible,False,25700,25700,True,8,8,True,8,8,,,,
Psalms,150,6,Psalms 150:6 bible,False,388000,388000,True,8,8,True,8,8,,,,
